date,product,region,customers,sales,profit
2024-01-01,Product A,North,142,68049.92,15063.52
2024-01-01,Product A,South,60,28185.92,3953.99
2024-01-01,Product A,East,114,55146.53,7641.8
2024-01-01,Product A,West,170,102324.69,12552.78
2024-01-01,Product B,North,41,25123.43,3017.36
2024-01-01,Product B,South,60,32790.29,6567.0
2024-01-01,Product B,East,97,53078.06,8378.89
2024-01-01,Product B,West,98,79292.38,13636.86
2024-01-01,Product C,North,54,25707.14,3752.15
2024-01-01,Product C,South,94,35396.74,8772.02
2024-01-01,Product C,East,170,86081.06,15371.06
2024-01-01,Product C,West,57,32381.28,7880.15
2024-01-01,Product D,North,99,45739.4,5583.67
2024-01-01,Product D,South,169,91381.97,19094.29
2024-01-01,Product D,East,150,102340.28,23365.86
2024-01-01,Product D,West,74,57457.03,13686.94
2024-01-02,Product A,North,89,40202.69,7542.38
2024-01-02,Product A,South,145,71316.53,13821.22
2024-01-02,Product A,East,83,50805.44,6681.12
2024-01-02,Product A,West,79,50310.33,11560.78
2024-01-02,Product B,North,121,86640.1,21268.69
2024-01-02,Product B,South,163,96054.86,14973.02
2024-01-02,Product B,East,54,31832.5,5034.42
2024-01-02,Product B,West,102,68487.09,15478.77
2024-01-02,Product C,North,120,55079.71,10948.46
2024-01-02,Product C,South,80,32425.74,7747.96
2024-01-02,Product C,East,111,50621.09,8514.79
2024-01-02,Product C,West,101,53450.1,8673.55
2024-01-02,Product D,North,138,66684.27,12867.51
2024-01-02,Product D,South,140,73212.89,18033.99
2024-01-02,Product D,East,170,111204.95,24490.19
2024-01-02,Product D,West,142,110203.15,13803.65
2024-01-03,Product A,North,54,26881.39,3930.69
2024-01-03,Product A,South,135,56491.44,11452.7
2024-01-03,Product A,East,91,60299.17,8328.1
2024-01-03,Product A,West,68,44818.71,6711.32
2024-01-03,Product B,North,110,62209.14,14983.74
2024-01-03,Product B,South,84,43876.35,6951.43
2024-01-03,Product B,East,173,106028.1,18464.4
2024-01-03,Product B,West,114,84584.59,13716.65
2024-01-03,Product C,North,131,59356.13,9222.59
2024-01-03,Product C,South,66,24919.93,4374.05
2024-01-03,Product C,East,155,68101.53,9629.91
2024-01-03,Product C,West,176,86542.28,15839.65
2024-01-03,Product D,North,90,46263.8,6563.81
2024-01-03,Product D,South,135,62939.01,12119.11
2024-01-03,Product D,East,152,96764.4,14717.27
2024-01-03,Product D,West,78,53921.86,9956.26
2024-01-04,Product A,North,152,74070.69,12211.24
2024-01-04,Product A,South,168,75865.94,11466.61
2024-01-04,Product A,East,169,78552.05,15072.26
2024-01-04,Product A,West,107,75566.67,9862.28
2024-01-04,Product B,North,162,103921.18,18824.19
2024-01-04,Product B,South,137,71041.79,14375.94
2024-01-04,Product B,East,178,129174.38,18031.88
2024-01-04,Product B,West,109,86184.79,18138.08
2024-01-04,Product C,North,42,20496.4,2503.77
2024-01-04,Product C,South,135,55816.46,7395.85
2024-01-04,Product C,East,167,90702.98,18851.68
2024-01-04,Product C,West,81,43703.68,6709.93
2024-01-04,Product D,North,129,71756.97,11043.96
2024-01-04,Product D,South,168,86557.4,11434.52
2024-01-04,Product D,East,179,123541.27,17855.66
2024-01-04,Product D,West,138,97022.96,20476.36
2024-01-05,Product A,North,170,84129.69,19804.98
2024-01-05,Product A,South,155,76670.39,10039.08
2024-01-05,Product A,East,143,85237.96,10284.64
2024-01-05,Product A,West,167,99679.14,15918.49
2024-01-05,Product B,North,93,57200.74,8172.29
2024-01-05,Product B,South,107,58451.48,8816.96
2024-01-05,Product B,East,60,40382.2,8752.53
2024-01-05,Product B,West,167,115574.1,22407.52
2024-01-05,Product C,North,154,59300.9,11663.49
2024-01-05,Product C,South,148,60644.53,11114.72
2024-01-05,Product C,East,47,25518.6,4729.69
2024-01-05,Product C,West,67,37604.32,7782.59
2024-01-05,Product D,North,100,68116.49,14979.63
2024-01-05,Product D,South,56,28007.39,6982.01
2024-01-05,Product D,East,85,53482.25,6525.33
2024-01-05,Product D,West,63,46376.92,7559.32
2024-01-06,Product A,North,85,35355.84,6012.71
2024-01-06,Product A,South,106,43731.46,6211.36
2024-01-06,Product A,East,64,34549.64,8323.08
2024-01-06,Product A,West,63,33074.4,4867.21
2024-01-06,Product B,North,125,57973.87,9182.35
2024-01-06,Product B,South,56,24533.84,5650.81
2024-01-06,Product B,East,176,96778.5,15307.16
2024-01-06,Product B,West,65,46730.54,10529.08
2024-01-06,Product C,North,52,17269.8,2231.64
2024-01-06,Product C,South,154,52856.97,8665.34
2024-01-06,Product C,East,131,48364.56,10029.04
2024-01-06,Product C,West,90,47873.35,8642.47
2024-01-06,Product D,North,102,46823.51,5855.21
2024-01-06,Product D,South,54,24171.29,4032.37
2024-01-06,Product D,East,140,85972.51,12728.81
2024-01-06,Product D,West,44,26378.67,4733.51
2024-01-07,Product A,North,45,19540.83,3718.28
2024-01-07,Product A,South,94,34695.25,4787.46
2024-01-07,Product A,East,52,25651.39,4523.82
2024-01-07,Product A,West,97,50419.85,6564.63
2024-01-07,Product B,North,156,80115.17,16784.53
2024-01-07,Product B,South,168,73519.06,10478.54
2024-01-07,Product B,East,40,20923.76,2766.19
2024-01-07,Product B,West,128,80791.01,16628.86
2024-01-07,Product C,North,156,58615.24,12041.0
2024-01-07,Product C,South,108,42166.18,8413.15
2024-01-07,Product C,East,115,44031.55,5971.62
2024-01-07,Product C,West,68,31832.53,4300.24
2024-01-07,Product D,North,108,50246.33,12427.75
2024-01-07,Product D,South,124,50547.39,9176.95
2024-01-07,Product D,East,72,46068.68,5816.06
2024-01-07,Product D,West,108,61688.66,14513.4
2024-01-08,Product A,North,177,90745.15,20993.32
2024-01-08,Product A,South,108,58917.76,12308.82
2024-01-08,Product A,East,55,32790.21,4047.84
2024-01-08,Product A,West,167,101409.26,20558.95
2024-01-08,Product B,North,123,63886.89,13009.13
2024-01-08,Product B,South,140,85060.93,17128.9
2024-01-08,Product B,East,104,74884.0,9679.1
2024-01-08,Product B,West,47,34183.69,5814.7
2024-01-08,Product C,North,129,50411.23,9300.11
2024-01-08,Product C,South,97,35368.37,7447.72
2024-01-08,Product C,East,114,58511.69,13133.1
2024-01-08,Product C,West,177,100430.51,17580.48
2024-01-08,Product D,North,138,66384.66,14666.61
2024-01-08,Product D,South,76,34645.59,5232.09
2024-01-08,Product D,East,52,31250.81,5284.66
2024-01-08,Product D,West,152,113397.31,21055.93
2024-01-09,Product A,North,151,67699.76,9003.93
2024-01-09,Product A,South,139,59683.15,7246.06
2024-01-09,Product A,East,115,69777.46,14512.32
2024-01-09,Product A,West,91,57611.74,11208.19
2024-01-09,Product B,North,150,100359.91,14818.61
2024-01-09,Product B,South,92,59545.02,13272.9
2024-01-09,Product B,East,96,77606.65,19085.4
2024-01-09,Product B,West,48,38025.44,8327.43
2024-01-09,Product C,North,46,17699.08,3036.54
2024-01-09,Product C,South,66,25036.91,5303.11
2024-01-09,Product C,East,44,19218.7,3758.6
2024-01-09,Product C,West,148,80953.35,13615.02
2024-01-09,Product D,North,110,58342.6,12895.41
2024-01-09,Product D,South,130,64715.21,9858.34
2024-01-09,Product D,East,58,37477.02,4552.56
2024-01-09,Product D,West,165,106754.62,13591.94
2024-01-10,Product A,North,100,53560.48,11169.24
2024-01-10,Product A,South,131,64011.15,15688.01
2024-01-10,Product A,East,152,90057.4,15915.27
2024-01-10,Product A,West,97,57983.59,7049.65
2024-01-10,Product B,North,100,60225.14,14466.3
2024-01-10,Product B,South,59,32407.14,4206.66
2024-01-10,Product B,East,86,67930.55,12165.71
2024-01-10,Product B,West,156,129215.67,27212.85
2024-01-10,Product C,North,42,18146.16,3640.43
2024-01-10,Product C,South,47,19879.62,2824.07
2024-01-10,Product C,East,129,57671.82,8914.44
2024-01-10,Product C,West,140,72878.02,17976.92
2024-01-10,Product D,North,85,54413.81,13031.72
2024-01-10,Product D,South,49,21434.44,5171.16
2024-01-10,Product D,East,148,93636.01,20701.83
2024-01-10,Product D,West,50,31958.58,6303.41
2024-01-11,Product A,North,102,57279.23,11111.06
2024-01-11,Product A,South,137,61488.85,7673.0
2024-01-11,Product A,East,168,102048.63,22194.39
2024-01-11,Product A,West,42,31118.69,5981.2
2024-01-11,Product B,North,92,55337.18,7569.61
2024-01-11,Product B,South,90,43579.24,6785.95
2024-01-11,Product B,East,43,32244.48,6460.4
2024-01-11,Product B,West,131,91934.72,14243.21
2024-01-11,Product C,North,78,34746.77,7658.24
2024-01-11,Product C,South,162,74150.44,11864.89
2024-01-11,Product C,East,93,48283.95,8807.28
2024-01-11,Product C,West,124,75007.42,15235.28
2024-01-11,Product D,North,114,62233.67,7585.71
2024-01-11,Product D,South,77,38117.9,7587.42
2024-01-11,Product D,East,121,71244.16,16923.38
2024-01-11,Product D,West,91,53834.37,10291.41
2024-01-12,Product A,North,118,68738.74,15954.76
2024-01-12,Product A,South,172,70972.76,15865.35
2024-01-12,Product A,East,177,104782.65,16091.66
2024-01-12,Product A,West,108,74009.58,18310.28
2024-01-12,Product B,North,92,51672.48,10094.45
2024-01-12,Product B,South,154,81588.51,15489.11
2024-01-12,Product B,East,119,77179.71,12729.77
2024-01-12,Product B,West,135,108436.71,19693.73
2024-01-12,Product C,North,132,58177.76,8674.33
2024-01-12,Product C,South,60,24324.04,3453.08
2024-01-12,Product C,East,131,64750.8,12388.96
2024-01-12,Product C,West,172,93607.81,16840.16
2024-01-12,Product D,North,129,66003.9,8712.37
2024-01-12,Product D,South,86,39806.52,8026.07
2024-01-12,Product D,East,95,61379.56,13798.5
2024-01-12,Product D,West,152,105810.87,20913.11
2024-01-13,Product A,North,86,36935.66,7400.91
2024-01-13,Product A,South,117,37726.55,6795.67
2024-01-13,Product A,East,148,77135.99,17724.1
2024-01-13,Product A,West,146,75114.48,14209.76
2024-01-13,Product B,North,57,33699.37,5106.17
2024-01-13,Product B,South,158,60208.2,10178.01
2024-01-13,Product B,East,78,43256.58,7032.42
2024-01-13,Product B,West,83,51811.69,7788.24
2024-01-13,Product C,North,52,22030.16,4903.74
2024-01-13,Product C,South,148,53227.11,9705.73
2024-01-13,Product C,East,150,66458.52,13042.46
2024-01-13,Product C,West,122,64424.63,10903.25
2024-01-13,Product D,North,140,75180.04,14600.05
2024-01-13,Product D,South,98,38142.17,9468.68
2024-01-13,Product D,East,160,86313.49,12072.81
2024-01-13,Product D,West,151,89438.37,12600.84
2024-01-14,Product A,North,114,50882.99,12174.34
2024-01-14,Product A,South,118,50146.38,11344.08
2024-01-14,Product A,East,152,88000.63,19950.8
2024-01-14,Product A,West,118,64544.74,12234.76
2024-01-14,Product B,North,65,36899.73,5325.21
2024-01-14,Product B,South,157,70094.27,14889.69
2024-01-14,Product B,East,59,34527.3,6884.07
2024-01-14,Product B,West,103,66344.41,8714.19
2024-01-14,Product C,North,165,61413.83,11621.75
2024-01-14,Product C,South,173,52615.97,8616.32
2024-01-14,Product C,East,49,24453.8,3575.76
2024-01-14,Product C,West,169,91592.33,12037.33
2024-01-14,Product D,North,102,53763.69,10614.73
2024-01-14,Product D,South,77,35629.17,6183.06
2024-01-14,Product D,East,133,70747.5,17070.09
2024-01-14,Product D,West,176,119358.81,17504.0
2024-01-15,Product A,North,74,38981.21,4921.47
2024-01-15,Product A,South,132,63417.68,8762.45
2024-01-15,Product A,East,144,91218.14,20730.9
2024-01-15,Product A,West,44,30010.62,4520.8
2024-01-15,Product B,North,117,60013.16,14045.24
2024-01-15,Product B,South,128,73838.88,15416.65
2024-01-15,Product B,East,111,66557.3,11990.19
2024-01-15,Product B,West,136,97365.84,21146.81
2024-01-15,Product C,North,92,41362.88,5592.13
2024-01-15,Product C,South,173,72944.22,11909.31
2024-01-15,Product C,East,81,42218.23,8469.38
2024-01-15,Product C,West,77,41062.0,8943.81
2024-01-15,Product D,North,72,41352.2,9061.08
2024-01-15,Product D,South,162,80079.88,17465.63
2024-01-15,Product D,East,157,113721.68,15862.95
2024-01-15,Product D,West,86,59205.97,10252.35
2024-01-16,Product A,North,169,88138.9,17056.29
2024-01-16,Product A,South,65,30114.19,4599.46
2024-01-16,Product A,East,108,58543.36,10249.04
2024-01-16,Product A,West,129,79347.32,19293.05
2024-01-16,Product B,North,179,109377.2,23449.64
2024-01-16,Product B,South,139,75372.93,18047.11
2024-01-16,Product B,East,172,125664.36,17571.66
2024-01-16,Product B,West,131,105874.78,17858.6
2024-01-16,Product C,North,176,87773.91,21194.57
2024-01-16,Product C,South,50,19091.11,3409.85
2024-01-16,Product C,East,85,41068.18,5922.92
2024-01-16,Product C,West,96,50976.84,8318.35
2024-01-16,Product D,North,94,56123.97,9502.33
2024-01-16,Product D,South,92,42245.76,6910.38
2024-01-16,Product D,East,96,67505.75,16173.11
2024-01-16,Product D,West,169,98476.0,17778.96
2024-01-17,Product A,North,130,59660.18,10668.26
2024-01-17,Product A,South,64,29419.52,5436.37
2024-01-17,Product A,East,127,82516.4,12879.68
2024-01-17,Product A,West,153,94190.43,19427.71
2024-01-17,Product B,North,120,70313.56,17549.82
2024-01-17,Product B,South,88,48923.74,7776.3
2024-01-17,Product B,East,162,111325.72,20135.5
2024-01-17,Product B,West,88,75074.43,9365.65
2024-01-17,Product C,North,69,31335.82,4958.14
2024-01-17,Product C,South,154,67188.85,12021.94
2024-01-17,Product C,East,152,85230.9,11947.77
2024-01-17,Product C,West,168,77667.45,12696.08
2024-01-17,Product D,North,94,53290.46,8270.51
2024-01-17,Product D,South,149,80195.33,15113.23
2024-01-17,Product D,East,126,81435.38,15613.11
2024-01-17,Product D,West,106,82258.47,12342.04
2024-01-18,Product A,North,111,58496.95,8377.4
2024-01-18,Product A,South,136,63331.82,12183.38
2024-01-18,Product A,East,47,27717.73,5928.67
2024-01-18,Product A,West,159,100804.11,22669.89
2024-01-18,Product B,North,94,51101.0,12062.25
2024-01-18,Product B,South,86,55420.11,11151.58
2024-01-18,Product B,East,50,34045.06,6697.97
2024-01-18,Product B,West,179,124571.6,28400.47
2024-01-18,Product C,North,76,37146.15,6563.59
2024-01-18,Product C,South,138,45617.23,11098.62
2024-01-18,Product C,East,125,62073.48,12014.38
2024-01-18,Product C,West,98,55565.17,13129.59
2024-01-18,Product D,North,167,95557.02,17832.8
2024-01-18,Product D,South,48,22177.79,4222.93
2024-01-18,Product D,East,64,40222.17,9192.41
2024-01-18,Product D,West,43,29880.5,4099.48
2024-01-19,Product A,North,68,34099.58,4173.47
2024-01-19,Product A,South,167,73866.85,9994.75
2024-01-19,Product A,East,139,78685.42,13587.58
2024-01-19,Product A,West,161,105445.89,22526.02
2024-01-19,Product B,North,156,110829.95,22881.37
2024-01-19,Product B,South,177,112773.37,26938.58
2024-01-19,Product B,East,161,99165.26,24257.96
2024-01-19,Product B,West,90,65151.59,8583.32
2024-01-19,Product C,North,154,65247.86,10278.51
2024-01-19,Product C,South,152,54083.84,11563.08
2024-01-19,Product C,East,93,55577.19,13437.89
2024-01-19,Product C,West,108,58674.66,10730.9
2024-01-19,Product D,North,75,38976.48,8941.16
2024-01-19,Product D,South,120,62985.89,11622.64
2024-01-19,Product D,East,148,101061.48,18357.9
2024-01-19,Product D,West,112,73938.53,9594.85
2024-01-20,Product A,North,56,28315.57,5600.17
2024-01-20,Product A,South,64,24270.29,3689.87
2024-01-20,Product A,East,170,85144.66,19154.65
2024-01-20,Product A,West,88,46527.84,6410.9
2024-01-20,Product B,North,113,61601.29,8086.5
2024-01-20,Product B,South,119,66319.7,15484.52
2024-01-20,Product B,East,47,31937.22,6838.83
2024-01-20,Product B,West,64,45228.52,10738.94
2024-01-20,Product C,North,51,20021.79,2872.62
2024-01-20,Product C,South,125,43407.63,10375.01
2024-01-20,Product C,East,53,23794.58,3451.12
2024-01-20,Product C,West,111,50187.01,12357.93
2024-01-20,Product D,North,121,65881.56,13426.07
2024-01-20,Product D,South,53,18344.73,3623.36
2024-01-20,Product D,East,147,76107.31,16303.68
2024-01-20,Product D,West,147,99479.13,19340.3
2024-01-21,Product A,North,159,79397.3,12817.73
2024-01-21,Product A,South,55,22501.92,3948.78
2024-01-21,Product A,East,147,76155.83,18435.71
2024-01-21,Product A,West,162,98353.25,24561.9
2024-01-21,Product B,North,68,35008.52,6384.99
2024-01-21,Product B,South,55,29581.6,6909.61
2024-01-21,Product B,East,160,95296.44,16655.57
2024-01-21,Product B,West,172,128892.53,27737.07
2024-01-21,Product C,North,42,13598.26,3139.39
2024-01-21,Product C,South,76,25396.43,3186.54
2024-01-21,Product C,East,112,48036.81,6541.5
2024-01-21,Product C,West,76,33586.07,7463.66
2024-01-21,Product D,North,163,86564.12,21019.08
2024-01-21,Product D,South,50,21774.32,5171.06
2024-01-21,Product D,East,91,50904.47,11652.92
2024-01-21,Product D,West,93,54210.99,10788.3
2024-01-22,Product A,North,149,74619.95,11093.24
2024-01-22,Product A,South,42,19100.78,4343.65
2024-01-22,Product A,East,44,29737.65,6259.26
2024-01-22,Product A,West,42,26440.75,5977.15
2024-01-22,Product B,North,52,33464.9,6595.34
2024-01-22,Product B,South,140,70117.05,9247.97
2024-01-22,Product B,East,144,92337.7,16802.5
2024-01-22,Product B,West,115,85818.51,10693.41
2024-01-22,Product C,North,79,35791.83,5604.31
2024-01-22,Product C,South,163,67014.16,11288.5
2024-01-22,Product C,East,111,56181.37,10631.67
2024-01-22,Product C,West,76,42962.32,6385.22
2024-01-22,Product D,North,67,28063.14,5528.8
2024-01-22,Product D,South,106,51524.49,8512.63
2024-01-22,Product D,East,137,99533.62,21440.37
2024-01-22,Product D,West,119,87265.48,17941.67
2024-01-23,Product A,North,136,70401.65,11505.12
2024-01-23,Product A,South,84,39127.36,8243.01
2024-01-23,Product A,East,139,93897.39,13203.73
2024-01-23,Product A,West,84,58419.3,13631.54
2024-01-23,Product B,North,70,43835.68,7170.0
2024-01-23,Product B,South,78,45079.59,6351.66
2024-01-23,Product B,East,139,114179.66,17541.36
2024-01-23,Product B,West,52,42388.56,8486.21
2024-01-23,Product C,North,152,62918.33,10631.34
2024-01-23,Product C,South,127,52022.46,11779.36
2024-01-23,Product C,East,109,61704.38,10550.19
2024-01-23,Product C,West,118,65060.06,15690.12
2024-01-23,Product D,North,61,35989.27,4636.1
2024-01-23,Product D,South,56,30281.91,6668.92
2024-01-23,Product D,East,177,111840.26,14506.83
2024-01-23,Product D,West,89,64511.91,16045.36
2024-01-24,Product A,North,68,41874.04,8260.55
2024-01-24,Product A,South,46,20647.6,2653.87
2024-01-24,Product A,East,72,43433.1,9561.93
2024-01-24,Product A,West,97,53810.66,6464.48
2024-01-24,Product B,North,68,43564.93,9905.35
2024-01-24,Product B,South,114,71355.03,10610.5
2024-01-24,Product B,East,169,116477.4,15965.97
2024-01-24,Product B,West,120,101001.37,24767.63
2024-01-24,Product C,North,131,61062.46,14133.32
2024-01-24,Product C,South,123,50851.76,8730.6
2024-01-24,Product C,East,170,80222.38,17181.62
2024-01-24,Product C,West,103,52577.74,12243.04
2024-01-24,Product D,North,63,39530.2,7175.42
2024-01-24,Product D,South,111,56655.59,7971.55
2024-01-24,Product D,East,132,93529.68,21495.16
2024-01-24,Product D,West,170,131076.19,29306.5
2024-01-25,Product A,North,63,33997.46,7600.13
2024-01-25,Product A,South,56,28295.79,5629.44
2024-01-25,Product A,East,123,66984.88,12319.01
2024-01-25,Product A,West,102,66026.43,13515.45
2024-01-25,Product B,North,156,87893.08,21794.47
2024-01-25,Product B,South,111,73704.88,13296.2
2024-01-25,Product B,East,103,77502.06,16573.46
2024-01-25,Product B,West,50,39616.29,8333.19
2024-01-25,Product C,North,72,34959.65,4858.34
2024-01-25,Product C,South,115,49903.62,12389.38
2024-01-25,Product C,East,119,54520.73,8994.95
2024-01-25,Product C,West,136,76220.45,14276.28
2024-01-25,Product D,North,72,40492.26,6554.58
2024-01-25,Product D,South,142,81112.65,11851.51
2024-01-25,Product D,East,161,103260.72,14639.56
2024-01-25,Product D,West,88,67230.76,16384.24
2024-01-26,Product A,North,100,60964.25,14218.45
2024-01-26,Product A,South,131,64574.37,14479.17
2024-01-26,Product A,East,101,60185.53,12392.6
2024-01-26,Product A,West,171,135786.97,26841.26
2024-01-26,Product B,North,61,45446.76,8563.64
2024-01-26,Product B,South,145,78785.63,13946.55
2024-01-26,Product B,East,51,35521.49,8288.29
2024-01-26,Product B,West,161,123610.87,20120.42
2024-01-26,Product C,North,139,65784.63,11602.78
2024-01-26,Product C,South,71,29788.66,5503.92
2024-01-26,Product C,East,121,65527.12,12065.25
2024-01-26,Product C,West,74,35174.87,5229.55
2024-01-26,Product D,North,136,77510.63,18982.47
2024-01-26,Product D,South,63,34143.94,5985.92
2024-01-26,Product D,East,43,30987.66,5752.23
2024-01-26,Product D,West,89,69163.62,16095.35
2024-01-27,Product A,North,135,59226.81,10152.48
2024-01-27,Product A,South,105,43125.52,8526.09
2024-01-27,Product A,East,45,21804.61,3704.61
2024-01-27,Product A,West,57,28793.22,5819.19
2024-01-27,Product B,North,138,72249.89,14322.9
2024-01-27,Product B,South,81,44085.62,6651.67
2024-01-27,Product B,East,117,57943.79,7474.01
2024-01-27,Product B,West,80,56077.36,8531.61
2024-01-27,Product C,North,99,43084.59,8415.45
2024-01-27,Product C,South,123,37059.88,7303.9
2024-01-27,Product C,East,109,43204.26,7425.77
2024-01-27,Product C,West,44,23024.91,3736.36
2024-01-27,Product D,North,84,39338.84,9239.99
2024-01-27,Product D,South,157,66211.92,9406.63
2024-01-27,Product D,East,132,81774.3,14393.53
2024-01-27,Product D,West,59,35342.77,6942.2
2024-01-28,Product A,North,40,17102.74,2895.78
2024-01-28,Product A,South,146,53494.08,11540.4
2024-01-28,Product A,East,88,47406.14,9296.16
2024-01-28,Product A,West,173,101678.46,14922.27
2024-01-28,Product B,North,153,75194.57,10783.0
2024-01-28,Product B,South,98,50531.55,8140.65
2024-01-28,Product B,East,51,32347.94,7531.55
2024-01-28,Product B,West,77,54401.35,7515.8
2024-01-28,Product C,North,167,64853.18,9151.41
2024-01-28,Product C,South,124,43534.71,5755.6
2024-01-28,Product C,East,47,20117.33,4933.48
2024-01-28,Product C,West,73,33581.23,6918.14
2024-01-28,Product D,North,158,79951.68,14761.7
2024-01-28,Product D,South,65,30104.4,7013.05
2024-01-28,Product D,East,152,95131.07,14082.99
2024-01-28,Product D,West,92,62961.15,13014.47
2024-01-29,Product A,North,144,79038.68,19753.65
2024-01-29,Product A,South,102,46227.49,11419.7
2024-01-29,Product A,East,128,80913.25,15673.88
2024-01-29,Product A,West,107,74096.67,15157.7
2024-01-29,Product B,North,141,99303.56,22345.29
2024-01-29,Product B,South,121,63154.32,14786.06
2024-01-29,Product B,East,62,50583.07,6860.44
2024-01-29,Product B,West,93,73195.4,14959.65
2024-01-29,Product C,North,104,42530.4,8948.85
2024-01-29,Product C,South,99,35249.64,6743.43
2024-01-29,Product C,East,88,38165.07,4652.58
2024-01-29,Product C,West,50,32497.43,6449.06
2024-01-29,Product D,North,149,96753.07,17904.92
2024-01-29,Product D,South,124,69459.9,16130.91
2024-01-29,Product D,East,87,59401.83,9028.43
2024-01-29,Product D,West,54,36030.25,6170.81
2024-01-30,Product A,North,126,70885.76,17311.58
2024-01-30,Product A,South,60,30979.7,4506.03
2024-01-30,Product A,East,119,77955.06,11822.1
2024-01-30,Product A,West,90,61775.31,7897.03
2024-01-30,Product B,North,60,34343.43,4863.82
2024-01-30,Product B,South,156,89789.93,14100.03
2024-01-30,Product B,East,66,49139.14,9607.74
2024-01-30,Product B,West,145,123996.69,24717.92
2024-01-30,Product C,North,41,17812.28,2419.71
2024-01-30,Product C,South,46,16499.17,3440.82
2024-01-30,Product C,East,113,56755.22,8989.24
2024-01-30,Product C,West,81,48117.22,11514.83
2024-01-30,Product D,North,123,80783.55,15472.43
2024-01-30,Product D,South,159,84026.21,15834.31
2024-01-30,Product D,East,86,58995.45,13362.15
2024-01-30,Product D,West,176,135610.68,30266.5
2024-01-31,Product A,North,54,25799.33,5912.74
2024-01-31,Product A,South,111,61285.97,13488.6
2024-01-31,Product A,East,88,57716.11,8987.83
2024-01-31,Product A,West,58,36828.41,8494.57
2024-01-31,Product B,North,128,84243.5,15056.82
2024-01-31,Product B,South,108,58842.88,8346.38
2024-01-31,Product B,East,147,106076.56,14049.09
2024-01-31,Product B,West,76,63575.07,12934.75
2024-01-31,Product C,North,50,21851.34,4310.87
2024-01-31,Product C,South,41,15029.4,2339.93
2024-01-31,Product C,East,46,22642.15,3977.45
2024-01-31,Product C,West,63,40746.04,5569.63
2024-01-31,Product D,North,58,29804.42,7085.05
2024-01-31,Product D,South,148,85446.26,11135.74
2024-01-31,Product D,East,136,80499.39,13500.09
2024-01-31,Product D,West,109,90856.26,15095.72
2024-02-01,Product A,North,52,26338.56,5901.06
2024-02-01,Product A,South,66,32117.56,6526.99
2024-02-01,Product A,East,47,29918.32,5663.08
2024-02-01,Product A,West,164,117919.08,21153.7
2024-02-01,Product B,North,125,85385.81,18356.63
2024-02-01,Product B,South,69,46443.17,7587.14
2024-02-01,Product B,East,83,68245.5,9701.93
2024-02-01,Product B,West,145,123803.87,16412.42
2024-02-01,Product C,North,160,59635.78,8085.29
2024-02-01,Product C,South,154,60992.15,8527.56
2024-02-01,Product C,East,44,24798.98,3761.39
2024-02-01,Product C,West,69,41950.85,7875.2
2024-02-01,Product D,North,71,42565.84,9435.3
2024-02-01,Product D,South,75,39551.38,6304.75
2024-02-01,Product D,East,153,94711.91,15629.53
2024-02-01,Product D,West,114,74129.06,16848.59
2024-02-02,Product A,North,94,52617.46,10244.43
2024-02-02,Product A,South,99,46101.91,10635.03
2024-02-02,Product A,East,51,30579.59,7159.8
2024-02-02,Product A,West,173,127753.44,17676.75
2024-02-02,Product B,North,46,28617.25,4933.25
2024-02-02,Product B,South,105,60117.11,8415.97
2024-02-02,Product B,East,59,46502.26,9057.3
2024-02-02,Product B,West,93,76103.88,12236.33
2024-02-02,Product C,North,134,73682.16,16167.73
2024-02-02,Product C,South,164,66164.58,10670.96
2024-02-02,Product C,East,173,88660.01,11424.94
2024-02-02,Product C,West,64,33826.92,5081.87
2024-02-02,Product D,North,51,30142.69,4838.99
2024-02-02,Product D,South,117,65024.75,15208.88
2024-02-02,Product D,East,99,67936.34,11374.16
2024-02-02,Product D,West,70,51048.85,6533.0
2024-02-03,Product A,North,49,22408.01,4886.13
2024-02-03,Product A,South,95,34688.85,5503.6
2024-02-03,Product A,East,122,60905.57,8716.17
2024-02-03,Product A,West,136,83585.05,15565.62
2024-02-03,Product B,North,142,73822.45,10977.72
2024-02-03,Product B,South,91,42540.67,8731.22
2024-02-03,Product B,East,102,62538.69,12822.3
2024-02-03,Product B,West,46,35126.34,6614.84
2024-02-03,Product C,North,53,20059.07,4920.43
2024-02-03,Product C,South,169,53966.74,7414.73
2024-02-03,Product C,East,118,60512.33,8753.73
2024-02-03,Product C,West,172,89447.25,13236.07
2024-02-03,Product D,North,121,54453.49,11108.06
2024-02-03,Product D,South,91,38932.75,6018.32
2024-02-03,Product D,East,156,82151.13,13325.56
2024-02-03,Product D,West,121,76323.17,13881.84
2024-02-04,Product A,North,81,38202.59,9328.82
2024-02-04,Product A,South,56,23625.86,4858.18
2024-02-04,Product A,East,168,91407.38,13975.97
2024-02-04,Product A,West,60,34123.26,7755.1
2024-02-04,Product B,North,73,37328.88,5580.87
2024-02-04,Product B,South,126,51897.7,9725.27
2024-02-04,Product B,East,108,69213.79,14426.2
2024-02-04,Product B,West,116,91290.3,11406.07
2024-02-04,Product C,North,126,47943.36,6197.32
2024-02-04,Product C,South,56,20046.56,4898.28
2024-02-04,Product C,East,60,25381.05,6317.51
2024-02-04,Product C,West,174,69756.47,15478.93
2024-02-04,Product D,North,90,49981.94,7720.01
2024-02-04,Product D,South,77,37173.53,4860.08
2024-02-04,Product D,East,151,92360.42,15669.14
2024-02-04,Product D,West,88,61649.03,9444.86
2024-02-05,Product A,North,107,61146.61,11553.0
2024-02-05,Product A,South,153,82181.11,13304.14
2024-02-05,Product A,East,179,102845.65,18839.47
2024-02-05,Product A,West,134,90556.96,16997.53
2024-02-05,Product B,North,71,43148.3,7075.23
2024-02-05,Product B,South,98,59183.63,11334.37
2024-02-05,Product B,East,153,112735.85,26526.77
2024-02-05,Product B,West,159,126768.2,31567.06
2024-02-05,Product C,North,161,76196.01,17528.65
2024-02-05,Product C,South,57,24206.12,4906.32
2024-02-05,Product C,East,165,91112.92,20130.32
2024-02-05,Product C,West,125,76435.72,16656.44
2024-02-05,Product D,North,128,75955.44,16283.13
2024-02-05,Product D,South,66,35272.16,8658.15
2024-02-05,Product D,East,127,80522.97,17599.43
2024-02-05,Product D,West,136,87231.46,16232.63
2024-02-06,Product A,North,157,97893.13,22861.18
2024-02-06,Product A,South,150,77189.15,18064.42
2024-02-06,Product A,East,150,95494.34,21536.63
2024-02-06,Product A,West,147,90423.09,19390.33
2024-02-06,Product B,North,171,109884.13,24615.06
2024-02-06,Product B,South,49,26859.48,5815.22
2024-02-06,Product B,East,85,57770.47,9601.45
2024-02-06,Product B,West,52,43990.06,8359.45
2024-02-06,Product C,North,125,58933.25,13451.42
2024-02-06,Product C,South,53,22498.63,4892.12
2024-02-06,Product C,East,160,92851.31,21305.3
2024-02-06,Product C,West,109,67028.05,15682.19
2024-02-06,Product D,North,140,81939.49,16685.95
2024-02-06,Product D,South,177,88242.5,20755.12
2024-02-06,Product D,East,76,50708.02,8640.52
2024-02-06,Product D,West,56,40552.97,7967.29
2024-02-07,Product A,North,43,26826.19,3582.31
2024-02-07,Product A,South,94,46460.28,9820.9
2024-02-07,Product A,East,159,112786.86,25337.41
2024-02-07,Product A,West,99,72688.92,11766.45
2024-02-07,Product B,North,102,72747.93,15422.45
2024-02-07,Product B,South,139,77656.29,14540.75
2024-02-07,Product B,East,133,94403.04,12415.7
2024-02-07,Product B,West,155,107917.16,13827.48
2024-02-07,Product C,North,86,36617.92,7422.56
2024-02-07,Product C,South,86,41221.94,5580.78
2024-02-07,Product C,East,86,44503.05,8648.87
2024-02-07,Product C,West,108,68065.18,9800.15
2024-02-07,Product D,North,100,63467.43,12454.99
2024-02-07,Product D,South,120,73510.45,17705.01
2024-02-07,Product D,East,90,67254.1,15431.55
2024-02-07,Product D,West,88,64992.27,11475.91
2024-02-08,Product A,North,44,25802.29,3263.46
2024-02-08,Product A,South,78,42759.14,7890.77
2024-02-08,Product A,East,168,103296.48,24785.06
2024-02-08,Product A,West,75,47151.68,5740.36
2024-02-08,Product B,North,147,89069.69,19802.55
2024-02-08,Product B,South,177,96526.28,14995.69
2024-02-08,Product B,East,145,105183.2,14760.32
2024-02-08,Product B,West,146,126556.18,16217.53
2024-02-08,Product C,North,146,68391.34,11861.96
2024-02-08,Product C,South,46,17496.16,2296.11
2024-02-08,Product C,East,159,90974.91,22522.53
2024-02-08,Product C,West,121,65111.21,9040.4
2024-02-08,Product D,North,126,77545.52,13982.33
2024-02-08,Product D,South,128,61754.09,15013.33
2024-02-08,Product D,East,179,115776.09,16169.53
2024-02-08,Product D,West,166,121626.72,18563.36
2024-02-09,Product A,North,110,62507.42,15468.54
2024-02-09,Product A,South,100,56839.13,13176.34
2024-02-09,Product A,East,82,52373.07,9985.45
2024-02-09,Product A,West,137,91032.56,16659.92
2024-02-09,Product B,North,124,84126.9,12458.5
2024-02-09,Product B,South,113,62109.38,11185.8
2024-02-09,Product B,East,151,129026.43,20357.32
2024-02-09,Product B,West,77,61934.12,13924.8
2024-02-09,Product C,North,177,68334.29,15947.7
2024-02-09,Product C,South,166,69343.75,15158.22
2024-02-09,Product C,East,155,73377.32,17178.95
2024-02-09,Product C,West,155,90877.75,21190.44
2024-02-09,Product D,North,164,101306.63,22324.09
2024-02-09,Product D,South,105,56783.62,7295.37
2024-02-09,Product D,East,170,118559.02,21899.7
2024-02-09,Product D,West,45,36275.38,6107.01
2024-02-10,Product A,North,62,27927.5,6167.22
2024-02-10,Product A,South,90,41244.91,5998.21
2024-02-10,Product A,East,51,23345.5,5207.71
2024-02-10,Product A,West,124,73444.59,11795.6
2024-02-10,Product B,North,176,104524.0,19785.74
2024-02-10,Product B,South,81,40170.26,7157.87
2024-02-10,Product B,East,51,33819.71,5654.76
2024-02-10,Product B,West,66,42037.05,6557.68
2024-02-10,Product C,North,79,37687.89,4686.11
2024-02-10,Product C,South,47,17012.84,4018.75
2024-02-10,Product C,East,163,71031.21,15898.0
2024-02-10,Product C,West,149,79406.34,10390.35
2024-02-10,Product D,North,71,37412.97,6044.31
2024-02-10,Product D,South,168,74197.3,12933.25
2024-02-10,Product D,East,158,95949.92,15543.07
2024-02-10,Product D,West,141,85956.45,21263.2
2024-02-11,Product A,North,98,50132.58,10704.11
2024-02-11,Product A,South,165,83748.42,14176.39
2024-02-11,Product A,East,48,26135.84,5549.46
2024-02-11,Product A,West,160,103284.71,18720.54
2024-02-11,Product B,North,147,68421.38,12606.48
2024-02-11,Product B,South,170,81603.27,19125.92
2024-02-11,Product B,East,69,46427.25,10556.5
2024-02-11,Product B,West,73,47718.92,7884.71
2024-02-11,Product C,North,121,50984.59,10233.66
2024-02-11,Product C,South,56,22026.66,5052.65
2024-02-11,Product C,East,178,78184.92,9698.45
2024-02-11,Product C,West,164,85746.22,17826.9
2024-02-11,Product D,North,105,49974.28,10254.06
2024-02-11,Product D,South,40,19245.96,4403.77
2024-02-11,Product D,East,126,73127.78,17011.73
2024-02-11,Product D,West,86,52617.97,8402.58
2024-02-12,Product A,North,60,34393.15,8022.43
2024-02-12,Product A,South,78,39206.23,8819.89
2024-02-12,Product A,East,116,75106.01,17548.48
2024-02-12,Product A,West,130,94813.35,16181.67
2024-02-12,Product B,North,85,61133.34,11680.4
2024-02-12,Product B,South,74,43578.85,7567.86
2024-02-12,Product B,East,117,86211.41,15068.7
2024-02-12,Product B,West,53,43713.95,10462.93
2024-02-12,Product C,North,122,60947.9,15092.76
2024-02-12,Product C,South,102,44664.04,8606.49
2024-02-12,Product C,East,163,83964.38,19602.16
2024-02-12,Product C,West,159,99027.03,20942.15
2024-02-12,Product D,North,100,59983.36,7557.67
2024-02-12,Product D,South,159,85151.53,13360.08
2024-02-12,Product D,East,92,58675.55,12710.01
2024-02-12,Product D,West,107,74084.81,17338.89
2024-02-13,Product A,North,41,24331.81,5742.29
2024-02-13,Product A,South,166,93674.57,18866.33
2024-02-13,Product A,East,55,36933.46,4598.48
2024-02-13,Product A,West,74,48366.3,7487.63
2024-02-13,Product B,North,89,67671.33,10340.18
2024-02-13,Product B,South,140,89123.89,17634.69
2024-02-13,Product B,East,176,144405.99,33829.59
2024-02-13,Product B,West,104,89487.59,11031.0
2024-02-13,Product C,North,126,50515.44,8915.85
2024-02-13,Product C,South,86,34288.15,4727.58
2024-02-13,Product C,East,65,34064.42,8286.31
2024-02-13,Product C,West,77,43840.2,8633.04
2024-02-13,Product D,North,171,97007.71,14594.23
2024-02-13,Product D,South,115,64744.24,11873.88
2024-02-13,Product D,East,125,80959.27,14692.22
2024-02-13,Product D,West,144,101070.35,18780.35
2024-02-14,Product A,North,126,74659.98,8987.55
2024-02-14,Product A,South,100,48864.15,8865.14
2024-02-14,Product A,East,66,40491.56,9973.04
2024-02-14,Product A,West,132,86106.34,15627.12
2024-02-14,Product B,North,138,94795.7,14834.47
2024-02-14,Product B,South,95,51059.17,10049.1
2024-02-14,Product B,East,88,72911.34,14171.51
2024-02-14,Product B,West,101,79830.56,13697.61
2024-02-14,Product C,North,93,43112.45,5661.62
2024-02-14,Product C,South,80,35626.38,8064.63
2024-02-14,Product C,East,60,32670.14,7633.34
2024-02-14,Product C,West,50,24272.62,3054.25
2024-02-14,Product D,North,178,104717.74,17937.61
2024-02-14,Product D,South,147,76200.01,16374.0
2024-02-14,Product D,East,111,79231.34,15769.23
2024-02-14,Product D,West,84,66405.96,14170.75
2024-02-15,Product A,North,47,27695.41,3469.48
2024-02-15,Product A,South,123,63881.24,13367.58
2024-02-15,Product A,East,107,63558.85,10676.42
2024-02-15,Product A,West,123,70044.69,16603.52
2024-02-15,Product B,North,115,74991.94,18179.87
2024-02-15,Product B,South,68,38526.53,8022.27
2024-02-15,Product B,East,90,68187.01,13820.99
2024-02-15,Product B,West,157,130516.15,17625.67
2024-02-15,Product C,North,78,37808.57,5129.59
2024-02-15,Product C,South,41,18240.51,3445.61
2024-02-15,Product C,East,170,83543.08,10152.31
2024-02-15,Product C,West,51,30246.39,4789.68
2024-02-15,Product D,North,104,62363.4,14862.29
2024-02-15,Product D,South,101,51929.26,10002.8
2024-02-15,Product D,East,62,47039.69,8114.66
2024-02-15,Product D,West,158,116994.84,22290.96
2024-02-16,Product A,North,161,79174.14,13455.74
2024-02-16,Product A,South,118,61053.47,13353.35
2024-02-16,Product A,East,62,42028.36,7071.37
2024-02-16,Product A,West,96,57208.82,7068.99
2024-02-16,Product B,North,163,99857.2,14148.95
2024-02-16,Product B,South,46,30801.05,4267.09
2024-02-16,Product B,East,95,73988.63,12523.19
2024-02-16,Product B,West,165,113961.24,22504.9
2024-02-16,Product C,North,152,77139.72,12912.97
2024-02-16,Product C,South,155,74217.43,14504.22
2024-02-16,Product C,East,104,56473.42,7773.71
2024-02-16,Product C,West,146,88858.16,15144.83
2024-02-16,Product D,North,90,46954.74,11128.78
2024-02-16,Product D,South,164,87436.14,14702.53
2024-02-16,Product D,East,163,120660.69,23936.98
2024-02-16,Product D,West,152,112749.46,14822.75
2024-02-17,Product A,North,98,45847.55,7799.43
2024-02-17,Product A,South,61,26834.27,5108.79
2024-02-17,Product A,East,88,42910.19,6526.55
2024-02-17,Product A,West,126,75054.83,13304.02
2024-02-17,Product B,North,81,47858.84,6845.36
2024-02-17,Product B,South,124,67485.54,11102.6
2024-02-17,Product B,East,60,39262.93,6484.12
2024-02-17,Product B,West,131,96389.11,18871.83
2024-02-17,Product C,North,164,76695.2,14077.92
2024-02-17,Product C,South,56,18728.6,4035.92
2024-02-17,Product C,East,121,60728.96,12187.44
2024-02-17,Product C,West,124,71910.69,10012.7
2024-02-17,Product D,North,44,27670.69,4139.74
2024-02-17,Product D,South,103,42332.31,8343.36
2024-02-17,Product D,East,137,83519.18,19467.99
2024-02-17,Product D,West,178,131839.02,25235.56
2024-02-18,Product A,North,44,19688.14,4607.45
2024-02-18,Product A,South,51,23208.58,5710.45
2024-02-18,Product A,East,154,86226.0,15765.82
2024-02-18,Product A,West,135,79567.83,14636.59
2024-02-18,Product B,North,141,97070.67,17216.37
2024-02-18,Product B,South,121,66489.58,11811.83
2024-02-18,Product B,East,43,27805.95,6937.47
2024-02-18,Product B,West,111,87444.29,20200.95
2024-02-18,Product C,North,120,42867.19,6483.65
2024-02-18,Product C,South,102,39719.88,9328.23
2024-02-18,Product C,East,108,59207.71,14235.29
2024-02-18,Product C,West,153,78012.05,14197.39
2024-02-18,Product D,North,132,80920.42,16490.06
2024-02-18,Product D,South,74,35898.46,5291.13
2024-02-18,Product D,East,96,56826.8,11494.8
2024-02-18,Product D,West,76,47980.28,5792.97
2024-02-19,Product A,North,175,102887.53,22593.59
2024-02-19,Product A,South,74,40596.1,8109.82
2024-02-19,Product A,East,143,102857.25,16091.35
2024-02-19,Product A,West,43,28264.95,4887.68
2024-02-19,Product B,North,141,97768.11,19765.94
2024-02-19,Product B,South,73,37385.59,4515.86
2024-02-19,Product B,East,122,79552.24,10341.16
2024-02-19,Product B,West,158,134230.91,30801.92
2024-02-19,Product C,North,163,76048.59,9846.56
2024-02-19,Product C,South,52,22298.63,4608.93
2024-02-19,Product C,East,73,42512.04,10236.88
2024-02-19,Product C,West,165,92707.14,14332.69
2024-02-19,Product D,North,157,94136.84,14062.52
2024-02-19,Product D,South,52,24072.11,4777.21
2024-02-19,Product D,East,92,72488.66,10468.78
2024-02-19,Product D,West,62,45655.84,10624.18
2024-02-20,Product A,North,113,72098.36,9324.54
2024-02-20,Product A,South,153,84407.83,12783.66
2024-02-20,Product A,East,149,99204.71,19029.96
2024-02-20,Product A,West,43,31188.89,4321.97
2024-02-20,Product B,North,47,31390.27,4926.88
2024-02-20,Product B,South,121,62566.47,14208.29
2024-02-20,Product B,East,166,121359.19,18920.15
2024-02-20,Product B,West,77,64494.31,15249.32
2024-02-20,Product C,North,127,64178.34,10340.1
2024-02-20,Product C,South,178,70674.65,16076.57
2024-02-20,Product C,East,146,84232.89,13539.19
2024-02-20,Product C,West,139,79149.35,18832.48
2024-02-20,Product D,North,90,58971.35,9969.19
2024-02-20,Product D,South,99,54060.07,10933.79
2024-02-20,Product D,East,159,104614.57,16011.27
2024-02-20,Product D,West,52,41185.44,5921.02
2024-02-21,Product A,North,63,32216.03,4307.2
2024-02-21,Product A,South,179,97597.14,24392.51
2024-02-21,Product A,East,140,72475.65,16854.69
2024-02-21,Product A,West,138,96112.53,17252.29
2024-02-21,Product B,North,144,106049.02,24449.1
2024-02-21,Product B,South,55,32326.66,5438.99
2024-02-21,Product B,East,93,70115.12,14592.06
2024-02-21,Product B,West,176,151756.87,20905.74
2024-02-21,Product C,North,46,22488.42,5547.82
2024-02-21,Product C,South,67,27281.59,5803.25
2024-02-21,Product C,East,104,55286.67,9277.78
2024-02-21,Product C,West,96,59718.31,13557.86
2024-02-21,Product D,North,93,49165.79,11239.91
2024-02-21,Product D,South,85,47447.15,7185.66
2024-02-21,Product D,East,141,97798.95,18002.09
2024-02-21,Product D,West,150,106031.66,17275.9
2024-02-22,Product A,North,51,28348.8,5112.21
2024-02-22,Product A,South,161,81142.98,15212.22
2024-02-22,Product A,East,104,72533.28,15992.12
2024-02-22,Product A,West,143,94192.15,12913.5
2024-02-22,Product B,North,66,41593.73,7059.93
2024-02-22,Product B,South,173,105638.46,18657.44
2024-02-22,Product B,East,72,51810.15,10540.35
2024-02-22,Product B,West,51,45291.14,5442.91
2024-02-22,Product C,North,82,40827.93,9566.11
2024-02-22,Product C,South,90,44643.78,5494.19
2024-02-22,Product C,East,114,64178.88,10130.56
2024-02-22,Product C,West,84,54524.91,9364.15
2024-02-22,Product D,North,171,107715.55,26052.0
2024-02-22,Product D,South,118,68299.93,8726.21
2024-02-22,Product D,East,43,31731.51,4119.66
2024-02-22,Product D,West,56,43245.59,6456.55
2024-02-23,Product A,North,145,73826.58,18280.56
2024-02-23,Product A,South,143,66667.76,15855.91
2024-02-23,Product A,East,134,78232.83,12898.64
2024-02-23,Product A,West,91,68036.67,11148.1
2024-02-23,Product B,North,96,66227.52,8482.85
2024-02-23,Product B,South,153,97141.27,11755.98
2024-02-23,Product B,East,91,60833.27,13318.93
2024-02-23,Product B,West,100,79180.6,19270.92
2024-02-23,Product C,North,85,39852.14,8962.97
2024-02-23,Product C,South,117,48698.38,9304.07
2024-02-23,Product C,East,42,22625.69,3330.37
2024-02-23,Product C,West,147,78857.83,18111.63
2024-02-23,Product D,North,114,72753.31,11019.0
2024-02-23,Product D,South,109,62234.95,8349.2
2024-02-23,Product D,East,107,66119.98,11690.64
2024-02-23,Product D,West,58,46319.69,6618.73
2024-02-24,Product A,North,141,68094.89,9854.28
2024-02-24,Product A,South,154,66294.29,14264.94
2024-02-24,Product A,East,164,92975.74,20310.58
2024-02-24,Product A,West,145,86540.69,15750.15
2024-02-24,Product B,North,135,70697.59,12695.2
2024-02-24,Product B,South,120,58078.77,8197.87
2024-02-24,Product B,East,127,87311.33,17322.42
2024-02-24,Product B,West,113,83504.1,18535.8
2024-02-24,Product C,North,143,60124.04,7960.54
2024-02-24,Product C,South,140,53975.26,8201.81
2024-02-24,Product C,East,132,71846.04,9728.34
2024-02-24,Product C,West,48,23833.03,3336.5
2024-02-24,Product D,North,73,36293.13,6206.84
2024-02-24,Product D,South,156,81409.75,10114.37
2024-02-24,Product D,East,138,83892.99,13961.95
2024-02-24,Product D,West,57,39120.96,9741.8
2024-02-25,Product A,North,132,53081.4,10900.9
2024-02-25,Product A,South,153,70427.63,16711.82
2024-02-25,Product A,East,148,84414.73,12639.44
2024-02-25,Product A,West,61,38314.08,8914.92
2024-02-25,Product B,North,107,53741.54,10501.72
2024-02-25,Product B,South,138,82436.07,13389.6
2024-02-25,Product B,East,154,94155.92,22242.67
2024-02-25,Product B,West,110,70383.24,16185.36
2024-02-25,Product C,North,172,77669.7,14129.96
2024-02-25,Product C,South,155,54768.22,8027.92
2024-02-25,Product C,East,175,78062.21,18044.39
2024-02-25,Product C,West,107,49815.39,7889.83
2024-02-25,Product D,North,168,97149.9,22214.04
2024-02-25,Product D,South,63,28895.08,4791.91
2024-02-25,Product D,East,43,22271.8,3903.79
2024-02-25,Product D,West,108,72702.11,12427.49
2024-02-26,Product A,North,101,67802.78,8676.93
2024-02-26,Product A,South,109,58950.89,7492.8
2024-02-26,Product A,East,177,109133.4,13239.17
2024-02-26,Product A,West,42,28133.89,6604.59
2024-02-26,Product B,North,125,88935.12,19249.7
2024-02-26,Product B,South,126,69490.2,13846.06
2024-02-26,Product B,East,69,58660.97,13268.02
2024-02-26,Product B,West,165,128254.02,21008.7
2024-02-26,Product C,North,86,39141.95,7702.47
2024-02-26,Product C,South,55,26352.67,3431.1
2024-02-26,Product C,East,70,38888.16,6025.72
2024-02-26,Product C,West,49,25179.8,4598.91
2024-02-26,Product D,North,56,30238.05,6436.93
2024-02-26,Product D,South,140,82884.13,11050.7
2024-02-26,Product D,East,104,68965.65,16994.14
2024-02-26,Product D,West,166,133886.22,30469.27
2024-02-27,Product A,North,143,78747.9,10730.68
2024-02-27,Product A,South,165,85086.52,14022.13
2024-02-27,Product A,East,112,64983.38,16064.43
2024-02-27,Product A,West,42,26669.65,3612.5
2024-02-27,Product B,North,88,61635.15,14984.85
2024-02-27,Product B,South,104,71713.15,11514.11
2024-02-27,Product B,East,54,33784.54,8035.8
2024-02-27,Product B,West,152,129854.41,16007.82
2024-02-27,Product C,North,155,75700.92,15145.37
2024-02-27,Product C,South,171,71750.27,13823.94
2024-02-27,Product C,East,122,68792.03,13090.81
2024-02-27,Product C,West,66,45303.45,8276.68
2024-02-27,Product D,North,52,32688.48,6800.18
2024-02-27,Product D,South,41,23274.43,5429.55
2024-02-27,Product D,East,154,102824.83,16521.09
2024-02-27,Product D,West,158,122348.85,23775.68
2024-02-28,Product A,North,55,31072.6,4728.51
2024-02-28,Product A,South,111,56776.18,7195.74
2024-02-28,Product A,East,152,98110.57,14214.81
2024-02-28,Product A,West,179,123715.2,24838.06
2024-02-28,Product B,North,136,99428.62,19758.02
2024-02-28,Product B,South,159,95368.76,21161.26
2024-02-28,Product B,East,101,77028.18,16028.05
2024-02-28,Product B,West,162,130256.48,16588.96
2024-02-28,Product C,North,86,41752.24,9270.33
2024-02-28,Product C,South,174,74795.7,15123.44
2024-02-28,Product C,East,53,30774.66,6097.79
2024-02-28,Product C,West,68,42885.12,6959.53
2024-02-28,Product D,North,102,64990.81,8369.21
2024-02-28,Product D,South,56,31131.89,4153.17
2024-02-28,Product D,East,97,67898.25,14660.93
2024-02-28,Product D,West,110,78960.73,12188.05
2024-02-29,Product A,North,49,31429.65,6348.51
2024-02-29,Product A,South,63,32307.17,6635.19
2024-02-29,Product A,East,61,40498.08,5765.89
2024-02-29,Product A,West,59,38072.85,6040.17
2024-02-29,Product B,North,147,92504.9,17755.32
2024-02-29,Product B,South,92,55670.47,6789.81
2024-02-29,Product B,East,106,89216.97,15933.19
2024-02-29,Product B,West,135,95949.63,19122.85
2024-02-29,Product C,North,139,78182.94,11547.7
2024-02-29,Product C,South,87,34626.43,4185.25
2024-02-29,Product C,East,61,29765.07,3767.17
2024-02-29,Product C,West,152,101582.07,17282.13
2024-02-29,Product D,North,46,27811.64,6799.54
2024-02-29,Product D,South,112,54453.12,12479.25
2024-02-29,Product D,East,145,96640.66,19951.4
2024-02-29,Product D,West,113,92588.76,11210.79
2024-03-01,Product A,North,93,55611.26,7282.8
2024-03-01,Product A,South,150,74312.91,11416.88
2024-03-01,Product A,East,132,66425.4,16574.07
2024-03-01,Product A,West,131,96839.89,19341.63
2024-03-01,Product B,North,160,119075.82,17447.37
2024-03-01,Product B,South,78,51546.49,7520.9
2024-03-01,Product B,East,150,109633.27,17015.61
2024-03-01,Product B,West,73,58455.86,7489.86
2024-03-01,Product C,North,100,42623.3,8423.32
2024-03-01,Product C,South,55,23067.57,3011.46
2024-03-01,Product C,East,87,51007.18,8662.39
2024-03-01,Product C,West,102,59606.06,11370.04
2024-03-01,Product D,North,170,117644.55,25402.9
2024-03-01,Product D,South,47,27725.32,3573.78
2024-03-01,Product D,East,112,83885.32,13704.25
2024-03-01,Product D,West,67,49616.46,11857.51
2024-03-02,Product A,North,76,39779.9,7123.18
2024-03-02,Product A,South,97,44130.38,6720.61
2024-03-02,Product A,East,153,88246.99,11323.93
2024-03-02,Product A,West,137,83557.25,15458.96
2024-03-02,Product B,North,178,92095.24,18117.92
2024-03-02,Product B,South,174,93446.47,11896.01
2024-03-02,Product B,East,93,66543.57,8084.65
2024-03-02,Product B,West,160,106108.92,16322.82
2024-03-02,Product C,North,77,31577.81,7018.1
2024-03-02,Product C,South,131,44317.21,9144.79
2024-03-02,Product C,East,148,68400.15,15373.6
2024-03-02,Product C,West,168,94535.62,15151.69
2024-03-02,Product D,North,66,43144.8,7179.09
2024-03-02,Product D,South,102,53389.87,6938.69
2024-03-02,Product D,East,127,73120.42,17460.61
2024-03-02,Product D,West,135,96435.54,21430.53
2024-03-03,Product A,North,149,72215.37,17501.09
2024-03-03,Product A,South,136,48457.77,7822.01
2024-03-03,Product A,East,100,60072.13,11137.81
2024-03-03,Product A,West,157,78292.04,17481.29
2024-03-03,Product B,North,126,73799.41,16035.6
2024-03-03,Product B,South,96,50564.73,6154.87
2024-03-03,Product B,East,68,36781.17,7865.68
2024-03-03,Product B,West,155,102374.53,15340.59
2024-03-03,Product C,North,84,37052.09,6926.57
2024-03-03,Product C,South,72,28461.37,4692.71
2024-03-03,Product C,East,165,73230.05,9790.49
2024-03-03,Product C,West,67,30816.77,4943.95
2024-03-03,Product D,North,86,40518.03,6018.63
2024-03-03,Product D,South,111,50506.61,12536.35
2024-03-03,Product D,East,176,93572.27,17808.45
2024-03-03,Product D,West,113,63543.06,11027.42
2024-03-04,Product A,North,137,83972.93,16969.62
2024-03-04,Product A,South,87,43531.54,8651.15
2024-03-04,Product A,East,103,66601.94,16481.09
2024-03-04,Product A,West,56,41982.64,6163.59
2024-03-04,Product B,North,108,77872.91,17170.06
2024-03-04,Product B,South,142,94651.38,16517.17
2024-03-04,Product B,East,101,95580.74,19278.2
2024-03-04,Product B,West,65,50355.71,7700.67
2024-03-04,Product C,North,64,33097.75,7210.11
2024-03-04,Product C,South,132,62161.1,14096.92
2024-03-04,Product C,East,119,64120.96,10074.44
2024-03-04,Product C,West,122,71868.17,16290.92
2024-03-04,Product D,North,54,31518.55,5371.31
2024-03-04,Product D,South,167,93249.04,13656.46
2024-03-04,Product D,East,175,122729.19,23371.19
2024-03-04,Product D,West,75,62860.97,14472.52
2024-03-05,Product A,North,155,83689.07,14127.63
2024-03-05,Product A,South,84,43626.05,10845.36
2024-03-05,Product A,East,59,35182.89,5825.15
2024-03-05,Product A,West,103,69036.53,13744.7
2024-03-05,Product B,North,101,60784.05,7652.2
2024-03-05,Product B,South,146,79477.73,19138.83
2024-03-05,Product B,East,169,130133.56,15705.92
2024-03-05,Product B,West,163,162168.98,21470.9
2024-03-05,Product C,North,87,46653.19,10157.66
2024-03-05,Product C,South,78,34984.31,7279.24
2024-03-05,Product C,East,138,83127.8,17996.58
2024-03-05,Product C,West,110,74421.07,15339.89
2024-03-05,Product D,North,166,106078.95,25254.18
2024-03-05,Product D,South,170,99044.53,17462.66
2024-03-05,Product D,East,129,94015.24,19010.9
2024-03-05,Product D,West,115,96488.78,17523.3
2024-03-06,Product A,North,52,27635.01,5430.44
2024-03-06,Product A,South,96,54988.01,8324.91
2024-03-06,Product A,East,169,117908.5,21921.28
2024-03-06,Product A,West,119,83434.37,10847.0
2024-03-06,Product B,North,41,27576.26,4925.14
2024-03-06,Product B,South,101,56598.25,12650.35
2024-03-06,Product B,East,167,147984.58,30008.17
2024-03-06,Product B,West,100,101697.96,16494.04
2024-03-06,Product C,North,161,83320.55,18921.24
2024-03-06,Product C,South,113,44049.98,9076.76
2024-03-06,Product C,East,171,97604.65,21694.79
2024-03-06,Product C,West,140,84305.58,18312.78
2024-03-06,Product D,North,67,41229.22,6362.52
2024-03-06,Product D,South,164,81251.93,19036.85
2024-03-06,Product D,East,118,81139.66,16770.77
2024-03-06,Product D,West,173,135842.52,23876.77
2024-03-07,Product A,North,149,82482.64,19558.69
2024-03-07,Product A,South,143,77457.91,16009.03
2024-03-07,Product A,East,41,28402.91,6018.26
2024-03-07,Product A,West,77,57306.6,7583.92
2024-03-07,Product B,North,59,42194.15,5094.67
2024-03-07,Product B,South,130,86479.1,13092.46
2024-03-07,Product B,East,52,44764.92,8666.64
2024-03-07,Product B,West,87,70650.0,11345.37
2024-03-07,Product C,North,125,66860.72,8361.73
2024-03-07,Product C,South,138,63046.79,15256.93
2024-03-07,Product C,East,124,59805.26,7715.64
2024-03-07,Product C,West,68,36231.05,7911.95
2024-03-07,Product D,North,113,71993.51,13969.12
2024-03-07,Product D,South,126,64839.99,15604.63
2024-03-07,Product D,East,149,119081.32,24090.08
2024-03-07,Product D,West,172,118252.55,29495.98
2024-03-08,Product A,North,51,31671.57,5699.35
2024-03-08,Product A,South,53,27104.62,3440.53
2024-03-08,Product A,East,178,112411.08,26110.1
2024-03-08,Product A,West,159,122683.02,29740.81
2024-03-08,Product B,North,60,39270.75,8001.55
2024-03-08,Product B,South,128,79634.31,16271.13
2024-03-08,Product B,East,122,101559.85,17650.86
2024-03-08,Product B,West,143,127917.8,27076.12
2024-03-08,Product C,North,132,62934.88,11273.74
2024-03-08,Product C,South,59,23079.58,5652.64
2024-03-08,Product C,East,170,97884.27,22964.63
2024-03-08,Product C,West,105,64170.17,12477.18
2024-03-08,Product D,North,105,66522.49,13109.53
2024-03-08,Product D,South,82,49025.63,6214.42
2024-03-08,Product D,East,47,34393.56,5228.41
2024-03-08,Product D,West,101,83699.03,16537.33
2024-03-09,Product A,North,84,44612.73,10483.8
2024-03-09,Product A,South,112,46834.96,11691.92
2024-03-09,Product A,East,76,43170.01,10643.12
2024-03-09,Product A,West,47,30309.31,7343.96
2024-03-09,Product B,North,156,89306.67,11494.85
2024-03-09,Product B,South,158,79409.18,13616.69
2024-03-09,Product B,East,56,36797.47,4755.5
2024-03-09,Product B,West,147,100375.01,14238.73
2024-03-09,Product C,North,59,24062.39,4545.01
2024-03-09,Product C,South,76,26411.2,5776.34
2024-03-09,Product C,East,79,36155.38,7302.5
2024-03-09,Product C,West,132,65270.01,9805.24
2024-03-09,Product D,North,99,50829.27,8436.67
2024-03-09,Product D,South,52,27097.21,3472.06
2024-03-09,Product D,East,140,91577.19,12846.22
2024-03-09,Product D,West,49,36534.0,6784.95
2024-03-10,Product A,North,138,66005.61,16366.12
2024-03-10,Product A,South,96,45332.72,9654.7
2024-03-10,Product A,East,48,25590.76,4891.44
2024-03-10,Product A,West,145,80149.54,12888.35
2024-03-10,Product B,North,102,60132.1,13197.24
2024-03-10,Product B,South,79,37903.83,6378.86
2024-03-10,Product B,East,121,94537.35,18221.62
2024-03-10,Product B,West,77,54203.43,12410.96
2024-03-10,Product C,North,110,46047.7,6263.42
2024-03-10,Product C,South,78,28305.35,5067.19
2024-03-10,Product C,East,128,65112.81,15346.11
2024-03-10,Product C,West,173,89289.51,17304.71
2024-03-10,Product D,North,129,67304.4,16565.67
2024-03-10,Product D,South,111,57516.15,9684.71
2024-03-10,Product D,East,159,92865.26,13784.2
2024-03-10,Product D,West,135,83916.92,20184.21
2024-03-11,Product A,North,111,69637.82,10645.1
2024-03-11,Product A,South,177,86792.36,14560.35
2024-03-11,Product A,East,115,82567.75,18451.45
2024-03-11,Product A,West,91,65900.85,13671.75
2024-03-11,Product B,North,70,49487.57,7544.72
2024-03-11,Product B,South,171,102763.54,12340.35
2024-03-11,Product B,East,166,124615.14,21053.6
2024-03-11,Product B,West,120,103759.74,14502.12
2024-03-11,Product C,North,168,76808.96,14071.17
2024-03-11,Product C,South,148,63238.49,15354.72
2024-03-11,Product C,East,111,58650.05,13964.37
2024-03-11,Product C,West,55,31383.31,6276.13
2024-03-11,Product D,North,69,47358.78,6734.04
2024-03-11,Product D,South,133,72920.9,10688.62
2024-03-11,Product D,East,94,61226.26,12680.22
2024-03-11,Product D,West,147,121338.56,22467.76
2024-03-12,Product A,North,167,95773.3,16948.35
2024-03-12,Product A,South,150,73916.31,10413.95
2024-03-12,Product A,East,114,65547.72,8288.5
2024-03-12,Product A,West,175,121876.4,19078.1
2024-03-12,Product B,North,51,38353.91,6557.45
2024-03-12,Product B,South,178,105476.22,20451.89
2024-03-12,Product B,East,134,99400.85,20681.45
2024-03-12,Product B,West,124,112629.83,25742.51
2024-03-12,Product C,North,95,43741.39,5357.89
2024-03-12,Product C,South,93,40077.96,5265.5
2024-03-12,Product C,East,154,84604.77,20727.66
2024-03-12,Product C,West,102,61555.7,7718.77
2024-03-12,Product D,North,142,94136.09,19599.6
2024-03-12,Product D,South,67,33439.25,7699.53
2024-03-12,Product D,East,158,115579.27,19134.58
2024-03-12,Product D,West,82,77418.04,12709.73
2024-03-13,Product A,North,52,31791.25,7906.93
2024-03-13,Product A,South,138,79319.04,10985.15
2024-03-13,Product A,East,67,41132.52,9398.55
2024-03-13,Product A,West,153,98328.0,23669.71
2024-03-13,Product B,North,176,128364.14,19958.51
2024-03-13,Product B,South,158,89794.27,22075.91
2024-03-13,Product B,East,64,51526.71,8012.16
2024-03-13,Product B,West,106,96111.6,15210.11
2024-03-13,Product C,North,66,33680.93,5842.15
2024-03-13,Product C,South,134,53331.46,8873.28
2024-03-13,Product C,East,179,97806.34,20523.41
2024-03-13,Product C,West,168,106827.87,18930.7
2024-03-13,Product D,North,105,63196.01,11115.83
2024-03-13,Product D,South,155,80260.16,10882.14
2024-03-13,Product D,East,155,111461.79,17721.59
2024-03-13,Product D,West,85,56888.16,11502.27
2024-03-14,Product A,North,160,79746.46,10038.67
2024-03-14,Product A,South,147,68282.58,14700.56
2024-03-14,Product A,East,130,98527.9,23330.44
2024-03-14,Product A,West,177,134688.12,21884.57
2024-03-14,Product B,North,100,67281.5,8735.56
2024-03-14,Product B,South,76,47558.78,6440.99
2024-03-14,Product B,East,141,124740.09,15494.92
2024-03-14,Product B,West,69,62023.09,14404.9
2024-03-14,Product C,North,147,61467.46,14873.96
2024-03-14,Product C,South,161,73695.53,16446.2
2024-03-14,Product C,East,142,78938.42,13038.85
2024-03-14,Product C,West,70,44054.5,5588.73
2024-03-14,Product D,North,115,63615.39,15816.45
2024-03-14,Product D,South,168,96046.44,14682.77
2024-03-14,Product D,East,118,84701.01,14027.04
2024-03-14,Product D,West,47,40866.01,5744.92
2024-03-15,Product A,North,56,29273.74,3835.14
2024-03-15,Product A,South,120,58638.21,9768.16
2024-03-15,Product A,East,45,26550.66,3667.92
2024-03-15,Product A,West,93,67925.32,14878.69
2024-03-15,Product B,North,52,30358.39,7323.42
2024-03-15,Product B,South,45,26939.14,5611.31
2024-03-15,Product B,East,97,78638.15,9770.45
2024-03-15,Product B,West,44,43669.45,7010.44
2024-03-15,Product C,North,173,87177.18,21467.35
2024-03-15,Product C,South,56,22582.18,5434.47
2024-03-15,Product C,East,52,27403.15,5113.4
2024-03-15,Product C,West,102,58218.78,14089.1
2024-03-15,Product D,North,120,68120.85,14208.37
2024-03-15,Product D,South,161,96113.64,21949.83
2024-03-15,Product D,East,143,98214.99,23267.51
2024-03-15,Product D,West,89,59604.32,7972.89
2024-03-16,Product A,North,71,35120.92,6669.88
2024-03-16,Product A,South,151,74811.86,11087.44
2024-03-16,Product A,East,107,57682.71,13725.16
2024-03-16,Product A,West,171,104458.41,18227.34
2024-03-16,Product B,North,67,44913.29,5948.53
2024-03-16,Product B,South,175,93145.55,17261.32
2024-03-16,Product B,East,84,46222.56,7449.06
2024-03-16,Product B,West,69,47687.72,10386.94
2024-03-16,Product C,North,153,59567.12,12812.56
2024-03-16,Product C,South,165,70349.54,9781.17
2024-03-16,Product C,East,133,69332.6,12207.34
2024-03-16,Product C,West,43,22479.6,4942.29
2024-03-16,Product D,North,45,25346.44,4636.44
2024-03-16,Product D,South,135,62567.44,9739.87
2024-03-16,Product D,East,45,27197.75,4225.44
2024-03-16,Product D,West,178,118271.42,25152.78
2024-03-17,Product A,North,135,65226.96,14003.46
2024-03-17,Product A,South,172,77892.92,18027.14
2024-03-17,Product A,East,74,41000.94,9095.19
2024-03-17,Product A,West,50,31839.09,5701.5
2024-03-17,Product B,North,42,19947.93,3183.37
2024-03-17,Product B,South,112,52449.59,7529.34
2024-03-17,Product B,East,122,80676.02,14892.5
2024-03-17,Product B,West,69,54214.27,11976.89
2024-03-17,Product C,North,151,69437.18,14869.99
2024-03-17,Product C,South,97,35345.25,5806.19
2024-03-17,Product C,East,166,71839.12,10804.29
2024-03-17,Product C,West,50,26575.96,6057.18
2024-03-17,Product D,North,174,90396.01,21052.62
2024-03-17,Product D,South,115,53177.59,6629.7
2024-03-17,Product D,East,93,55496.23,6729.43
2024-03-17,Product D,West,129,76758.02,18658.21
2024-03-18,Product A,North,147,76832.7,16188.89
2024-03-18,Product A,South,116,55940.42,10830.51
2024-03-18,Product A,East,169,111888.5,21660.42
2024-03-18,Product A,West,111,74959.4,17806.73
2024-03-18,Product B,North,150,91589.93,12100.45
2024-03-18,Product B,South,82,50995.37,11460.41
2024-03-18,Product B,East,159,122008.73,16067.22
2024-03-18,Product B,West,75,63352.74,11308.95
2024-03-18,Product C,North,132,56880.55,8894.24
2024-03-18,Product C,South,53,24828.2,5408.1
2024-03-18,Product C,East,163,97183.2,17781.69
2024-03-18,Product C,West,58,37902.76,5613.88
2024-03-18,Product D,North,60,39662.79,5553.07
2024-03-18,Product D,South,64,38383.82,5944.22
2024-03-18,Product D,East,169,139153.92,17723.82
2024-03-18,Product D,West,139,101945.82,19984.34
2024-03-19,Product A,North,58,30737.68,6251.91
2024-03-19,Product A,South,139,75214.76,17689.85
2024-03-19,Product A,East,150,90971.3,15780.75
2024-03-19,Product A,West,109,73415.13,17161.91
2024-03-19,Product B,North,118,84539.42,19204.44
2024-03-19,Product B,South,121,80755.95,10166.23
2024-03-19,Product B,East,126,93469.74,19373.03
2024-03-19,Product B,West,83,78978.84,10311.47
2024-03-19,Product C,North,81,40250.89,5443.79
2024-03-19,Product C,South,167,55942.59,12252.43
2024-03-19,Product C,East,124,67216.7,12152.68
2024-03-19,Product C,West,105,67608.08,11930.59
2024-03-19,Product D,North,177,95232.32,18413.18
2024-03-19,Product D,South,55,29259.05,4277.64
2024-03-19,Product D,East,146,100313.41,13335.77
2024-03-19,Product D,West,110,83995.03,10256.3
2024-03-20,Product A,North,89,50249.73,9245.46
2024-03-20,Product A,South,104,46547.62,9531.65
2024-03-20,Product A,East,145,99169.25,18496.36
2024-03-20,Product A,West,58,45941.2,6265.19
2024-03-20,Product B,North,79,57351.18,9296.43
2024-03-20,Product B,South,144,88810.26,18187.51
2024-03-20,Product B,East,86,73917.52,9302.49
2024-03-20,Product B,West,80,70623.79,17627.57
2024-03-20,Product C,North,128,61363.9,11075.8
2024-03-20,Product C,South,49,22418.97,2928.09
2024-03-20,Product C,East,59,37128.25,7703.0
2024-03-20,Product C,West,169,102211.56,21085.96
2024-03-20,Product D,North,117,81239.54,16001.12
2024-03-20,Product D,South,123,67504.85,13049.33
2024-03-20,Product D,East,63,48334.25,11077.08
2024-03-20,Product D,West,167,109513.5,25428.07
2024-03-21,Product A,North,75,37555.89,8595.76
2024-03-21,Product A,South,57,31496.47,6159.3
2024-03-21,Product A,East,148,90782.72,18704.73
2024-03-21,Product A,West,143,96728.73,13214.18
2024-03-21,Product B,North,179,134748.01,25919.48
2024-03-21,Product B,South,85,47428.86,6521.23
2024-03-21,Product B,East,83,65338.83,12078.94
2024-03-21,Product B,West,44,40286.65,5376.11
2024-03-21,Product C,North,155,67448.89,10713.7
2024-03-21,Product C,South,82,38653.44,4638.57
2024-03-21,Product C,East,70,41099.0,5723.79
2024-03-21,Product C,West,71,36693.41,8463.32
2024-03-21,Product D,North,74,47170.24,10641.3
2024-03-21,Product D,South,134,81754.22,13848.94
2024-03-21,Product D,East,108,69686.47,9222.69
2024-03-21,Product D,West,126,94683.93,12359.57
2024-03-22,Product A,North,93,59445.23,13884.65
2024-03-22,Product A,South,138,57107.26,13469.97
2024-03-22,Product A,East,166,99004.53,17063.58
2024-03-22,Product A,West,123,80667.78,16834.15
2024-03-22,Product B,North,68,43146.79,9319.96
2024-03-22,Product B,South,147,101478.94,21325.28
2024-03-22,Product B,East,148,124567.91,21845.71
2024-03-22,Product B,West,58,47446.93,10197.88
2024-03-22,Product C,North,125,60599.83,13546.86
2024-03-22,Product C,South,82,30388.01,4421.82
2024-03-22,Product C,East,81,38882.91,6172.65
2024-03-22,Product C,West,116,71858.42,13680.31
2024-03-22,Product D,North,59,40291.11,9944.31
2024-03-22,Product D,South,50,29473.38,5980.46
2024-03-22,Product D,East,50,36301.76,7609.22
2024-03-22,Product D,West,155,116577.12,18653.53
2024-03-23,Product A,North,104,50919.98,7008.6
2024-03-23,Product A,South,159,72145.91,9357.54
2024-03-23,Product A,East,142,70998.69,14996.77
2024-03-23,Product A,West,149,89826.73,14718.05
2024-03-23,Product B,North,90,51137.67,11232.32
2024-03-23,Product B,South,157,81733.61,13027.71
2024-03-23,Product B,East,155,96348.63,21034.16
2024-03-23,Product B,West,149,123304.44,19721.44
2024-03-23,Product C,North,131,55298.84,13604.17
2024-03-23,Product C,South,65,22370.62,5056.88
2024-03-23,Product C,East,68,32648.5,4605.07
2024-03-23,Product C,West,69,29690.39,5490.03
2024-03-23,Product D,North,132,70100.29,17395.72
2024-03-23,Product D,South,141,73915.03,12591.11
2024-03-23,Product D,East,86,49656.71,8521.25
2024-03-23,Product D,West,103,81396.35,18378.0
2024-03-24,Product A,North,46,23179.27,3237.82
2024-03-24,Product A,South,177,78594.42,12113.06
2024-03-24,Product A,East,164,85907.01,17854.12
2024-03-24,Product A,West,43,25186.45,5426.86
2024-03-24,Product B,North,43,29557.61,6897.23
2024-03-24,Product B,South,74,42737.81,5775.68
2024-03-24,Product B,East,75,47234.55,9142.75
2024-03-24,Product B,West,117,86224.28,12009.91
2024-03-24,Product C,North,55,24765.2,4168.01
2024-03-24,Product C,South,56,21197.12,3986.68
2024-03-24,Product C,East,78,32959.42,5304.86
2024-03-24,Product C,West,105,54522.83,11008.82
2024-03-24,Product D,North,75,38003.55,9208.81
2024-03-24,Product D,South,40,20724.88,3357.49
2024-03-24,Product D,East,129,82454.69,16118.56
2024-03-24,Product D,West,140,74948.68,9096.08
2024-03-25,Product A,North,72,42688.26,8551.79
2024-03-25,Product A,South,176,87449.2,20428.46
2024-03-25,Product A,East,115,72400.39,9932.13
2024-03-25,Product A,West,54,41402.75,8253.6
2024-03-25,Product B,North,156,106032.17,23091.34
2024-03-25,Product B,South,147,81326.24,10270.46
2024-03-25,Product B,East,161,113625.08,17541.59
2024-03-25,Product B,West,137,115532.42,25876.01
2024-03-25,Product C,North,61,23989.89,2924.22
2024-03-25,Product C,South,134,51782.74,9856.57
2024-03-25,Product C,East,158,85834.53,19445.75
2024-03-25,Product C,West,81,49375.41,7743.91
2024-03-25,Product D,North,113,58982.73,11872.8
2024-03-25,Product D,South,162,97616.26,13787.09
2024-03-25,Product D,East,122,82579.03,16329.28
2024-03-25,Product D,West,179,150618.98,25863.26
2024-03-26,Product A,North,116,62243.69,11308.22
2024-03-26,Product A,South,124,60945.97,7518.0
2024-03-26,Product A,East,175,131346.95,30754.15
2024-03-26,Product A,West,99,81912.94,12578.02
2024-03-26,Product B,North,110,76923.37,15686.55
2024-03-26,Product B,South,40,22171.85,3612.92
2024-03-26,Product B,East,149,98648.2,23853.2
2024-03-26,Product B,West,128,93134.79,12713.16
2024-03-26,Product C,North,151,68313.41,8722.51
2024-03-26,Product C,South,173,79095.68,16527.9
2024-03-26,Product C,East,64,34992.83,6722.65
2024-03-26,Product C,West,98,54994.05,6629.22
2024-03-26,Product D,North,131,75436.25,13854.15
2024-03-26,Product D,South,107,69498.37,9939.71
2024-03-26,Product D,East,106,77383.24,18975.2
2024-03-26,Product D,West,133,109223.93,20070.24
2024-03-27,Product A,North,64,37193.68,5467.91
2024-03-27,Product A,South,84,41620.21,7564.96
2024-03-27,Product A,East,102,65679.41,13241.42
2024-03-27,Product A,West,74,59323.93,9624.71
2024-03-27,Product B,North,65,44996.55,6713.73
2024-03-27,Product B,South,90,56099.34,12126.36
2024-03-27,Product B,East,58,50500.24,8817.41
2024-03-27,Product B,West,72,57724.04,13174.91
2024-03-27,Product C,North,162,75663.36,15726.55
2024-03-27,Product C,South,165,84613.56,15869.23
2024-03-27,Product C,East,93,52946.39,11646.07
2024-03-27,Product C,West,85,49626.91,6026.7
2024-03-27,Product D,North,124,71876.68,12447.68
2024-03-27,Product D,South,173,96994.89,16121.24
2024-03-27,Product D,East,103,80403.88,15805.2
2024-03-27,Product D,West,116,99439.37,19608.6
2024-03-28,Product A,North,126,76742.57,11192.58
2024-03-28,Product A,South,130,60688.53,11781.91
2024-03-28,Product A,East,127,92053.32,17794.47
2024-03-28,Product A,West,173,118111.42,19248.96
2024-03-28,Product B,North,148,91487.42,17081.87
2024-03-28,Product B,South,84,50592.68,9281.89
2024-03-28,Product B,East,126,104673.53,13389.92
2024-03-28,Product B,West,67,56567.67,10565.82
2024-03-28,Product C,North,64,29245.67,6961.7
2024-03-28,Product C,South,77,29160.25,3845.37
2024-03-28,Product C,East,114,67344.81,9608.3
2024-03-28,Product C,West,138,85122.13,10888.59
2024-03-28,Product D,North,58,39179.2,6776.34
2024-03-28,Product D,South,74,49260.67,11652.84
2024-03-28,Product D,East,165,128979.42,25486.7
2024-03-28,Product D,West,64,51337.63,11165.0
2024-03-29,Product A,North,112,57850.99,8963.65
2024-03-29,Product A,South,143,75693.93,11512.4
2024-03-29,Product A,East,73,56034.84,11019.53
2024-03-29,Product A,West,109,69755.86,13951.5
2024-03-29,Product B,North,87,62714.35,13825.2
2024-03-29,Product B,South,57,33098.95,5190.81
2024-03-29,Product B,East,164,144038.21,32239.39
2024-03-29,Product B,West,171,161424.8,24953.0
2024-03-29,Product C,North,138,76998.03,15871.9
2024-03-29,Product C,South,118,53939.65,11122.01
2024-03-29,Product C,East,41,21505.6,2952.3
2024-03-29,Product C,West,106,68246.85,8626.31
2024-03-29,Product D,North,149,80563.93,19216.46
2024-03-29,Product D,South,112,58350.87,12767.21
2024-03-29,Product D,East,169,127587.76,25600.26
2024-03-29,Product D,West,103,82720.74,16869.1
2024-03-30,Product A,North,128,60331.57,7666.97
2024-03-30,Product A,South,169,68964.41,16929.19
2024-03-30,Product A,East,161,80551.0,14948.6
2024-03-30,Product A,West,138,86677.4,15218.01
2024-03-30,Product B,North,157,99700.75,17126.24
2024-03-30,Product B,South,165,77197.54,11257.11
2024-03-30,Product B,East,167,110507.67,24053.79
2024-03-30,Product B,West,74,57479.35,13220.03
2024-03-30,Product C,North,141,57683.84,12830.97
2024-03-30,Product C,South,150,56336.95,8718.93
2024-03-30,Product C,East,111,53799.72,9852.56
2024-03-30,Product C,West,56,27314.25,4351.72
2024-03-30,Product D,North,46,25537.3,3551.48
2024-03-30,Product D,South,173,87394.08,18241.79
2024-03-30,Product D,East,120,67425.71,10226.07
2024-03-30,Product D,West,165,117253.29,18827.16
2024-03-31,Product A,North,170,77557.89,16189.81
2024-03-31,Product A,South,142,61916.34,13481.5
2024-03-31,Product A,East,111,60429.64,13404.38
2024-03-31,Product A,West,110,70924.05,9725.06
2024-03-31,Product B,North,168,92539.78,18886.34
2024-03-31,Product B,South,74,39616.82,9250.35
2024-03-31,Product B,East,143,95974.86,13944.15
2024-03-31,Product B,West,162,118365.25,27074.57
2024-03-31,Product C,North,156,58466.32,11407.81
2024-03-31,Product C,South,166,70480.05,12829.91
2024-03-31,Product C,East,172,81184.3,14689.71
2024-03-31,Product C,West,151,82602.04,17397.07
2024-03-31,Product D,North,134,74124.62,9979.9
2024-03-31,Product D,South,89,45159.12,7217.29
2024-03-31,Product D,East,118,71765.92,16658.63
2024-03-31,Product D,West,47,30114.04,6335.22
2024-04-01,Product A,North,86,49687.36,12392.61
2024-04-01,Product A,South,155,82442.08,15726.11
2024-04-01,Product A,East,40,23726.96,3363.76
2024-04-01,Product A,West,77,55821.32,7156.68
2024-04-01,Product B,North,130,88396.96,18228.25
2024-04-01,Product B,South,95,58492.5,11049.71
2024-04-01,Product B,East,123,108524.98,15784.16
2024-04-01,Product B,West,55,45987.57,10619.52
2024-04-01,Product C,North,167,73786.78,11316.25
2024-04-01,Product C,South,169,60563.85,14596.32
2024-04-01,Product C,East,133,79496.91,13105.24
2024-04-01,Product C,West,144,87115.01,16917.65
2024-04-01,Product D,North,105,68955.71,9779.02
2024-04-01,Product D,South,149,89428.51,20917.78
2024-04-01,Product D,East,110,79242.66,10736.45
2024-04-01,Product D,West,43,36010.21,5454.92
2024-04-02,Product A,North,66,42285.51,9025.14
2024-04-02,Product A,South,144,65727.92,14290.52
2024-04-02,Product A,East,109,70584.48,15354.52
2024-04-02,Product A,West,95,66211.26,13322.12
2024-04-02,Product B,North,57,44556.71,9323.35
2024-04-02,Product B,South,118,71326.0,15728.37
2024-04-02,Product B,East,69,53817.85,13376.39
2024-04-02,Product B,West,145,140103.87,27056.27
2024-04-02,Product C,North,109,54328.65,13526.62
2024-04-02,Product C,South,91,34820.92,8084.72
2024-04-02,Product C,East,68,35235.87,4260.29
2024-04-02,Product C,West,115,77579.75,18931.44
2024-04-02,Product D,North,167,106598.02,15354.34
2024-04-02,Product D,South,102,52874.58,6767.17
2024-04-02,Product D,East,99,61457.61,14372.95
2024-04-02,Product D,West,165,117625.82,21653.08
2024-04-03,Product A,North,81,46008.18,7303.73
2024-04-03,Product A,South,149,75081.27,17948.55
2024-04-03,Product A,East,95,57982.08,7114.32
2024-04-03,Product A,West,153,99425.84,14388.58
2024-04-03,Product B,North,91,62317.04,13455.77
2024-04-03,Product B,South,55,30623.57,4346.87
2024-04-03,Product B,East,100,69933.45,9442.6
2024-04-03,Product B,West,139,119023.04,28746.85
2024-04-03,Product C,North,56,25966.55,4091.44
2024-04-03,Product C,South,85,34719.52,8465.56
2024-04-03,Product C,East,117,76990.09,16254.27
2024-04-03,Product C,West,164,90051.34,16041.4
2024-04-03,Product D,North,179,119132.47,24293.43
2024-04-03,Product D,South,97,58790.26,7723.16
2024-04-03,Product D,East,173,120749.52,18790.85
2024-04-03,Product D,West,174,136507.42,21011.14
2024-04-04,Product A,North,66,36777.77,5269.61
2024-04-04,Product A,South,108,55321.75,7654.09
2024-04-04,Product A,East,94,62299.53,12499.24
2024-04-04,Product A,West,117,92762.71,16897.72
2024-04-04,Product B,North,74,46243.0,6426.98
2024-04-04,Product B,South,110,70955.14,16700.78
2024-04-04,Product B,East,71,58445.78,13246.28
2024-04-04,Product B,West,100,87732.75,14105.79
2024-04-04,Product C,North,45,20281.3,4006.38
2024-04-04,Product C,South,165,70251.92,10638.88
2024-04-04,Product C,East,136,72664.02,11552.61
2024-04-04,Product C,West,95,54728.55,10740.29
2024-04-04,Product D,North,71,48813.26,7152.68
2024-04-04,Product D,South,169,92615.18,15667.63
2024-04-04,Product D,East,153,108339.24,22632.41
2024-04-04,Product D,West,61,51304.95,6638.66
2024-04-05,Product A,North,113,60585.8,7956.08
2024-04-05,Product A,South,80,45865.91,5984.38
2024-04-05,Product A,East,149,94258.99,22472.04
2024-04-05,Product A,West,169,118851.15,20400.24
2024-04-05,Product B,North,101,66663.29,8965.77
2024-04-05,Product B,South,89,59967.34,14725.47
2024-04-05,Product B,East,124,106245.83,20401.23
2024-04-05,Product B,West,148,128837.8,30142.87
2024-04-05,Product C,North,81,36097.54,7897.31
2024-04-05,Product C,South,171,66302.34,16162.4
2024-04-05,Product C,East,159,96118.11,12154.02
2024-04-05,Product C,West,118,73460.07,13582.46
2024-04-05,Product D,North,58,36590.71,7679.81
2024-04-05,Product D,South,131,69330.04,13945.83
2024-04-05,Product D,East,170,130504.85,25313.27
2024-04-05,Product D,West,115,89043.15,20082.33
2024-04-06,Product A,North,102,53270.49,12160.69
2024-04-06,Product A,South,91,42107.55,9384.38
2024-04-06,Product A,East,157,98018.29,22021.05
2024-04-06,Product A,West,93,60008.56,10282.88
2024-04-06,Product B,North,88,57122.72,10301.88
2024-04-06,Product B,South,173,78028.29,15802.04
2024-04-06,Product B,East,119,72887.73,9815.76
2024-04-06,Product B,West,117,90226.76,14251.18
2024-04-06,Product C,North,65,26821.34,3588.6
2024-04-06,Product C,South,107,39014.2,8308.71
2024-04-06,Product C,East,41,18190.75,4306.37
2024-04-06,Product C,West,83,34154.62,6476.83
2024-04-06,Product D,North,117,61119.8,8315.26
2024-04-06,Product D,South,87,36645.38,4401.94
2024-04-06,Product D,East,105,64718.78,10573.49
2024-04-06,Product D,West,120,79931.91,18311.04
2024-04-07,Product A,North,163,83738.11,20267.38
2024-04-07,Product A,South,51,23192.09,4896.14
2024-04-07,Product A,East,139,67289.06,16268.76
2024-04-07,Product A,West,173,99353.39,18344.91
2024-04-07,Product B,North,139,79174.8,17897.22
2024-04-07,Product B,South,156,77187.3,13212.35
2024-04-07,Product B,East,110,86653.54,12730.2
2024-04-07,Product B,West,92,74919.11,9848.68
2024-04-07,Product C,North,87,40082.93,6238.33
2024-04-07,Product C,South,170,57933.83,8198.5
2024-04-07,Product C,East,62,28797.01,3981.8
2024-04-07,Product C,West,56,29649.26,5554.79
2024-04-07,Product D,North,111,62629.64,14500.74
2024-04-07,Product D,South,164,67380.21,11899.45
2024-04-07,Product D,East,53,35091.79,5090.88
2024-04-07,Product D,West,158,96960.43,14898.7
2024-04-08,Product A,North,49,26772.99,4266.56
2024-04-08,Product A,South,154,81915.03,14965.52
2024-04-08,Product A,East,142,85158.82,14423.0
2024-04-08,Product A,West,160,118052.07,29049.83
2024-04-08,Product B,North,58,40219.8,7920.21
2024-04-08,Product B,South,175,109626.48,17835.14
2024-04-08,Product B,East,50,43948.78,8072.17
2024-04-08,Product B,West,47,45804.86,7161.71
2024-04-08,Product C,North,163,70583.37,15858.15
2024-04-08,Product C,South,47,20799.15,4589.84
2024-04-08,Product C,East,145,93930.79,16616.66
2024-04-08,Product C,West,125,71551.75,13778.17
2024-04-08,Product D,North,89,49412.85,10584.75
2024-04-08,Product D,South,77,40975.7,5112.65
2024-04-08,Product D,East,83,64400.86,8070.81
2024-04-08,Product D,West,173,131768.41,25281.87
2024-04-09,Product A,North,77,41155.64,10141.57
2024-04-09,Product A,South,109,56183.59,11227.97
2024-04-09,Product A,East,165,95615.92,21206.66
2024-04-09,Product A,West,96,54369.04,9753.06
2024-04-09,Product B,North,87,58397.29,13293.38
2024-04-09,Product B,South,71,42237.65,10456.08
2024-04-09,Product B,East,64,55485.97,8551.11
2024-04-09,Product B,West,123,104129.34,18574.61
2024-04-09,Product C,North,153,82375.36,13635.25
2024-04-09,Product C,South,111,43721.23,5852.57
2024-04-09,Product C,East,92,52531.46,12902.55
2024-04-09,Product C,West,52,30892.95,6521.89
2024-04-09,Product D,North,107,70050.98,11047.44
2024-04-09,Product D,South,62,37666.73,5818.65
2024-04-09,Product D,East,104,74494.93,10036.62
2024-04-09,Product D,West,57,41899.89,10000.0
2024-04-10,Product A,North,44,23104.76,4320.35
2024-04-10,Product A,South,115,56103.05,13341.89
2024-04-10,Product A,East,147,96215.68,19090.89
2024-04-10,Product A,West,41,30340.26,3682.45
2024-04-10,Product B,North,174,121030.26,16507.92
2024-04-10,Product B,South,112,73366.64,12680.26
2024-04-10,Product B,East,44,36559.22,5677.7
2024-04-10,Product B,West,149,119437.09,19140.98
2024-04-10,Product C,North,145,82337.63,14187.47
2024-04-10,Product C,South,138,59205.75,9421.15
2024-04-10,Product C,East,124,62692.67,13193.88
2024-04-10,Product C,West,124,72355.48,13090.0
2024-04-10,Product D,North,162,107461.92,18839.77
2024-04-10,Product D,South,119,63839.8,14371.24
2024-04-10,Product D,East,145,104781.14,23697.85
2024-04-10,Product D,West,136,102991.73,13519.92
2024-04-11,Product A,North,51,33249.44,6674.97
2024-04-11,Product A,South,138,64253.94,8827.23
2024-04-11,Product A,East,149,96483.63,17700.43
2024-04-11,Product A,West,97,62183.09,10399.66
2024-04-11,Product B,North,81,64396.62,9528.78
2024-04-11,Product B,South,144,81556.48,17900.92
2024-04-11,Product B,East,90,74650.54,16125.34
2024-04-11,Product B,West,44,36078.55,6201.41
2024-04-11,Product C,North,90,40357.82,6096.93
2024-04-11,Product C,South,140,53043.03,9361.51
2024-04-11,Product C,East,100,58125.51,11074.92
2024-04-11,Product C,West,160,102706.2,16680.38
2024-04-11,Product D,North,144,88713.25,12183.42
2024-04-11,Product D,South,67,45882.14,6867.78
2024-04-11,Product D,East,115,78397.63,13172.06
2024-04-11,Product D,West,135,98230.18,16318.36
2024-04-12,Product A,North,151,99038.21,12099.09
2024-04-12,Product A,South,77,42275.41,9445.84
2024-04-12,Product A,East,171,106140.21,19699.92
2024-04-12,Product A,West,169,137197.16,33121.75
2024-04-12,Product B,North,165,112540.67,27828.4
2024-04-12,Product B,South,90,54010.09,10093.6
2024-04-12,Product B,East,163,134729.96,28732.13
2024-04-12,Product B,West,66,46983.17,8428.57
2024-04-12,Product C,North,152,69553.2,13316.88
2024-04-12,Product C,South,95,41561.91,8914.78
2024-04-12,Product C,East,83,48487.0,9333.72
2024-04-12,Product C,West,55,32232.29,6015.83
2024-04-12,Product D,North,76,46282.33,6713.16
2024-04-12,Product D,South,101,60982.86,11386.4
2024-04-12,Product D,East,91,72044.3,8712.21
2024-04-12,Product D,West,81,61611.09,10030.28
2024-04-13,Product A,North,161,89822.39,22265.4
2024-04-13,Product A,South,175,74632.33,10165.23
2024-04-13,Product A,East,152,79399.68,9934.25
2024-04-13,Product A,West,48,27865.34,3514.31
2024-04-13,Product B,North,97,56268.63,11184.32
2024-04-13,Product B,South,102,48914.97,7715.51
2024-04-13,Product B,East,89,59074.89,11201.81
2024-04-13,Product B,West,161,126479.2,19302.44
2024-04-13,Product C,North,134,60365.96,14517.89
2024-04-13,Product C,South,95,30973.75,7465.6
2024-04-13,Product C,East,155,63534.21,15543.86
2024-04-13,Product C,West,159,79865.08,14486.91
2024-04-13,Product D,North,96,48668.83,12159.57
2024-04-13,Product D,South,170,71689.78,16250.42
2024-04-13,Product D,East,79,47890.99,8924.96
2024-04-13,Product D,West,94,57063.07,7399.0
2024-04-14,Product A,North,148,71599.42,15227.39
2024-04-14,Product A,South,154,73384.35,11274.21
2024-04-14,Product A,East,126,73519.04,17783.75
2024-04-14,Product A,West,174,116343.46,22585.01
2024-04-14,Product B,North,81,47505.99,5788.39
2024-04-14,Product B,South,41,22526.3,4020.78
2024-04-14,Product B,East,139,87485.47,20360.76
2024-04-14,Product B,West,120,92475.84,21707.78
2024-04-14,Product C,North,171,85003.09,12711.7
2024-04-14,Product C,South,90,33419.29,4461.09
2024-04-14,Product C,East,108,52547.21,10481.82
2024-04-14,Product C,West,56,28994.7,6690.24
2024-04-14,Product D,North,138,73553.59,13740.01
2024-04-14,Product D,South,66,31366.54,5158.82
2024-04-14,Product D,East,115,65739.25,14303.4
2024-04-14,Product D,West,49,34363.91,5288.96
2024-04-15,Product A,North,98,53983.8,10077.27
2024-04-15,Product A,South,151,74892.3,18401.48
2024-04-15,Product A,East,66,46839.75,10933.69
2024-04-15,Product A,West,121,95635.76,22267.58
2024-04-15,Product B,North,93,65007.38,11086.35
2024-04-15,Product B,South,77,49810.0,7676.87
2024-04-15,Product B,East,176,134833.08,33125.18
2024-04-15,Product B,West,74,66335.69,12706.31
2024-04-15,Product C,North,43,20117.63,4739.14
2024-04-15,Product C,South,62,29163.82,3952.84
2024-04-15,Product C,East,164,80238.25,12920.95
2024-04-15,Product C,West,179,98262.4,23907.99
2024-04-15,Product D,North,147,88155.98,21751.39
2024-04-15,Product D,South,113,59102.96,11106.9
2024-04-15,Product D,East,147,116352.76,23148.63
2024-04-15,Product D,West,158,134080.36,16225.02
2024-04-16,Product A,North,84,44900.01,10300.55
2024-04-16,Product A,South,117,63552.82,14358.05
2024-04-16,Product A,East,140,81195.35,11155.52
2024-04-16,Product A,West,113,79483.7,10767.88
2024-04-16,Product B,North,115,69378.7,10616.19
2024-04-16,Product B,South,105,64431.03,8784.12
2024-04-16,Product B,East,127,94314.2,16358.68
2024-04-16,Product B,West,176,142861.37,21181.9
2024-04-16,Product C,North,60,29870.89,7291.68
2024-04-16,Product C,South,42,18287.83,3251.05
2024-04-16,Product C,East,140,77080.08,11923.0
2024-04-16,Product C,West,147,86057.97,15162.56
2024-04-16,Product D,North,107,61462.89,9232.5
2024-04-16,Product D,South,120,70694.04,14930.83
2024-04-16,Product D,East,116,72410.83,15216.34
2024-04-16,Product D,West,61,44480.47,7096.07
2024-04-17,Product A,North,106,58363.3,12519.65
2024-04-17,Product A,South,123,54253.6,12518.08
2024-04-17,Product A,East,52,36064.05,7186.07
2024-04-17,Product A,West,159,103175.05,18523.56
2024-04-17,Product B,North,96,68108.12,10604.88
2024-04-17,Product B,South,42,29172.59,4489.43
2024-04-17,Product B,East,50,36920.69,7055.34
2024-04-17,Product B,West,155,138805.99,26017.41
2024-04-17,Product C,North,70,33899.32,5435.1
2024-04-17,Product C,South,80,30570.35,4163.67
2024-04-17,Product C,East,59,29938.83,5398.51
2024-04-17,Product C,West,78,44192.04,10632.91
2024-04-17,Product D,North,178,107469.48,21573.83
2024-04-17,Product D,South,169,89066.86,21105.87
2024-04-17,Product D,East,123,91173.73,20829.75
2024-04-17,Product D,West,88,64635.29,13187.73
2024-04-18,Product A,North,61,33156.04,7529.31
2024-04-18,Product A,South,157,85644.14,11184.11
2024-04-18,Product A,East,103,61782.57,12969.01
2024-04-18,Product A,West,121,87379.25,12988.27
2024-04-18,Product B,North,55,37958.45,6860.76
2024-04-18,Product B,South,98,65590.48,15635.88
2024-04-18,Product B,East,131,104619.25,21068.97
2024-04-18,Product B,West,130,113018.46,18201.24
2024-04-18,Product C,North,167,87092.66,11963.0
2024-04-18,Product C,South,92,39815.59,9099.72
2024-04-18,Product C,East,87,49865.14,7767.14
2024-04-18,Product C,West,164,95344.16,13555.86
2024-04-18,Product D,North,78,50295.72,6196.62
2024-04-18,Product D,South,60,33501.72,5796.68
2024-04-18,Product D,East,141,105914.33,21622.88
2024-04-18,Product D,West,138,117746.89,22383.08
2024-04-19,Product A,North,142,86028.31,16903.49
2024-04-19,Product A,South,90,49252.04,6531.43
2024-04-19,Product A,East,165,105138.08,13369.7
2024-04-19,Product A,West,41,33598.4,6056.81
2024-04-19,Product B,North,49,31716.93,7646.71
2024-04-19,Product B,South,109,59004.65,14090.54
2024-04-19,Product B,East,170,110500.49,23064.38
2024-04-19,Product B,West,129,107550.47,22907.38
2024-04-19,Product C,North,65,29632.63,6081.1
2024-04-19,Product C,South,40,16952.85,2060.61
2024-04-19,Product C,East,42,20106.51,2613.97
2024-04-19,Product C,West,129,64312.01,9762.89
2024-04-19,Product D,North,141,90784.73,13165.97
2024-04-19,Product D,South,60,29640.43,4536.58
2024-04-19,Product D,East,124,88064.01,14487.53
2024-04-19,Product D,West,48,41249.57,5439.82
2024-04-20,Product A,North,177,77113.68,11140.63
2024-04-20,Product A,South,157,70381.89,12116.19
2024-04-20,Product A,East,110,67009.27,8193.54
2024-04-20,Product A,West,53,32900.45,8217.92
2024-04-20,Product B,North,112,64872.35,9980.77
2024-04-20,Product B,South,111,60437.8,13079.88
2024-04-20,Product B,East,172,118094.04,18528.21
2024-04-20,Product B,West,97,74335.76,10175.18
2024-04-20,Product C,North,64,27714.68,3604.67
2024-04-20,Product C,South,164,67477.08,15227.59
2024-04-20,Product C,East,164,84541.62,10923.02
2024-04-20,Product C,West,121,58879.36,13452.73
2024-04-20,Product D,North,76,42653.58,6781.58
2024-04-20,Product D,South,168,80656.31,10024.9
2024-04-20,Product D,East,144,92045.48,13150.14
2024-04-20,Product D,West,84,52362.94,12511.0
2024-04-21,Product A,North,63,31565.53,5842.16
2024-04-21,Product A,South,55,22884.62,4988.47
2024-04-21,Product A,East,54,32164.54,7015.97
2024-04-21,Product A,West,154,105831.05,25242.0
2024-04-21,Product B,North,108,63972.12,10107.11
2024-04-21,Product B,South,142,74071.51,17614.05
2024-04-21,Product B,East,98,56820.91,13309.56
2024-04-21,Product B,West,140,99418.52,24173.51
2024-04-21,Product C,North,41,16826.21,4087.81
2024-04-21,Product C,South,67,25816.73,4846.19
2024-04-21,Product C,East,95,48017.92,8975.6
2024-04-21,Product C,West,122,53591.04,11973.59
2024-04-21,Product D,North,167,79188.84,17055.18
2024-04-21,Product D,South,140,55238.22,7329.52
2024-04-21,Product D,East,107,72678.39,13797.69
2024-04-21,Product D,West,60,35955.05,5334.99
2024-04-22,Product A,North,83,42042.76,5258.32
2024-04-22,Product A,South,124,67476.08,11877.67
2024-04-22,Product A,East,112,62530.69,8994.73
2024-04-22,Product A,West,98,64891.71,13571.11
2024-04-22,Product B,North,142,90083.61,20847.38
2024-04-22,Product B,South,121,70085.41,11898.28
2024-04-22,Product B,East,179,123746.66,16109.24
2024-04-22,Product B,West,172,146332.3,32058.02
2024-04-22,Product C,North,145,74097.17,18069.96
2024-04-22,Product C,South,145,62804.58,13557.38
2024-04-22,Product C,East,139,75113.68,9049.8
2024-04-22,Product C,West,153,97165.64,20767.9
2024-04-22,Product D,North,173,121010.8,16819.6
2024-04-22,Product D,South,114,56971.21,11667.51
2024-04-22,Product D,East,153,102374.77,12510.06
2024-04-22,Product D,West,59,47036.36,10656.46
2024-04-23,Product A,North,96,51653.96,10649.59
2024-04-23,Product A,South,131,62594.11,9438.17
2024-04-23,Product A,East,47,34346.59,4727.7
2024-04-23,Product A,West,84,59846.46,14684.28
2024-04-23,Product B,North,71,49128.33,7257.06
2024-04-23,Product B,South,68,47593.22,10759.6
2024-04-23,Product B,East,69,53341.19,9305.95
2024-04-23,Product B,West,107,85437.05,14874.67
2024-04-23,Product C,North,83,44223.16,9828.41
2024-04-23,Product C,South,135,62920.9,11613.73
2024-04-23,Product C,East,149,78060.98,15569.14
2024-04-23,Product C,West,95,57335.9,8176.98
2024-04-23,Product D,North,69,42530.54,8060.56
2024-04-23,Product D,South,42,22515.71,4090.86
2024-04-23,Product D,East,165,115090.37,19650.35
2024-04-23,Product D,West,88,73902.96,17386.22
2024-04-24,Product A,North,50,25792.84,3579.03
2024-04-24,Product A,South,143,83933.98,10386.34
2024-04-24,Product A,East,83,52794.53,7786.98
2024-04-24,Product A,West,164,121171.92,19581.64
2024-04-24,Product B,North,47,33657.55,6945.71
2024-04-24,Product B,South,114,65163.19,14277.71
2024-04-24,Product B,East,111,89427.12,18079.98
2024-04-24,Product B,West,66,56945.09,10204.64
2024-04-24,Product C,North,167,84844.21,18414.13
2024-04-24,Product C,South,72,29423.07,5224.07
2024-04-24,Product C,East,136,79682.21,15657.24
2024-04-24,Product C,West,51,29410.73,4874.05
2024-04-24,Product D,North,145,98682.01,17173.79
2024-04-24,Product D,South,61,35519.78,7674.44
2024-04-24,Product D,East,146,99346.61,14559.58
2024-04-24,Product D,West,69,41384.86,9871.31
2024-04-25,Product A,North,78,34039.13,4662.93
2024-04-25,Product A,South,169,88972.07,21280.19
2024-04-25,Product A,East,85,62574.91,12542.33
2024-04-25,Product A,West,56,41939.84,7562.24
2024-04-25,Product B,North,109,73499.32,13471.52
2024-04-25,Product B,South,179,120970.09,24448.15
2024-04-25,Product B,East,61,47449.26,6615.69
2024-04-25,Product B,West,128,117263.39,23568.07
2024-04-25,Product C,North,177,80770.96,11420.5
2024-04-25,Product C,South,169,77513.41,17898.36
2024-04-25,Product C,East,90,48701.86,11258.48
2024-04-25,Product C,West,106,63590.13,11184.22
2024-04-25,Product D,North,112,72703.98,11044.4
2024-04-25,Product D,South,133,68511.37,12493.13
2024-04-25,Product D,East,168,130750.62,30859.89
2024-04-25,Product D,West,116,101983.65,18988.39
2024-04-26,Product A,North,76,48227.04,10080.14
2024-04-26,Product A,South,68,32802.01,4955.39
2024-04-26,Product A,East,99,60501.7,12784.78
2024-04-26,Product A,West,41,28468.24,4411.19
2024-04-26,Product B,North,105,76980.98,10704.9
2024-04-26,Product B,South,117,74765.12,16183.88
2024-04-26,Product B,East,87,68853.08,11027.46
2024-04-26,Product B,West,176,144261.14,29008.99
2024-04-26,Product C,North,104,52507.44,9075.39
2024-04-26,Product C,South,83,35678.35,6525.71
2024-04-26,Product C,East,56,29566.19,6642.5
2024-04-26,Product C,West,108,68237.75,10753.56
2024-04-26,Product D,North,50,31910.47,5393.22
2024-04-26,Product D,South,133,67055.22,11530.52
2024-04-26,Product D,East,154,116999.49,24168.95
2024-04-26,Product D,West,60,47258.44,7770.12
2024-04-27,Product A,North,124,59394.62,7684.93
2024-04-27,Product A,South,64,20726.23,3843.03
2024-04-27,Product A,East,65,32609.9,6661.34
2024-04-27,Product A,West,90,54020.92,12521.63
2024-04-27,Product B,North,179,97324.86,19815.14
2024-04-27,Product B,South,133,70329.47,9106.03
2024-04-27,Product B,East,61,41523.99,10026.99
2024-04-27,Product B,West,108,72473.11,12983.15
2024-04-27,Product C,North,55,22240.9,5136.02
2024-04-27,Product C,South,78,26865.35,6587.44
2024-04-27,Product C,East,151,68116.32,13691.92
2024-04-27,Product C,West,54,28313.78,4257.82
2024-04-27,Product D,North,102,50096.46,10981.62
2024-04-27,Product D,South,88,38107.05,6480.63
2024-04-27,Product D,East,43,24138.1,4238.18
2024-04-27,Product D,West,68,45977.18,10053.04
2024-04-28,Product A,North,53,23954.46,3471.41
2024-04-28,Product A,South,62,27193.49,5078.58
2024-04-28,Product A,East,132,79416.99,14619.7
2024-04-28,Product A,West,116,68003.0,15281.0
2024-04-28,Product B,North,72,40482.48,6611.96
2024-04-28,Product B,South,56,31846.88,7621.29
2024-04-28,Product B,East,109,72056.66,11775.93
2024-04-28,Product B,West,113,91133.41,13765.69
2024-04-28,Product C,North,124,51654.05,7343.65
2024-04-28,Product C,South,166,59640.38,8788.59
2024-04-28,Product C,East,46,22498.05,4313.39
2024-04-28,Product C,West,51,22027.55,3498.07
2024-04-28,Product D,North,60,31534.24,4842.7
2024-04-28,Product D,South,80,39292.72,7256.47
2024-04-28,Product D,East,66,37832.62,8028.4
2024-04-28,Product D,West,100,69677.76,10513.18
2024-04-29,Product A,North,142,85236.18,12499.66
2024-04-29,Product A,South,65,28040.93,6347.88
2024-04-29,Product A,East,85,54086.21,7819.14
2024-04-29,Product A,West,68,52977.35,7229.44
2024-04-29,Product B,North,56,33217.91,4519.75
2024-04-29,Product B,South,63,38863.39,9431.74
2024-04-29,Product B,East,130,107066.12,20431.13
2024-04-29,Product B,West,76,63497.66,13417.81
2024-04-29,Product C,North,103,43897.65,5895.88
2024-04-29,Product C,South,50,21882.33,4908.11
2024-04-29,Product C,East,139,73361.2,14412.28
2024-04-29,Product C,West,140,86485.79,12634.94
2024-04-29,Product D,North,68,39605.71,4845.51
2024-04-29,Product D,South,54,30441.64,6179.21
2024-04-29,Product D,East,89,53249.97,13181.64
2024-04-29,Product D,West,175,161832.13,37847.89
2024-04-30,Product A,North,57,32348.3,5931.34
2024-04-30,Product A,South,176,80396.67,19536.74
2024-04-30,Product A,East,147,90710.32,11627.06
2024-04-30,Product A,West,114,80933.27,10053.63
2024-04-30,Product B,North,60,40438.07,9705.65
2024-04-30,Product B,South,89,63472.89,13639.69
2024-04-30,Product B,East,108,83752.48,14486.08
2024-04-30,Product B,West,154,113000.59,21882.27
2024-04-30,Product C,North,136,56144.22,9433.4
2024-04-30,Product C,South,134,56475.18,10535.56
2024-04-30,Product C,East,106,59446.52,9696.65
2024-04-30,Product C,West,120,77763.48,14377.23
2024-04-30,Product D,North,109,63750.99,8857.03
2024-04-30,Product D,South,159,86045.94,17515.93
2024-04-30,Product D,East,73,48218.97,11557.2
2024-04-30,Product D,West,115,92041.86,13549.46
2024-05-01,Product A,North,163,79426.41,17453.66
2024-05-01,Product A,South,81,41685.8,6403.46
2024-05-01,Product A,East,63,43233.07,9080.1
2024-05-01,Product A,West,171,123910.12,20518.56
2024-05-01,Product B,North,44,29104.78,5460.79
2024-05-01,Product B,South,102,59677.2,10057.75
2024-05-01,Product B,East,76,62283.44,9015.5
2024-05-01,Product B,West,142,129221.29,17283.95
2024-05-01,Product C,North,92,42331.35,8263.64
2024-05-01,Product C,South,106,50649.63,9377.84
2024-05-01,Product C,East,150,89843.78,18305.46
2024-05-01,Product C,West,178,103596.05,18080.89
2024-05-01,Product D,North,46,26022.85,3870.62
2024-05-01,Product D,South,97,57055.61,10557.44
2024-05-01,Product D,East,154,99999.77,22366.42
2024-05-01,Product D,West,155,123868.77,16336.48
2024-05-02,Product A,North,64,32373.53,5305.12
2024-05-02,Product A,South,143,71764.34,9690.25
2024-05-02,Product A,East,107,81320.17,16772.59
2024-05-02,Product A,West,177,133733.97,24271.21
2024-05-02,Product B,North,61,41300.63,10225.41
2024-05-02,Product B,South,146,97695.16,16053.58
2024-05-02,Product B,East,162,132028.93,16969.86
2024-05-02,Product B,West,140,116506.95,23400.63
2024-05-02,Product C,North,136,63195.09,14376.43
2024-05-02,Product C,South,40,17860.65,3800.19
2024-05-02,Product C,East,72,36142.49,4818.68
2024-05-02,Product C,West,47,27777.18,6823.65
2024-05-02,Product D,North,137,92227.57,22630.45
2024-05-02,Product D,South,93,48379.84,11265.38
2024-05-02,Product D,East,64,49357.97,10428.37
2024-05-02,Product D,West,85,59540.91,7282.02
2024-05-03,Product A,North,47,26580.38,3755.01
2024-05-03,Product A,South,175,87502.0,15540.93
2024-05-03,Product A,East,131,87856.54,19780.37
2024-05-03,Product A,West,56,32354.99,7620.36
2024-05-03,Product B,North,149,91080.64,14215.68
2024-05-03,Product B,South,152,99050.15,21202.63
2024-05-03,Product B,East,124,98335.54,20847.91
2024-05-03,Product B,West,104,83941.54,10910.22
2024-05-03,Product C,North,85,46963.81,7561.37
2024-05-03,Product C,South,178,72684.67,13131.85
2024-05-03,Product C,East,50,24324.91,4251.91
2024-05-03,Product C,West,95,53629.92,7608.52
2024-05-03,Product D,North,95,60519.44,12492.81
2024-05-03,Product D,South,74,42030.19,8569.15
2024-05-03,Product D,East,141,97986.73,12689.39
2024-05-03,Product D,West,61,51896.2,9021.48
2024-05-04,Product A,North,97,44332.6,8600.52
2024-05-04,Product A,South,145,62526.06,11134.76
2024-05-04,Product A,East,129,59007.07,14330.0
2024-05-04,Product A,West,158,109895.03,14114.58
2024-05-04,Product B,North,169,77818.5,15227.43
2024-05-04,Product B,South,72,32205.79,7340.55
2024-05-04,Product B,East,179,106668.85,21208.99
2024-05-04,Product B,West,53,39411.92,5802.04
2024-05-04,Product C,North,116,49467.43,12030.98
2024-05-04,Product C,South,161,66628.23,15702.86
2024-05-04,Product C,East,172,83846.06,17098.51
2024-05-04,Product C,West,86,40503.93,7280.58
2024-05-04,Product D,North,106,54584.63,11153.58
2024-05-04,Product D,South,91,47252.69,10278.45
2024-05-04,Product D,East,120,60555.1,10735.11
2024-05-04,Product D,West,145,95191.02,16872.48
2024-05-05,Product A,North,103,48328.67,11286.53
2024-05-05,Product A,South,58,25505.19,4793.76
2024-05-05,Product A,East,175,97128.76,23533.3
2024-05-05,Product A,West,129,64790.11,9529.08
2024-05-05,Product B,North,115,64570.47,10359.1
2024-05-05,Product B,South,179,90777.47,20038.28
2024-05-05,Product B,East,142,93841.3,23318.45
2024-05-05,Product B,West,155,125343.71,15990.21
2024-05-05,Product C,North,101,38648.64,8578.94
2024-05-05,Product C,South,165,67377.8,13260.26
2024-05-05,Product C,East,125,54178.28,9958.26
2024-05-05,Product C,West,131,71006.01,14224.11
2024-05-05,Product D,North,172,93831.93,21923.08
2024-05-05,Product D,South,85,39786.52,8465.57
2024-05-05,Product D,East,47,30573.21,7519.36
2024-05-05,Product D,West,143,111391.23,19608.02
2024-05-06,Product A,North,162,99682.77,24879.86
2024-05-06,Product A,South,152,77898.87,9680.6
2024-05-06,Product A,East,62,35560.34,4457.16
2024-05-06,Product A,West,152,121173.11,18718.79
2024-05-06,Product B,North,147,114019.84,26310.76
2024-05-06,Product B,South,101,60612.01,14633.21
2024-05-06,Product B,East,177,152499.19,29145.37
2024-05-06,Product B,West,73,60269.27,13138.09
2024-05-06,Product C,North,143,62359.11,12286.25
2024-05-06,Product C,South,121,52288.2,8720.24
2024-05-06,Product C,East,103,59423.02,10094.14
2024-05-06,Product C,West,78,46466.6,6564.7
2024-05-06,Product D,North,152,81959.86,14212.34
2024-05-06,Product D,South,168,99445.34,16958.19
2024-05-06,Product D,East,60,41490.04,5118.17
2024-05-06,Product D,West,166,118499.3,22296.94
2024-05-07,Product A,North,132,72364.02,9481.11
2024-05-07,Product A,South,62,31239.41,5165.54
2024-05-07,Product A,East,127,85267.6,19089.77
2024-05-07,Product A,West,167,120989.83,24436.59
2024-05-07,Product B,North,70,45405.99,6698.92
2024-05-07,Product B,South,55,31806.44,6612.57
2024-05-07,Product B,East,76,56785.6,13027.18
2024-05-07,Product B,West,80,72951.18,17304.9
2024-05-07,Product C,North,100,47637.68,6096.42
2024-05-07,Product C,South,58,27072.05,5442.66
2024-05-07,Product C,East,109,59530.93,7810.17
2024-05-07,Product C,West,166,84978.05,17620.78
2024-05-07,Product D,North,45,27335.34,4467.51
2024-05-07,Product D,South,116,58546.59,10707.16
2024-05-07,Product D,East,91,66790.56,8028.77
2024-05-07,Product D,West,92,60972.96,12022.3
2024-05-08,Product A,North,41,20839.13,3465.66
2024-05-08,Product A,South,157,80707.77,13739.7
2024-05-08,Product A,East,128,84537.82,15115.86
2024-05-08,Product A,West,95,75084.47,17612.08
2024-05-08,Product B,North,85,59191.99,9185.94
2024-05-08,Product B,South,47,28925.89,5610.46
2024-05-08,Product B,East,58,45711.34,7923.58
2024-05-08,Product B,West,130,103715.17,22140.34
2024-05-08,Product C,North,172,85470.09,15300.4
2024-05-08,Product C,South,106,43240.24,7347.49
2024-05-08,Product C,East,102,44983.19,10714.01
2024-05-08,Product C,West,51,29411.22,4492.85
2024-05-08,Product D,North,79,57906.68,9704.21
2024-05-08,Product D,South,160,94525.98,17176.67
2024-05-08,Product D,East,113,80694.24,19508.16
2024-05-08,Product D,West,82,57662.72,8383.97
2024-05-09,Product A,North,76,39608.96,6664.81
2024-05-09,Product A,South,129,68225.78,9968.74
2024-05-09,Product A,East,141,87685.83,16687.27
2024-05-09,Product A,West,99,55074.87,13573.18
2024-05-09,Product B,North,50,36899.34,6529.5
2024-05-09,Product B,South,75,42391.89,5849.73
2024-05-09,Product B,East,72,55195.03,10998.14
2024-05-09,Product B,West,49,38598.35,6888.82
2024-05-09,Product C,North,54,25599.7,6049.65
2024-05-09,Product C,South,102,48693.99,8992.75
2024-05-09,Product C,East,148,86159.83,11333.51
2024-05-09,Product C,West,121,74293.37,12011.8
2024-05-09,Product D,North,127,89862.54,16871.93
2024-05-09,Product D,South,110,53237.47,8607.1
2024-05-09,Product D,East,81,59264.21,9877.57
2024-05-09,Product D,West,169,147253.13,25098.94
2024-05-10,Product A,North,100,57027.97,9304.69
2024-05-10,Product A,South,61,31663.9,5423.76
2024-05-10,Product A,East,168,104698.59,23557.32
2024-05-10,Product A,West,63,40896.93,9323.79
2024-05-10,Product B,North,94,64773.8,9904.96
2024-05-10,Product B,South,65,42214.17,5304.06
2024-05-10,Product B,East,104,83398.9,13362.0
2024-05-10,Product B,West,120,97432.34,11896.12
2024-05-10,Product C,North,78,40086.05,5893.16
2024-05-10,Product C,South,177,68551.92,15267.68
2024-05-10,Product C,East,81,45169.49,9770.83
2024-05-10,Product C,West,154,101238.16,16871.64
2024-05-10,Product D,North,161,86834.21,10700.73
2024-05-10,Product D,South,91,46608.42,6969.68
2024-05-10,Product D,East,61,47624.38,11472.23
2024-05-10,Product D,West,92,69646.48,10571.66
2024-05-11,Product A,North,163,81934.96,18606.35
2024-05-11,Product A,South,82,32216.81,3918.7
2024-05-11,Product A,East,173,93269.36,13989.98
2024-05-11,Product A,West,55,30347.86,6688.51
2024-05-11,Product B,North,76,44267.61,5514.43
2024-05-11,Product B,South,101,53689.24,6563.37
2024-05-11,Product B,East,164,94256.31,22748.68
2024-05-11,Product B,West,171,119359.82,24633.31
2024-05-11,Product C,North,116,50757.75,9239.14
2024-05-11,Product C,South,104,38321.47,8993.54
2024-05-11,Product C,East,176,71001.56,13669.52
2024-05-11,Product C,West,80,38018.19,7465.07
2024-05-11,Product D,North,95,50515.9,12623.77
2024-05-11,Product D,South,99,50859.29,6520.9
2024-05-11,Product D,East,90,51124.84,12598.59
2024-05-11,Product D,West,101,66585.0,15830.48
2024-05-12,Product A,North,53,29887.2,4613.36
2024-05-12,Product A,South,75,33041.26,4449.64
2024-05-12,Product A,East,67,40086.26,5628.08
2024-05-12,Product A,West,140,85560.85,15310.61
2024-05-12,Product B,North,121,62879.49,11028.81
2024-05-12,Product B,South,60,31279.76,5799.5
2024-05-12,Product B,East,171,105533.95,23342.43
2024-05-12,Product B,West,73,45424.79,10205.23
2024-05-12,Product C,North,72,31899.02,5086.47
2024-05-12,Product C,South,104,38225.8,5116.59
2024-05-12,Product C,East,172,68026.51,16667.14
2024-05-12,Product C,West,148,72741.14,9656.08
2024-05-12,Product D,North,152,80187.65,16167.62
2024-05-12,Product D,South,138,60078.59,11391.12
2024-05-12,Product D,East,103,64795.67,11366.55
2024-05-12,Product D,West,98,67835.1,9724.53
2024-05-13,Product A,North,69,38816.26,8732.87
2024-05-13,Product A,South,169,81672.34,11190.3
2024-05-13,Product A,East,171,115640.83,22861.0
2024-05-13,Product A,West,73,50938.86,12570.78
2024-05-13,Product B,North,133,82808.15,10582.08
2024-05-13,Product B,South,71,45227.45,6682.8
2024-05-13,Product B,East,40,32353.3,4256.76
2024-05-13,Product B,West,92,75744.52,12271.77
2024-05-13,Product C,North,113,59132.29,8321.17
2024-05-13,Product C,South,59,22042.3,4323.12
2024-05-13,Product C,East,121,63847.1,11387.17
2024-05-13,Product C,West,109,57654.5,7456.2
2024-05-13,Product D,North,129,66367.95,13915.84
2024-05-13,Product D,South,109,54285.43,8821.97
2024-05-13,Product D,East,114,71015.22,10609.65
2024-05-13,Product D,West,128,108850.28,26614.95
2024-05-14,Product A,North,65,34025.63,7246.36
2024-05-14,Product A,South,105,49796.39,7959.05
2024-05-14,Product A,East,112,71470.25,9346.8
2024-05-14,Product A,West,124,90056.46,14744.05
2024-05-14,Product B,North,98,58272.01,8440.34
2024-05-14,Product B,South,161,94264.82,14566.4
2024-05-14,Product B,East,144,120450.72,14530.57
2024-05-14,Product B,West,53,44511.22,6538.4
2024-05-14,Product C,North,84,39411.54,8107.6
2024-05-14,Product C,South,68,31693.64,7635.02
2024-05-14,Product C,East,53,30954.59,6960.82
2024-05-14,Product C,West,167,98269.3,18555.29
2024-05-14,Product D,North,64,36908.73,4610.34
2024-05-14,Product D,South,42,21926.24,3379.41
2024-05-14,Product D,East,125,92541.94,21348.83
2024-05-14,Product D,West,133,96469.17,16794.24
2024-05-15,Product A,North,178,100225.15,16972.92
2024-05-15,Product A,South,175,91412.04,18959.08
2024-05-15,Product A,East,141,94690.88,11959.49
2024-05-15,Product A,West,123,84211.25,19715.55
2024-05-15,Product B,North,178,117336.06,23982.32
2024-05-15,Product B,South,116,66706.36,14265.68
2024-05-15,Product B,East,141,109165.03,15355.18
2024-05-15,Product B,West,127,123745.2,30093.73
2024-05-15,Product C,North,116,55010.69,9338.33
2024-05-15,Product C,South,165,66549.54,10668.18
2024-05-15,Product C,East,97,56511.84,6816.04
2024-05-15,Product C,West,135,94368.26,14886.39
2024-05-15,Product D,North,86,41414.13,5007.9
2024-05-15,Product D,South,51,25075.75,5902.34
2024-05-15,Product D,East,117,94820.65,20039.57
2024-05-15,Product D,West,88,69428.67,13127.17
2024-05-16,Product A,North,72,39117.72,8209.61
2024-05-16,Product A,South,133,71643.03,11970.38
2024-05-16,Product A,East,101,59401.88,7712.26
2024-05-16,Product A,West,103,70007.46,8953.17
2024-05-16,Product B,North,114,73206.19,12149.65
2024-05-16,Product B,South,127,69133.82,8644.89
2024-05-16,Product B,East,105,91682.37,15205.51
2024-05-16,Product B,West,112,93417.4,21442.05
2024-05-16,Product C,North,126,56821.77,13131.54
2024-05-16,Product C,South,100,46280.07,7001.83
2024-05-16,Product C,East,170,105106.68,25068.47
2024-05-16,Product C,West,88,55250.15,12525.72
2024-05-16,Product D,North,104,65807.25,10896.6
2024-05-16,Product D,South,132,75877.09,12519.27
2024-05-16,Product D,East,150,99308.47,22321.34
2024-05-16,Product D,West,169,120453.99,25558.71
2024-05-17,Product A,North,48,25995.16,5620.21
2024-05-17,Product A,South,90,45936.78,10246.02
2024-05-17,Product A,East,94,56913.44,14112.36
2024-05-17,Product A,West,167,115152.1,25925.7
2024-05-17,Product B,North,139,104515.24,18597.95
2024-05-17,Product B,South,179,120967.93,28936.13
2024-05-17,Product B,East,133,115078.12,23737.3
2024-05-17,Product B,West,51,34408.97,6771.89
2024-05-17,Product C,North,50,21634.16,5219.12
2024-05-17,Product C,South,128,55809.74,11690.38
2024-05-17,Product C,East,135,78989.42,14892.92
2024-05-17,Product C,West,62,36257.96,5636.78
2024-05-17,Product D,North,133,82113.2,12489.87
2024-05-17,Product D,South,40,21397.85,3691.49
2024-05-17,Product D,East,128,89604.38,18639.7
2024-05-17,Product D,West,53,42447.47,8591.1
2024-05-18,Product A,North,150,67850.4,12530.86
2024-05-18,Product A,South,66,28029.77,6732.31
2024-05-18,Product A,East,111,69241.7,8978.97
2024-05-18,Product A,West,145,77536.87,17424.79
2024-05-18,Product B,North,107,69285.42,13328.59
2024-05-18,Product B,South,120,65672.88,7957.57
2024-05-18,Product B,East,155,95026.06,19409.38
2024-05-18,Product B,West,127,69676.97,13109.03
2024-05-18,Product C,North,54,24301.87,4345.19
2024-05-18,Product C,South,134,47575.23,7915.28
2024-05-18,Product C,East,102,50104.87,10274.0
2024-05-18,Product C,West,109,52144.89,6319.52
2024-05-18,Product D,North,92,45158.77,8272.44
2024-05-18,Product D,South,144,61564.1,9346.47
2024-05-18,Product D,East,78,42939.92,5739.46
2024-05-18,Product D,West,82,55724.85,8072.64
2024-05-19,Product A,North,91,40266.55,6543.16
2024-05-19,Product A,South,145,66006.97,13936.15
2024-05-19,Product A,East,62,36109.2,6257.84
2024-05-19,Product A,West,55,32386.33,4180.23
2024-05-19,Product B,North,96,55548.47,8707.04
2024-05-19,Product B,South,129,64342.42,12356.09
2024-05-19,Product B,East,69,44345.13,9579.0
2024-05-19,Product B,West,96,60599.15,8827.38
2024-05-19,Product C,North,70,26016.72,6320.79
2024-05-19,Product C,South,60,22092.15,4875.9
2024-05-19,Product C,East,73,33770.12,7361.74
2024-05-19,Product C,West,45,22890.39,4251.55
2024-05-19,Product D,North,136,75810.02,11455.17
2024-05-19,Product D,South,157,65097.27,14755.01
2024-05-19,Product D,East,118,70215.03,12641.15
2024-05-19,Product D,West,112,79604.88,15564.82
2024-05-20,Product A,North,137,57806.75,11528.58
2024-05-20,Product A,South,92,45394.27,10520.9
2024-05-20,Product A,East,117,68709.32,12559.5
2024-05-20,Product A,West,115,73849.72,12186.28
2024-05-20,Product B,North,161,105628.29,26292.91
2024-05-20,Product B,South,159,87339.24,15659.31
2024-05-20,Product B,East,139,91961.74,15931.72
2024-05-20,Product B,West,100,82427.1,13264.55
2024-05-20,Product C,North,113,41896.14,5984.94
2024-05-20,Product C,South,128,45273.82,8387.05
2024-05-20,Product C,East,65,37114.06,8360.69
2024-05-20,Product C,West,170,105505.16,20091.23
2024-05-20,Product D,North,80,47587.01,7350.37
2024-05-20,Product D,South,122,58247.3,9783.93
2024-05-20,Product D,East,142,90695.45,21895.55
2024-05-20,Product D,West,69,52298.68,9611.99
2024-05-21,Product A,North,70,40318.68,9568.81
2024-05-21,Product A,South,62,30308.11,4689.79
2024-05-21,Product A,East,79,51365.24,6855.03
2024-05-21,Product A,West,108,76926.83,16378.59
2024-05-21,Product B,North,110,69210.44,11024.94
2024-05-21,Product B,South,125,71771.51,10993.51
2024-05-21,Product B,East,112,99802.57,16428.76
2024-05-21,Product B,West,82,75435.98,9143.62
2024-05-21,Product C,North,132,57663.34,13573.32
2024-05-21,Product C,South,99,44699.94,6193.94
2024-05-21,Product C,East,157,86639.73,15285.53
2024-05-21,Product C,West,63,39191.75,8674.78
2024-05-21,Product D,North,139,71721.48,9045.37
2024-05-21,Product D,South,130,72055.64,13143.96
2024-05-21,Product D,East,65,43247.33,7664.67
2024-05-21,Product D,West,89,62019.68,14935.76
2024-05-22,Product A,North,178,101725.61,12875.0
2024-05-22,Product A,South,150,62609.34,15514.13
2024-05-22,Product A,East,60,32849.66,4755.11
2024-05-22,Product A,West,157,104201.94,18041.85
2024-05-22,Product B,North,95,60947.42,7698.46
2024-05-22,Product B,South,167,100001.82,16615.24
2024-05-22,Product B,East,108,82914.42,14601.72
2024-05-22,Product B,West,40,31356.16,7808.87
2024-05-22,Product C,North,72,31803.3,4397.28
2024-05-22,Product C,South,140,59064.34,8683.47
2024-05-22,Product C,East,96,44078.65,10724.13
2024-05-22,Product C,West,104,62234.78,10227.2
2024-05-22,Product D,North,173,103974.95,14649.32
2024-05-22,Product D,South,170,84893.49,11936.67
2024-05-22,Product D,East,99,70001.86,15695.15
2024-05-22,Product D,West,149,111315.67,17333.15
2024-05-23,Product A,North,56,29280.07,4490.64
2024-05-23,Product A,South,82,40988.09,6504.16
2024-05-23,Product A,East,76,47845.58,7627.85
2024-05-23,Product A,West,63,44786.65,11134.65
2024-05-23,Product B,North,157,95191.08,15391.95
2024-05-23,Product B,South,165,99371.07,18155.72
2024-05-23,Product B,East,100,78834.28,17072.99
2024-05-23,Product B,West,100,78409.92,16933.38
2024-05-23,Product C,North,51,21003.34,4873.01
2024-05-23,Product C,South,100,42997.2,7128.94
2024-05-23,Product C,East,119,65853.38,15984.29
2024-05-23,Product C,West,75,50826.38,11581.32
2024-05-23,Product D,North,158,116303.76,18005.06
2024-05-23,Product D,South,144,62967.18,12627.68
2024-05-23,Product D,East,156,110341.27,17964.86
2024-05-23,Product D,West,152,115418.42,14053.03
2024-05-24,Product A,North,119,58348.05,12770.08
2024-05-24,Product A,South,161,80052.99,11438.83
2024-05-24,Product A,East,158,102050.47,18267.04
2024-05-24,Product A,West,139,99983.92,17068.37
2024-05-24,Product B,North,105,56024.1,10315.28
2024-05-24,Product B,South,162,92620.02,19232.02
2024-05-24,Product B,East,147,104782.76,16637.82
2024-05-24,Product B,West,120,84703.56,11031.0
2024-05-24,Product C,North,58,29338.15,5434.58
2024-05-24,Product C,South,125,56894.41,14128.19
2024-05-24,Product C,East,126,77115.93,12089.86
2024-05-24,Product C,West,119,75792.23,9333.57
2024-05-24,Product D,North,167,96923.01,13938.7
2024-05-24,Product D,South,86,47198.95,9099.92
2024-05-24,Product D,East,146,98562.02,12062.96
2024-05-24,Product D,West,146,111369.52,16982.43
2024-05-25,Product A,North,89,37782.89,6837.77
2024-05-25,Product A,South,98,41996.51,8695.35
2024-05-25,Product A,East,97,49376.48,6499.8
2024-05-25,Product A,West,94,53431.46,8883.15
2024-05-25,Product B,North,40,22093.19,4211.91
2024-05-25,Product B,South,106,58488.56,8401.01
2024-05-25,Product B,East,83,54125.28,9618.13
2024-05-25,Product B,West,107,68888.72,11762.68
2024-05-25,Product C,North,155,50091.9,6666.26
2024-05-25,Product C,South,113,38321.41,7905.15
2024-05-25,Product C,East,62,27277.36,3959.26
2024-05-25,Product C,West,98,41243.95,5072.85
2024-05-25,Product D,North,170,94353.63,11389.21
2024-05-25,Product D,South,139,63969.08,8735.81
2024-05-25,Product D,East,161,92165.08,20089.16
2024-05-25,Product D,West,170,121078.62,27788.55
2024-05-26,Product A,North,60,26744.1,6312.66
2024-05-26,Product A,South,161,69394.27,10743.87
2024-05-26,Product A,East,127,62491.86,9860.83
2024-05-26,Product A,West,100,57668.62,9322.9
2024-05-26,Product B,North,61,35715.21,5995.81
2024-05-26,Product B,South,136,66555.98,11305.16
2024-05-26,Product B,East,179,124876.81,20409.69
2024-05-26,Product B,West,68,53002.44,8676.54
2024-05-26,Product C,North,119,46894.14,9887.55
2024-05-26,Product C,South,91,31310.51,6473.89
2024-05-26,Product C,East,113,50089.92,6630.01
2024-05-26,Product C,West,91,44699.16,6167.23
2024-05-26,Product D,North,126,59000.87,13812.26
2024-05-26,Product D,South,108,52669.03,12878.52
2024-05-26,Product D,East,100,57833.34,9926.97
2024-05-26,Product D,West,69,44120.59,6852.9
2024-05-27,Product A,North,135,70833.27,14658.09
2024-05-27,Product A,South,171,86653.15,19780.85
2024-05-27,Product A,East,160,101023.24,24551.6
2024-05-27,Product A,West,43,26654.7,4077.37
2024-05-27,Product B,North,72,44732.62,8239.77
2024-05-27,Product B,South,166,92214.43,20292.11
2024-05-27,Product B,East,121,86395.69,13054.17
2024-05-27,Product B,West,112,97211.98,12377.97
2024-05-27,Product C,North,154,76092.72,18618.72
2024-05-27,Product C,South,117,53443.59,11897.58
2024-05-27,Product C,East,169,87026.12,11792.5
2024-05-27,Product C,West,86,48719.71,6787.74
2024-05-27,Product D,North,124,70369.56,12146.14
2024-05-27,Product D,South,48,28156.57,4449.13
2024-05-27,Product D,East,41,27130.91,5895.35
2024-05-27,Product D,West,109,90587.15,16275.44
2024-05-28,Product A,North,128,73128.41,15467.52
2024-05-28,Product A,South,90,41962.81,8159.62
2024-05-28,Product A,East,47,25334.11,5265.28
2024-05-28,Product A,West,43,29559.51,5578.35
2024-05-28,Product B,North,149,90757.38,19393.05
2024-05-28,Product B,South,164,98301.86,23222.14
2024-05-28,Product B,East,127,90807.8,19551.82
2024-05-28,Product B,West,58,49979.1,12178.98
2024-05-28,Product C,North,53,22349.99,3879.34
2024-05-28,Product C,South,107,48026.45,9389.34
2024-05-28,Product C,East,164,102701.13,22127.51
2024-05-28,Product C,West,58,32771.99,5612.67
2024-05-28,Product D,North,48,31278.83,5742.79
2024-05-28,Product D,South,84,48646.25,8477.5
2024-05-28,Product D,East,164,105057.91,15229.42
2024-05-28,Product D,West,44,32831.17,7033.7
2024-05-29,Product A,North,57,29599.29,4441.99
2024-05-29,Product A,South,108,57394.86,9159.92
2024-05-29,Product A,East,121,71065.12,16975.85
2024-05-29,Product A,West,164,119776.95,24809.76
2024-05-29,Product B,North,55,36824.95,8276.3
2024-05-29,Product B,South,117,69844.86,11225.02
2024-05-29,Product B,East,102,72557.72,14729.99
2024-05-29,Product B,West,115,92869.34,20131.7
2024-05-29,Product C,North,103,44873.7,9640.54
2024-05-29,Product C,South,72,30381.89,5673.71
2024-05-29,Product C,East,89,43195.28,7463.9
2024-05-29,Product C,West,68,37879.01,8241.98
2024-05-29,Product D,North,139,82763.1,19468.19
2024-05-29,Product D,South,106,54029.82,6791.55
2024-05-29,Product D,East,133,97685.93,24095.74
2024-05-29,Product D,West,80,60028.12,10623.71
2024-05-30,Product A,North,167,94869.52,19279.88
2024-05-30,Product A,South,157,71463.13,10435.05
2024-05-30,Product A,East,41,25741.72,5806.0
2024-05-30,Product A,West,51,36947.01,7874.23
2024-05-30,Product B,North,134,101883.44,12734.11
2024-05-30,Product B,South,108,61044.52,9698.24
2024-05-30,Product B,East,69,45776.01,9318.36
2024-05-30,Product B,West,105,79001.46,18063.83
2024-05-30,Product C,North,76,38096.39,7351.7
2024-05-30,Product C,South,149,58005.25,14307.55
2024-05-30,Product C,East,159,88746.47,16680.34
2024-05-30,Product C,West,44,25228.27,3268.66
2024-05-30,Product D,North,170,103128.52,19823.19
2024-05-30,Product D,South,132,63525.76,11746.01
2024-05-30,Product D,East,121,76944.17,12296.53
2024-05-30,Product D,West,113,91048.33,19665.14
2024-05-31,Product A,North,42,23775.71,4949.05
2024-05-31,Product A,South,154,75352.7,17317.78
2024-05-31,Product A,East,123,72638.85,9033.44
2024-05-31,Product A,West,126,86672.54,14403.91
2024-05-31,Product B,North,122,88454.32,16793.87
2024-05-31,Product B,South,48,28582.75,3554.14
2024-05-31,Product B,East,99,76997.19,9793.69
2024-05-31,Product B,West,62,43484.15,6480.15
2024-05-31,Product C,North,148,64920.39,11228.61
2024-05-31,Product C,South,40,16657.17,2010.44
2024-05-31,Product C,East,61,33968.84,4318.2
2024-05-31,Product C,West,114,65724.27,13932.21
2024-05-31,Product D,North,146,82876.47,20283.79
2024-05-31,Product D,South,176,97262.72,21915.06
2024-05-31,Product D,East,119,82066.54,15357.75
2024-05-31,Product D,West,67,53617.69,10475.74
2024-06-01,Product A,North,63,26123.12,5634.08
2024-06-01,Product A,South,159,67080.29,16680.57
2024-06-01,Product A,East,64,37097.25,8740.54
2024-06-01,Product A,West,77,43094.99,6556.33
2024-06-01,Product B,North,100,55789.83,11065.75
2024-06-01,Product B,South,121,60018.54,8734.94
2024-06-01,Product B,East,54,34374.92,8308.81
2024-06-01,Product B,West,96,61531.75,15243.58
2024-06-01,Product C,North,71,28657.84,5853.2
2024-06-01,Product C,South,126,45491.59,8438.94
2024-06-01,Product C,East,68,29255.32,7023.81
2024-06-01,Product C,West,140,72024.59,16164.45
2024-06-01,Product D,North,177,85343.66,19995.73
2024-06-01,Product D,South,99,44528.33,7003.69
2024-06-01,Product D,East,46,21993.78,5281.77
2024-06-01,Product D,West,60,37180.78,7272.01
2024-06-02,Product A,North,164,72458.54,14839.1
2024-06-02,Product A,South,91,32995.29,4831.95
2024-06-02,Product A,East,67,32892.33,4108.8
2024-06-02,Product A,West,63,33337.98,5967.6
2024-06-02,Product B,North,116,58274.4,14498.24
2024-06-02,Product B,South,131,56502.62,13057.41
2024-06-02,Product B,East,83,50195.05,8732.82
2024-06-02,Product B,West,154,110240.16,14710.59
2024-06-02,Product C,North,95,40067.09,8060.23
2024-06-02,Product C,South,146,43529.95,8794.55
2024-06-02,Product C,East,57,22687.04,4868.31
2024-06-02,Product C,West,133,55183.86,13290.8
2024-06-02,Product D,North,50,26450.92,3500.97
2024-06-02,Product D,South,123,46888.58,8146.92
2024-06-02,Product D,East,171,98688.34,20334.16
2024-06-02,Product D,West,170,101794.83,20230.8
2024-06-03,Product A,North,101,53496.88,9279.0
2024-06-03,Product A,South,74,39102.41,6926.45
2024-06-03,Product A,East,82,55676.33,11129.16
2024-06-03,Product A,West,90,59400.36,13818.64
2024-06-03,Product B,North,174,100137.05,22906.53
2024-06-03,Product B,South,151,92310.26,15971.96
2024-06-03,Product B,East,144,104225.74,16434.78
2024-06-03,Product B,West,164,141476.64,27549.62
2024-06-03,Product C,North,173,71320.64,12545.81
2024-06-03,Product C,South,107,42134.73,7016.25
2024-06-03,Product C,East,174,100826.36,21918.69
2024-06-03,Product C,West,79,46612.79,10999.2
2024-06-03,Product D,North,149,87276.96,13017.84
2024-06-03,Product D,South,173,89306.62,11344.28
2024-06-03,Product D,East,178,120555.61,23308.86
2024-06-03,Product D,West,146,99430.1,24146.17
2024-06-04,Product A,North,140,68142.45,12637.98
2024-06-04,Product A,South,155,72513.51,15373.73
2024-06-04,Product A,East,74,47055.43,8646.86
2024-06-04,Product A,West,60,42504.57,9990.29
2024-06-04,Product B,North,136,81948.03,18389.74
2024-06-04,Product B,South,132,70668.53,9677.75
2024-06-04,Product B,East,131,104409.8,18133.73
2024-06-04,Product B,West,54,43102.42,5448.53
2024-06-04,Product C,North,40,20105.25,3580.34
2024-06-04,Product C,South,132,56212.25,9748.6
2024-06-04,Product C,East,110,53404.92,6961.14
2024-06-04,Product C,West,90,53265.27,8566.88
2024-06-04,Product D,North,106,59144.63,13416.02
2024-06-04,Product D,South,148,81211.08,20064.41
2024-06-04,Product D,East,118,75940.39,14145.3
2024-06-04,Product D,West,68,48412.43,12091.92
2024-06-05,Product A,North,63,37233.6,8830.46
2024-06-05,Product A,South,94,40154.24,8282.02
2024-06-05,Product A,East,41,23873.39,5638.67
2024-06-05,Product A,West,134,90084.4,20548.67
2024-06-05,Product B,North,63,39913.91,7894.16
2024-06-05,Product B,South,172,90249.56,11136.85
2024-06-05,Product B,East,68,53545.55,13265.63
2024-06-05,Product B,West,154,121059.22,18606.56
2024-06-05,Product C,North,42,19043.34,2665.83
2024-06-05,Product C,South,160,69846.24,12111.7
2024-06-05,Product C,East,80,44653.42,6521.37
2024-06-05,Product C,West,130,79453.67,14153.7
2024-06-05,Product D,North,71,46354.09,10286.61
2024-06-05,Product D,South,100,51328.36,11445.44
2024-06-05,Product D,East,68,47260.03,11282.34
2024-06-05,Product D,West,50,34224.81,5507.78
2024-06-06,Product A,North,170,88619.88,21100.12
2024-06-06,Product A,South,145,61272.78,10103.56
2024-06-06,Product A,East,56,34521.87,5774.97
2024-06-06,Product A,West,87,61305.86,13900.5
2024-06-06,Product B,North,41,25967.55,5949.76
2024-06-06,Product B,South,43,24702.52,5671.57
2024-06-06,Product B,East,167,120817.39,24200.27
2024-06-06,Product B,West,177,158324.97,33878.79
2024-06-06,Product C,North,62,28869.54,5004.99
2024-06-06,Product C,South,91,38295.62,8305.13
2024-06-06,Product C,East,140,63573.2,14189.95
2024-06-06,Product C,West,60,37672.68,5005.41
2024-06-06,Product D,North,121,75208.36,14240.87
2024-06-06,Product D,South,46,23009.83,5691.84
2024-06-06,Product D,East,153,109073.94,16937.05
2024-06-06,Product D,West,115,88064.98,12155.15
2024-06-07,Product A,North,122,69631.81,11955.26
2024-06-07,Product A,South,109,54538.54,7843.5
2024-06-07,Product A,East,172,128032.54,25879.31
2024-06-07,Product A,West,43,26098.22,6350.35
2024-06-07,Product B,North,60,31790.11,5670.91
2024-06-07,Product B,South,126,70700.73,12487.63
2024-06-07,Product B,East,73,51869.23,8457.65
2024-06-07,Product B,West,80,64420.63,9823.8
2024-06-07,Product C,North,137,62881.13,15156.45
2024-06-07,Product C,South,56,25826.59,5710.22
2024-06-07,Product C,East,153,81185.78,16715.71
2024-06-07,Product C,West,136,72367.83,12595.67
2024-06-07,Product D,North,109,62617.4,12283.17
2024-06-07,Product D,South,45,25663.15,3528.27
2024-06-07,Product D,East,127,83324.95,16333.22
2024-06-07,Product D,West,115,74773.95,12752.75
2024-06-08,Product A,North,111,49531.17,7215.28
2024-06-08,Product A,South,129,54261.7,11945.9
2024-06-08,Product A,East,53,28015.24,3427.6
2024-06-08,Product A,West,149,81068.47,14030.59
2024-06-08,Product B,North,58,29092.27,6618.05
2024-06-08,Product B,South,93,49112.68,9276.32
2024-06-08,Product B,East,57,33206.8,5117.16
2024-06-08,Product B,West,160,105111.94,24465.45
2024-06-08,Product C,North,90,41732.94,8052.36
2024-06-08,Product C,South,125,45716.16,5863.54
2024-06-08,Product C,East,107,52740.94,9099.89
2024-06-08,Product C,West,164,84078.47,17779.12
2024-06-08,Product D,North,90,44663.8,9474.46
2024-06-08,Product D,South,162,69011.69,16544.8
2024-06-08,Product D,East,102,51892.4,10761.76
2024-06-08,Product D,West,171,99866.96,13323.16
2024-06-09,Product A,North,87,39966.89,7391.53
2024-06-09,Product A,South,73,28016.08,4763.98
2024-06-09,Product A,East,149,75447.64,13770.89
2024-06-09,Product A,West,142,73062.94,8952.79
2024-06-09,Product B,North,134,68423.06,9943.46
2024-06-09,Product B,South,107,59355.21,12144.83
2024-06-09,Product B,East,65,34082.96,6917.21
2024-06-09,Product B,West,173,115078.31,28506.14
2024-06-09,Product C,North,90,33174.19,3988.72
2024-06-09,Product C,South,132,47855.58,11937.78
2024-06-09,Product C,East,95,41649.53,6106.35
2024-06-09,Product C,West,161,78245.31,12749.29
2024-06-09,Product D,North,70,33747.5,5519.44
2024-06-09,Product D,South,157,75047.03,12095.25
2024-06-09,Product D,East,119,70994.78,12001.15
2024-06-09,Product D,West,129,78589.04,12036.8
2024-06-10,Product A,North,40,20780.19,2919.53
2024-06-10,Product A,South,46,21170.48,4634.19
2024-06-10,Product A,East,51,31164.49,6019.98
2024-06-10,Product A,West,161,85683.09,21183.0
2024-06-10,Product B,North,81,49079.94,8070.83
2024-06-10,Product B,South,64,34403.44,5736.45
2024-06-10,Product B,East,118,90458.37,13242.13
2024-06-10,Product B,West,110,104121.45,23281.89
2024-06-10,Product C,North,132,58334.41,8920.66
2024-06-10,Product C,South,108,40079.11,5339.66
2024-06-10,Product C,East,125,66690.32,13875.22
2024-06-10,Product C,West,63,33004.38,7094.42
2024-06-10,Product D,North,101,64166.57,9502.92
2024-06-10,Product D,South,170,79943.35,19083.82
2024-06-10,Product D,East,163,113916.65,16694.6
2024-06-10,Product D,West,87,67365.52,10289.13
2024-06-11,Product A,North,174,100564.39,13186.8
2024-06-11,Product A,South,98,48098.41,10513.95
2024-06-11,Product A,East,147,95048.22,18878.88
2024-06-11,Product A,West,140,79580.19,15875.8
2024-06-11,Product B,North,110,63079.59,14832.61
2024-06-11,Product B,South,139,78668.12,17030.56
2024-06-11,Product B,East,134,99444.06,14251.18
2024-06-11,Product B,West,48,34676.43,4274.5
2024-06-11,Product C,North,58,27721.22,6380.0
2024-06-11,Product C,South,100,34551.31,4226.82
2024-06-11,Product C,East,52,26406.71,4668.82
2024-06-11,Product C,West,131,78472.73,10368.5
2024-06-11,Product D,North,76,45896.99,9193.18
2024-06-11,Product D,South,93,50087.61,6195.03
2024-06-11,Product D,East,80,53026.92,9904.45
2024-06-11,Product D,West,125,87283.08,12911.88
2024-06-12,Product A,North,40,20053.3,3286.88
2024-06-12,Product A,South,154,69699.7,12971.81
2024-06-12,Product A,East,162,85401.43,13564.09
2024-06-12,Product A,West,94,69217.64,9013.94
2024-06-12,Product B,North,97,60854.34,8338.33
2024-06-12,Product B,South,165,101917.86,16749.41
2024-06-12,Product B,East,48,32691.46,7430.45
2024-06-12,Product B,West,119,92719.38,19615.13
2024-06-12,Product C,North,139,60476.71,8253.42
2024-06-12,Product C,South,43,15489.99,3753.62
2024-06-12,Product C,East,56,32037.06,7266.17
2024-06-12,Product C,West,156,85424.66,20021.43
2024-06-12,Product D,North,151,101857.38,23213.73
2024-06-12,Product D,South,155,77309.63,17844.38
2024-06-12,Product D,East,120,75596.42,11842.24
2024-06-12,Product D,West,98,64851.79,9118.79
2024-06-13,Product A,North,63,31940.75,5715.42
2024-06-13,Product A,South,171,77138.96,16914.21
2024-06-13,Product A,East,131,77698.4,9958.72
2024-06-13,Product A,West,91,64650.45,13550.85
2024-06-13,Product B,North,138,73692.0,11500.01
2024-06-13,Product B,South,111,61207.56,10055.73
2024-06-13,Product B,East,116,86894.52,20057.87
2024-06-13,Product B,West,131,94453.33,19571.44
2024-06-13,Product C,North,131,62661.13,8254.06
2024-06-13,Product C,South,174,60061.85,13193.89
2024-06-13,Product C,East,63,33915.75,6670.03
2024-06-13,Product C,West,87,51993.05,12706.51
2024-06-13,Product D,North,158,98679.23,17671.75
2024-06-13,Product D,South,173,106372.52,12816.14
2024-06-13,Product D,East,92,50446.82,12592.9
2024-06-13,Product D,West,74,54488.83,9741.72
2024-06-14,Product A,North,99,47788.67,10368.52
2024-06-14,Product A,South,135,60770.37,14464.77
2024-06-14,Product A,East,162,91573.86,19297.94
2024-06-14,Product A,West,116,80774.84,12933.85
2024-06-14,Product B,North,40,19597.34,2840.41
2024-06-14,Product B,South,167,93260.16,20013.8
2024-06-14,Product B,East,101,62924.62,12358.38
2024-06-14,Product B,West,175,140033.62,22442.44
2024-06-14,Product C,North,119,54983.29,11145.58
2024-06-14,Product C,South,94,36559.7,8750.25
2024-06-14,Product C,East,95,45282.23,10398.54
2024-06-14,Product C,West,47,27336.84,5920.53
2024-06-14,Product D,North,79,48294.19,12045.95
2024-06-14,Product D,South,92,45061.61,7966.04
2024-06-14,Product D,East,119,84340.02,15850.4
2024-06-14,Product D,West,86,67408.84,11523.7
2024-06-15,Product A,North,84,37538.76,9053.5
2024-06-15,Product A,South,52,20536.52,2559.38
2024-06-15,Product A,East,140,71304.62,10703.24
2024-06-15,Product A,West,115,58951.23,7736.48
2024-06-15,Product B,North,100,52612.11,12732.93
2024-06-15,Product B,South,40,17388.99,4297.5
2024-06-15,Product B,East,107,59577.4,7321.79
2024-06-15,Product B,West,42,27342.17,4789.91
2024-06-15,Product C,North,118,46756.61,9653.63
2024-06-15,Product C,South,162,55522.02,11955.7
2024-06-15,Product C,East,56,25683.24,4043.35
2024-06-15,Product C,West,124,59042.37,13870.81
2024-06-15,Product D,North,178,93406.28,15086.16
2024-06-15,Product D,South,87,41484.9,7210.73
2024-06-15,Product D,East,60,33316.98,7663.08
2024-06-15,Product D,West,115,74329.93,13020.42
2024-06-16,Product A,North,76,36756.63,4518.33
2024-06-16,Product A,South,43,13792.09,2357.31
2024-06-16,Product A,East,64,36161.24,6884.14
2024-06-16,Product A,West,131,73816.54,10165.47
2024-06-16,Product B,North,107,61296.42,8372.17
2024-06-16,Product B,South,127,63016.61,12961.9
2024-06-16,Product B,East,46,30290.21,6795.11
2024-06-16,Product B,West,179,113243.45,15289.83
2024-06-16,Product C,North,132,50458.0,8765.33
2024-06-16,Product C,South,53,16866.89,4201.0
2024-06-16,Product C,East,54,20741.08,3181.87
2024-06-16,Product C,West,144,62482.22,8883.03
2024-06-16,Product D,North,102,46806.39,6098.6
2024-06-16,Product D,South,43,20176.97,4781.7
2024-06-16,Product D,East,119,59606.21,8692.05
2024-06-16,Product D,West,82,48824.82,7945.96
2024-06-17,Product A,North,147,72959.91,11315.83
2024-06-17,Product A,South,122,55980.9,8993.26
2024-06-17,Product A,East,139,81381.97,14741.7
2024-06-17,Product A,West,73,41514.02,9098.37
2024-06-17,Product B,North,108,56804.72,7887.58
2024-06-17,Product B,South,141,81166.17,13991.08
2024-06-17,Product B,East,84,61388.07,11593.37
2024-06-17,Product B,West,48,42211.23,7078.18
2024-06-17,Product C,North,104,42245.3,8991.49
2024-06-17,Product C,South,62,28089.75,6377.07
2024-06-17,Product C,East,111,46168.35,9666.29
2024-06-17,Product C,West,144,71746.53,13161.54
2024-06-17,Product D,North,113,63189.32,15066.36
2024-06-17,Product D,South,168,92866.99,18045.24
2024-06-17,Product D,East,111,85540.35,11401.6
2024-06-17,Product D,West,99,71411.26,10240.37
2024-06-18,Product A,North,42,19030.01,4416.93
2024-06-18,Product A,South,58,28475.02,5146.62
2024-06-18,Product A,East,61,36496.78,9021.92
2024-06-18,Product A,West,74,51380.38,11569.17
2024-06-18,Product B,North,122,89139.06,17698.89
2024-06-18,Product B,South,63,32560.32,5706.21
2024-06-18,Product B,East,140,116495.62,21497.15
2024-06-18,Product B,West,159,141148.78,25013.78
2024-06-18,Product C,North,40,16266.79,2368.51
2024-06-18,Product C,South,154,64172.44,15715.49
2024-06-18,Product C,East,83,35768.56,6379.63
2024-06-18,Product C,West,155,93055.23,13628.83
2024-06-18,Product D,North,49,27424.92,4760.2
2024-06-18,Product D,South,47,25933.89,6352.06
2024-06-18,Product D,East,68,42421.31,9561.55
2024-06-18,Product D,West,67,44796.83,6663.09
2024-06-19,Product A,North,43,21227.81,3017.49
2024-06-19,Product A,South,70,32560.17,4515.42
2024-06-19,Product A,East,120,64488.94,7816.15
2024-06-19,Product A,West,116,75290.16,18697.4
2024-06-19,Product B,North,89,47403.34,6224.16
2024-06-19,Product B,South,140,82801.36,16461.43
2024-06-19,Product B,East,136,111069.28,17137.41
2024-06-19,Product B,West,113,81311.02,9819.94
2024-06-19,Product C,North,129,56858.05,10305.66
2024-06-19,Product C,South,131,53551.09,8861.66
2024-06-19,Product C,East,125,57258.48,8825.96
2024-06-19,Product C,West,130,66806.23,15516.49
2024-06-19,Product D,North,125,71635.5,16101.95
2024-06-19,Product D,South,99,49269.4,10506.13
2024-06-19,Product D,East,87,60952.47,14011.71
2024-06-19,Product D,West,72,50230.31,6234.11
2024-06-20,Product A,North,151,65229.39,14218.48
2024-06-20,Product A,South,70,32231.64,6912.63
2024-06-20,Product A,East,69,42078.22,7258.3
2024-06-20,Product A,West,178,120342.83,17195.98
2024-06-20,Product B,North,113,67952.55,11562.92
2024-06-20,Product B,South,110,53060.22,9682.81
2024-06-20,Product B,East,169,135962.76,23717.16
2024-06-20,Product B,West,54,46733.65,5935.7
2024-06-20,Product C,North,154,67690.25,14816.45
2024-06-20,Product C,South,108,41225.32,5609.3
2024-06-20,Product C,East,122,55138.83,8418.92
2024-06-20,Product C,West,117,66129.37,15088.89
2024-06-20,Product D,North,93,50800.03,8259.25
2024-06-20,Product D,South,87,46141.93,9955.8
2024-06-20,Product D,East,60,37053.69,5645.53
2024-06-20,Product D,West,40,29966.36,3698.41
2024-06-21,Product A,North,124,57599.41,8819.26
2024-06-21,Product A,South,98,43883.13,8439.2
2024-06-21,Product A,East,51,34479.71,5657.82
2024-06-21,Product A,West,44,28888.07,4332.72
2024-06-21,Product B,North,53,30227.51,6998.44
2024-06-21,Product B,South,65,34787.37,4914.14
2024-06-21,Product B,East,68,43880.6,8094.06
2024-06-21,Product B,West,92,85164.2,11477.27
2024-06-21,Product C,North,44,19173.13,3864.96
2024-06-21,Product C,South,59,24119.1,4159.61
2024-06-21,Product C,East,150,67721.88,14855.62
2024-06-21,Product C,West,45,24374.77,4448.45
2024-06-21,Product D,North,89,56534.4,8856.67
2024-06-21,Product D,South,53,27582.16,6063.16
2024-06-21,Product D,East,79,53029.82,10536.74
2024-06-21,Product D,West,110,71704.72,16488.27
2024-06-22,Product A,North,117,44770.75,5875.62
2024-06-22,Product A,South,150,62706.28,10436.92
2024-06-22,Product A,East,63,34006.88,5535.33
2024-06-22,Product A,West,92,44623.4,7344.82
2024-06-22,Product B,North,115,63142.55,10111.78
2024-06-22,Product B,South,116,59304.19,11620.61
2024-06-22,Product B,East,88,47070.19,9074.06
2024-06-22,Product B,West,164,98398.03,23017.07
2024-06-22,Product C,North,167,60682.96,11321.16
2024-06-22,Product C,South,160,52168.7,10686.22
2024-06-22,Product C,East,49,20704.39,2562.57
2024-06-22,Product C,West,48,23613.35,5658.6
2024-06-22,Product D,North,85,37809.68,6769.81
2024-06-22,Product D,South,65,28472.65,6603.69
2024-06-22,Product D,East,157,90081.59,20561.02
2024-06-22,Product D,West,111,70549.62,13652.94
2024-06-23,Product A,North,164,76781.38,16364.12
2024-06-23,Product A,South,115,49891.12,10342.26
2024-06-23,Product A,East,172,86500.14,12109.79
2024-06-23,Product A,West,86,49625.42,8365.04
2024-06-23,Product B,North,117,53998.73,6719.75
2024-06-23,Product B,South,118,64443.6,14522.77
2024-06-23,Product B,East,159,102247.3,16403.18
2024-06-23,Product B,West,95,67034.25,9653.79
2024-06-23,Product C,North,134,47505.86,9397.29
2024-06-23,Product C,South,144,50792.05,6437.62
2024-06-23,Product C,East,126,44761.06,6291.46
2024-06-23,Product C,West,165,77850.69,17241.42
2024-06-23,Product D,North,123,60991.98,14232.03
2024-06-23,Product D,South,68,24034.12,4848.49
2024-06-23,Product D,East,80,43035.17,6259.12
2024-06-23,Product D,West,53,28727.5,6453.69
2024-06-24,Product A,North,167,84660.16,15817.1
2024-06-24,Product A,South,51,21740.31,3863.08
2024-06-24,Product A,East,128,75476.19,17181.82
2024-06-24,Product A,West,126,77309.36,15231.28
2024-06-24,Product B,North,62,35401.75,6185.18
2024-06-24,Product B,South,142,76140.98,10832.74
2024-06-24,Product B,East,102,68984.98,15425.26
2024-06-24,Product B,West,47,34765.26,8210.15
2024-06-24,Product C,North,143,68291.11,16756.58
2024-06-24,Product C,South,96,35285.24,8195.53
2024-06-24,Product C,East,61,28845.64,4268.17
2024-06-24,Product C,West,172,98870.15,23828.2
2024-06-24,Product D,North,67,32337.38,5556.0
2024-06-24,Product D,South,126,65639.71,7922.2
2024-06-24,Product D,East,46,30624.43,3780.84
2024-06-24,Product D,West,125,89620.88,20674.91
2024-06-25,Product A,North,126,60751.11,12331.53
2024-06-25,Product A,South,146,69663.75,8465.11
2024-06-25,Product A,East,128,80519.88,17369.46
2024-06-25,Product A,West,146,105346.8,20166.92
2024-06-25,Product B,North,107,57019.6,7432.73
2024-06-25,Product B,South,59,34033.23,4828.29
2024-06-25,Product B,East,139,107888.67,18171.53
2024-06-25,Product B,West,146,120460.23,26352.34
2024-06-25,Product C,North,159,72923.22,8858.76
2024-06-25,Product C,South,163,73651.41,15559.09
2024-06-25,Product C,East,135,68752.7,10504.29
2024-06-25,Product C,West,103,61015.16,10021.74
2024-06-25,Product D,North,126,65868.7,16054.15
2024-06-25,Product D,South,148,75744.06,18716.56
2024-06-25,Product D,East,97,66346.89,15311.48
2024-06-25,Product D,West,109,69382.47,11397.8
2024-06-26,Product A,North,59,34708.73,8291.2
2024-06-26,Product A,South,45,19611.09,4425.84
2024-06-26,Product A,East,149,93733.52,20932.92
2024-06-26,Product A,West,126,72339.0,13697.95
2024-06-26,Product B,North,81,49251.55,11083.35
2024-06-26,Product B,South,101,59958.32,14966.12
2024-06-26,Product B,East,65,46707.73,5736.93
2024-06-26,Product B,West,145,96272.39,20558.26
2024-06-26,Product C,North,120,55466.6,13755.93
2024-06-26,Product C,South,47,20247.91,3560.91
2024-06-26,Product C,East,57,27509.98,3408.56
2024-06-26,Product C,West,65,30314.31,5676.85
2024-06-26,Product D,North,139,73144.41,16762.46
2024-06-26,Product D,South,158,76994.37,12168.12
2024-06-26,Product D,East,135,81436.1,11902.09
2024-06-26,Product D,West,78,51234.89,12437.26
2024-06-27,Product A,North,119,44566.89,6816.14
2024-06-27,Product A,South,147,68859.88,8536.18
2024-06-27,Product A,East,48,26882.81,5024.09
2024-06-27,Product A,West,125,83016.23,17086.02
2024-06-27,Product B,North,73,46623.06,9974.52
2024-06-27,Product B,South,160,92348.93,19551.53
2024-06-27,Product B,East,141,82189.35,17928.97
2024-06-27,Product B,West,97,71277.67,15351.13
2024-06-27,Product C,North,160,70108.52,10471.73
2024-06-27,Product C,South,60,23051.19,3901.54
2024-06-27,Product C,East,163,80243.76,16954.01
2024-06-27,Product C,West,150,75380.15,10219.83
2024-06-27,Product D,North,155,82691.63,19990.99
2024-06-27,Product D,South,159,77848.36,14631.61
2024-06-27,Product D,East,134,93642.07,12885.56
2024-06-27,Product D,West,41,26246.84,6324.67
2024-06-28,Product A,North,148,71097.08,15162.34
2024-06-28,Product A,South,132,62828.31,14096.13
2024-06-28,Product A,East,151,85405.85,16941.53
2024-06-28,Product A,West,175,92247.39,17672.73
2024-06-28,Product B,North,86,51592.75,10600.65
2024-06-28,Product B,South,50,29329.03,5104.78
2024-06-28,Product B,East,129,90585.26,13750.85
2024-06-28,Product B,West,172,130507.86,27360.85
2024-06-28,Product C,North,91,40576.76,9067.64
2024-06-28,Product C,South,87,29431.91,5373.25
2024-06-28,Product C,East,143,63077.66,15454.86
2024-06-28,Product C,West,153,79142.36,11248.9
2024-06-28,Product D,North,141,66996.99,11585.88
2024-06-28,Product D,South,164,74599.07,17041.23
2024-06-28,Product D,East,152,100504.84,22752.38
2024-06-28,Product D,West,107,67326.22,9559.21
2024-06-29,Product A,North,114,44205.19,7133.53
2024-06-29,Product A,South,163,65664.32,11309.57
2024-06-29,Product A,East,58,25901.27,4780.12
2024-06-29,Product A,West,81,40899.31,9448.28
2024-06-29,Product B,North,146,69463.03,10736.65
2024-06-29,Product B,South,172,76946.43,9536.6
2024-06-29,Product B,East,101,58571.05,8550.41
2024-06-29,Product B,West,90,55972.11,13517.53
2024-06-29,Product C,North,42,12894.97,1738.41
2024-06-29,Product C,South,73,21021.95,3778.33
2024-06-29,Product C,East,159,70125.44,17035.7
2024-06-29,Product C,West,75,38947.89,7708.1
2024-06-29,Product D,North,151,56436.18,7960.65
2024-06-29,Product D,South,106,45936.25,9614.63
2024-06-29,Product D,East,58,27940.7,5368.32
2024-06-29,Product D,West,167,92893.79,16006.36
2024-06-30,Product A,North,71,26191.59,4680.04
2024-06-30,Product A,South,109,44696.06,10282.42
2024-06-30,Product A,East,148,75530.92,12917.93
2024-06-30,Product A,West,95,59436.65,13489.49
2024-06-30,Product B,North,51,20318.2,3114.61
2024-06-30,Product B,South,145,72550.82,9635.46
2024-06-30,Product B,East,123,71755.37,15462.08
2024-06-30,Product B,West,146,98935.75,13853.78
2024-06-30,Product C,North,59,21325.96,4471.95
2024-06-30,Product C,South,153,46033.16,9686.0
2024-06-30,Product C,East,74,27974.22,4218.72
2024-06-30,Product C,West,164,74404.88,13283.84
2024-06-30,Product D,North,60,30921.48,5325.89
2024-06-30,Product D,South,62,26392.77,4019.87
2024-06-30,Product D,East,163,92106.73,20121.85
2024-06-30,Product D,West,77,42987.11,6103.2
2024-07-01,Product A,North,143,70641.83,13132.38
2024-07-01,Product A,South,42,17254.62,2812.56
2024-07-01,Product A,East,159,83635.82,11623.89
2024-07-01,Product A,West,53,30508.97,4532.12
2024-07-01,Product B,North,111,77615.87,13159.23
2024-07-01,Product B,South,140,77187.08,17395.43
2024-07-01,Product B,East,171,121187.45,14916.13
2024-07-01,Product B,West,109,69827.12,16487.91
2024-07-01,Product C,North,77,33821.97,8168.81
2024-07-01,Product C,South,75,29679.18,6045.0
2024-07-01,Product C,East,43,20378.09,3032.16
2024-07-01,Product C,West,60,34929.32,6211.3
2024-07-01,Product D,North,108,60470.87,14672.99
2024-07-01,Product D,South,75,37971.09,8462.07
2024-07-01,Product D,East,66,39981.61,5730.77
2024-07-01,Product D,West,167,112945.62,17259.65
2024-07-02,Product A,North,179,87341.65,13531.94
2024-07-02,Product A,South,76,36632.21,6061.97
2024-07-02,Product A,East,178,109245.98,21661.5
2024-07-02,Product A,West,102,64121.24,10777.85
2024-07-02,Product B,North,66,41497.92,7671.04
2024-07-02,Product B,South,44,21019.11,3693.78
2024-07-02,Product B,East,157,102583.33,23107.68
2024-07-02,Product B,West,150,102111.31,17259.32
2024-07-02,Product C,North,82,31589.35,5306.29
2024-07-02,Product C,South,135,51822.56,7392.17
2024-07-02,Product C,East,109,51397.13,10671.08
2024-07-02,Product C,West,128,57390.84,10409.27
2024-07-02,Product D,North,170,97403.2,19934.12
2024-07-02,Product D,South,90,45787.06,6163.39
2024-07-02,Product D,East,143,88302.67,11494.49
2024-07-02,Product D,West,112,78629.34,17975.71
2024-07-03,Product A,North,147,76338.53,11032.5
2024-07-03,Product A,South,64,26844.54,4684.44
2024-07-03,Product A,East,63,36118.1,6828.96
2024-07-03,Product A,West,92,48738.89,10862.72
2024-07-03,Product B,North,135,93670.84,21747.96
2024-07-03,Product B,South,143,71335.88,16662.09
2024-07-03,Product B,East,47,39554.96,8109.21
2024-07-03,Product B,West,139,101014.33,12508.8
2024-07-03,Product C,North,154,68522.17,11571.48
2024-07-03,Product C,South,110,36067.64,8438.3
2024-07-03,Product C,East,119,56510.39,10815.45
2024-07-03,Product C,West,140,63812.49,13627.81
2024-07-03,Product D,North,130,63065.75,13833.58
2024-07-03,Product D,South,152,80007.81,10943.05
2024-07-03,Product D,East,42,27478.1,4372.3
2024-07-03,Product D,West,177,103815.35,12627.83
2024-07-04,Product A,North,133,66966.33,9766.89
2024-07-04,Product A,South,128,49970.13,10554.83
2024-07-04,Product A,East,59,32405.65,5859.4
2024-07-04,Product A,West,52,32963.83,6519.05
2024-07-04,Product B,North,55,33208.39,4020.18
2024-07-04,Product B,South,95,49992.05,9567.52
2024-07-04,Product B,East,166,122372.93,15631.5
2024-07-04,Product B,West,172,148865.77,33788.87
2024-07-04,Product C,North,96,42083.62,8860.16
2024-07-04,Product C,South,157,51937.27,7236.29
2024-07-04,Product C,East,151,69526.06,12644.55
2024-07-04,Product C,West,86,40392.43,8004.62
2024-07-04,Product D,North,53,27640.2,5567.06
2024-07-04,Product D,South,55,22877.22,3307.15
2024-07-04,Product D,East,99,66893.95,10678.57
2024-07-04,Product D,West,72,51091.61,8400.61
2024-07-05,Product A,North,75,36782.0,8302.2
2024-07-05,Product A,South,48,24304.56,5177.43
2024-07-05,Product A,East,84,47840.82,7980.73
2024-07-05,Product A,West,61,40376.26,8651.1
2024-07-05,Product B,North,87,50663.33,12127.03
2024-07-05,Product B,South,172,93972.13,23234.73
2024-07-05,Product B,East,90,60378.25,12651.64
2024-07-05,Product B,West,49,34344.6,4156.11
2024-07-05,Product C,North,87,37278.55,4500.72
2024-07-05,Product C,South,55,22138.33,4104.98
2024-07-05,Product C,East,139,63910.46,10564.54
2024-07-05,Product C,West,45,23632.12,5391.87
2024-07-05,Product D,North,78,50134.17,6635.56
2024-07-05,Product D,South,93,42969.01,8266.8
2024-07-05,Product D,East,51,33489.12,4799.92
2024-07-05,Product D,West,117,79908.28,15915.32
2024-07-06,Product A,North,141,55972.75,13691.55
2024-07-06,Product A,South,87,33149.56,4304.91
2024-07-06,Product A,East,166,76663.7,11621.14
2024-07-06,Product A,West,68,37306.97,7970.34
2024-07-06,Product B,North,155,84072.33,20352.58
2024-07-06,Product B,South,130,51361.01,8063.64
2024-07-06,Product B,East,131,78168.66,11132.06
2024-07-06,Product B,West,96,60188.92,14648.72
2024-07-06,Product C,North,97,34030.31,7820.58
2024-07-06,Product C,South,72,24164.48,4284.63
2024-07-06,Product C,East,112,49494.96,6398.31
2024-07-06,Product C,West,158,79591.89,17689.35
2024-07-06,Product D,North,172,83137.35,11226.68
2024-07-06,Product D,South,69,28528.65,6881.98
2024-07-06,Product D,East,44,26918.51,5283.74
2024-07-06,Product D,West,118,68231.45,15627.09
2024-07-07,Product A,North,51,17453.4,2866.47
2024-07-07,Product A,South,72,28459.3,5040.07
2024-07-07,Product A,East,139,73819.08,12717.58
2024-07-07,Product A,West,50,26085.28,3658.84
2024-07-07,Product B,North,104,51566.36,8448.68
2024-07-07,Product B,South,69,29832.25,3777.09
2024-07-07,Product B,East,101,59935.79,8318.31
2024-07-07,Product B,West,57,30809.51,5383.89
2024-07-07,Product C,North,99,34156.49,5677.86
2024-07-07,Product C,South,79,22779.72,4687.48
2024-07-07,Product C,East,105,44189.06,7582.64
2024-07-07,Product C,West,149,63036.57,15060.55
2024-07-07,Product D,North,101,46588.14,10362.71
2024-07-07,Product D,South,157,69576.81,8746.33
2024-07-07,Product D,East,100,57365.36,7052.42
2024-07-07,Product D,West,91,50361.96,7387.99
2024-07-08,Product A,North,47,21130.16,5017.21
2024-07-08,Product A,South,146,68647.47,16911.32
2024-07-08,Product A,East,120,62048.06,8778.09
2024-07-08,Product A,West,63,41773.06,6047.04
2024-07-08,Product B,North,60,34643.58,8290.91
2024-07-08,Product B,South,170,77199.37,14910.54
2024-07-08,Product B,East,58,42368.99,5346.37
2024-07-08,Product B,West,58,43529.26,9996.59
2024-07-08,Product C,North,105,44833.34,7047.96
2024-07-08,Product C,South,106,37435.9,8389.58
2024-07-08,Product C,East,63,31583.03,4173.72
2024-07-08,Product C,West,45,21477.67,3030.3
2024-07-08,Product D,North,158,86331.67,16979.58
2024-07-08,Product D,South,92,50002.03,9458.1
2024-07-08,Product D,East,136,81022.84,12091.47
2024-07-08,Product D,West,156,99569.55,23880.02
2024-07-09,Product A,North,78,41509.32,8004.3
2024-07-09,Product A,South,113,51695.58,12052.9
2024-07-09,Product A,East,170,101057.97,22409.07
2024-07-09,Product A,West,122,68800.49,12863.01
2024-07-09,Product B,North,122,65312.09,11217.97
2024-07-09,Product B,South,159,81552.62,11278.82
2024-07-09,Product B,East,147,99316.35,16164.69
2024-07-09,Product B,West,62,42685.96,9126.87
2024-07-09,Product C,North,171,76461.45,14681.55
2024-07-09,Product C,South,170,60791.31,7374.55
2024-07-09,Product C,East,74,29566.64,6801.85
2024-07-09,Product C,West,42,19762.83,4684.39
2024-07-09,Product D,North,90,53732.79,11901.56
2024-07-09,Product D,South,156,76389.51,14195.32
2024-07-09,Product D,East,159,93860.3,13369.39
2024-07-09,Product D,West,85,62266.65,15094.22
2024-07-10,Product A,North,49,21701.42,3218.92
2024-07-10,Product A,South,167,73314.33,10955.79
2024-07-10,Product A,East,140,79770.72,17796.16
2024-07-10,Product A,West,68,39305.9,7366.83
2024-07-10,Product B,North,44,24290.25,3978.41
2024-07-10,Product B,South,96,48531.17,9453.21
2024-07-10,Product B,East,99,57542.96,13203.99
2024-07-10,Product B,West,173,123416.65,21685.96
2024-07-10,Product C,North,119,53412.04,6474.33
2024-07-10,Product C,South,107,35427.58,6358.19
2024-07-10,Product C,East,119,51077.81,10580.34
2024-07-10,Product C,West,166,95106.68,11858.36
2024-07-10,Product D,North,115,57944.99,10658.48
2024-07-10,Product D,South,83,39120.68,7619.81
2024-07-10,Product D,East,141,80699.73,20087.57
2024-07-10,Product D,West,55,34494.08,7009.33
2024-07-11,Product A,North,98,49880.3,10919.59
2024-07-11,Product A,South,138,54484.35,9915.55
2024-07-11,Product A,East,152,78124.93,13654.6
2024-07-11,Product A,West,110,64191.71,11582.14
2024-07-11,Product B,North,79,42791.03,10174.79
2024-07-11,Product B,South,176,90954.1,19139.77
2024-07-11,Product B,East,148,109248.56,13579.24
2024-07-11,Product B,West,40,32326.15,3963.24
2024-07-11,Product C,North,176,75528.99,9437.75
2024-07-11,Product C,South,48,19960.83,3729.16
2024-07-11,Product C,East,99,47872.52,8325.78
2024-07-11,Product C,West,104,56405.89,12524.07
2024-07-11,Product D,North,171,77608.82,13643.23
2024-07-11,Product D,South,174,81608.91,16426.04
2024-07-11,Product D,East,82,53792.0,6679.25
2024-07-11,Product D,West,66,39816.65,6296.66
2024-07-12,Product A,North,110,49294.89,8250.65
2024-07-12,Product A,South,118,61088.38,12384.35
2024-07-12,Product A,East,113,62673.42,15623.14
2024-07-12,Product A,West,155,102484.43,24051.22
2024-07-12,Product B,North,55,34175.24,6782.83
2024-07-12,Product B,South,61,29509.52,3997.09
2024-07-12,Product B,East,52,34012.42,7307.94
2024-07-12,Product B,West,71,53515.32,13354.14
2024-07-12,Product C,North,118,46191.08,7985.75
2024-07-12,Product C,South,120,45786.45,5998.7
2024-07-12,Product C,East,110,52437.45,11309.04
2024-07-12,Product C,West,85,47036.9,10921.67
2024-07-12,Product D,North,169,76427.94,10710.8
2024-07-12,Product D,South,140,70959.41,11895.93
2024-07-12,Product D,East,45,28963.82,3494.58
2024-07-12,Product D,West,76,54612.39,7955.56
2024-07-13,Product A,North,116,51414.85,7541.8
2024-07-13,Product A,South,96,33372.46,5147.28
2024-07-13,Product A,East,71,32144.85,5931.35
2024-07-13,Product A,West,72,34832.37,7505.42
2024-07-13,Product B,North,143,59451.52,14369.37
2024-07-13,Product B,South,79,37807.01,8046.74
2024-07-13,Product B,East,70,38078.08,6034.25
2024-07-13,Product B,West,100,64190.34,9374.72
2024-07-13,Product C,North,57,20937.79,4673.9
2024-07-13,Product C,South,116,38746.06,8264.88
2024-07-13,Product C,East,176,73440.82,15903.98
2024-07-13,Product C,West,48,20370.47,3432.24
2024-07-13,Product D,North,90,43029.26,7085.16
2024-07-13,Product D,South,96,38642.18,4638.27
2024-07-13,Product D,East,101,48356.55,11702.33
2024-07-13,Product D,West,61,40560.42,9865.06
2024-07-14,Product A,North,54,19177.66,4470.08
2024-07-14,Product A,South,136,48214.65,9634.82
2024-07-14,Product A,East,130,60765.44,15187.45
2024-07-14,Product A,West,80,38166.2,8432.15
2024-07-14,Product B,North,147,74289.78,17588.76
2024-07-14,Product B,South,69,30690.44,6156.09
2024-07-14,Product B,East,119,69324.26,16777.59
2024-07-14,Product B,West,132,84761.25,11049.99
2024-07-14,Product C,North,63,19750.88,3021.0
2024-07-14,Product C,South,92,31114.57,4278.99
2024-07-14,Product C,East,73,22603.52,4218.17
2024-07-14,Product C,West,86,39126.24,6493.66
2024-07-14,Product D,North,145,63043.2,13644.75
2024-07-14,Product D,South,80,29851.7,4490.4
2024-07-14,Product D,East,121,59770.64,11445.92
2024-07-14,Product D,West,67,46006.65,8902.72
2024-07-15,Product A,North,153,75417.09,10382.31
2024-07-15,Product A,South,114,47562.21,9218.4
2024-07-15,Product A,East,98,48531.64,8885.89
2024-07-15,Product A,West,70,41324.25,8268.36
2024-07-15,Product B,North,58,36648.9,5884.35
2024-07-15,Product B,South,157,70828.2,13639.4
2024-07-15,Product B,East,86,48293.82,8752.98
2024-07-15,Product B,West,68,46952.73,11165.09
2024-07-15,Product C,North,56,22676.16,3361.25
2024-07-15,Product C,South,135,52011.9,8492.43
2024-07-15,Product C,East,76,36293.22,8758.96
2024-07-15,Product C,West,112,58681.93,14207.69
2024-07-15,Product D,North,122,68608.65,16136.04
2024-07-15,Product D,South,171,86615.36,17126.32
2024-07-15,Product D,East,85,51936.58,6327.45
2024-07-15,Product D,West,95,52367.46,7918.82
2024-07-16,Product A,North,60,29028.96,6310.92
2024-07-16,Product A,South,47,20993.5,4133.79
2024-07-16,Product A,East,158,82446.52,19670.9
2024-07-16,Product A,West,126,78465.37,15325.81
2024-07-16,Product B,North,103,62290.83,15243.77
2024-07-16,Product B,South,122,64108.54,15140.79
2024-07-16,Product B,East,136,93677.39,17564.46
2024-07-16,Product B,West,120,88946.01,12301.25
2024-07-16,Product C,North,106,46415.88,8401.63
2024-07-16,Product C,South,85,27530.29,4134.43
2024-07-16,Product C,East,78,36103.19,8574.14
2024-07-16,Product C,West,59,33379.84,6283.47
2024-07-16,Product D,North,73,35283.76,8000.81
2024-07-16,Product D,South,172,78233.44,12013.57
2024-07-16,Product D,East,92,62835.9,11238.82
2024-07-16,Product D,West,55,38733.17,8078.08
2024-07-17,Product A,North,52,25785.04,5837.54
2024-07-17,Product A,South,161,70890.76,14364.39
2024-07-17,Product A,East,53,27233.47,5120.08
2024-07-17,Product A,West,66,38350.16,7485.09
2024-07-17,Product B,North,41,26114.92,5360.18
2024-07-17,Product B,South,54,32625.9,7167.94
2024-07-17,Product B,East,173,108584.78,23720.17
2024-07-17,Product B,West,79,64193.04,10310.91
2024-07-17,Product C,North,71,31289.09,7122.29
2024-07-17,Product C,South,136,48318.28,8412.89
2024-07-17,Product C,East,56,23969.16,4534.77
2024-07-17,Product C,West,62,29240.88,5856.43
2024-07-17,Product D,North,96,50218.44,8253.07
2024-07-17,Product D,South,62,25926.21,4836.46
2024-07-17,Product D,East,106,61073.1,11743.55
2024-07-17,Product D,West,126,97465.48,12002.99
2024-07-18,Product A,North,160,77895.9,10301.53
2024-07-18,Product A,South,66,26469.38,6584.22
2024-07-18,Product A,East,78,39867.76,5824.67
2024-07-18,Product A,West,158,109074.28,19616.11
2024-07-18,Product B,North,43,26847.37,5590.28
2024-07-18,Product B,South,127,67759.98,10839.31
2024-07-18,Product B,East,116,81371.69,13970.46
2024-07-18,Product B,West,132,94156.2,12169.71
2024-07-18,Product C,North,66,27104.34,4944.73
2024-07-18,Product C,South,78,28838.18,4361.18
2024-07-18,Product C,East,77,26103.79,4960.78
2024-07-18,Product C,West,157,67974.93,10205.26
2024-07-18,Product D,North,138,84827.41,15409.94
2024-07-18,Product D,South,87,44367.25,8316.42
2024-07-18,Product D,East,166,92925.7,16532.61
2024-07-18,Product D,West,47,35036.56,6288.79
2024-07-19,Product A,North,133,61273.07,12344.3
2024-07-19,Product A,South,154,73981.0,12829.77
2024-07-19,Product A,East,147,83529.5,13640.46
2024-07-19,Product A,West,74,43039.23,9915.69
2024-07-19,Product B,North,75,42755.81,6173.49
2024-07-19,Product B,South,151,76216.43,14298.4
2024-07-19,Product B,East,47,30707.82,6653.52
2024-07-19,Product B,West,124,82580.77,17072.31
2024-07-19,Product C,North,62,25366.53,3611.51
2024-07-19,Product C,South,155,49357.86,11384.11
2024-07-19,Product C,East,151,67951.07,15119.91
2024-07-19,Product C,West,88,42810.81,6980.64
2024-07-19,Product D,North,111,52263.06,11064.06
2024-07-19,Product D,South,118,55705.78,11601.45
2024-07-19,Product D,East,170,106487.93,24794.16
2024-07-19,Product D,West,156,99420.32,18982.23
2024-07-20,Product A,North,152,58473.03,9006.48
2024-07-20,Product A,South,76,28886.0,5678.62
2024-07-20,Product A,East,162,78184.57,10234.36
2024-07-20,Product A,West,159,79974.37,18240.89
2024-07-20,Product B,North,66,28478.57,5290.88
2024-07-20,Product B,South,146,59522.69,9604.75
2024-07-20,Product B,East,45,22890.19,4978.8
2024-07-20,Product B,West,52,31586.09,7235.63
2024-07-20,Product C,North,105,33026.97,4137.07
2024-07-20,Product C,South,145,47847.14,11479.32
2024-07-20,Product C,East,48,19003.35,3519.07
2024-07-20,Product C,West,120,50790.59,10594.83
2024-07-20,Product D,North,110,56073.75,13480.52
2024-07-20,Product D,South,138,55745.17,13605.61
2024-07-20,Product D,East,140,62298.79,11131.16
2024-07-20,Product D,West,81,41868.89,9264.84
2024-07-21,Product A,North,172,66058.16,12944.42
2024-07-21,Product A,South,88,31904.46,7271.79
2024-07-21,Product A,East,40,19090.58,4765.25
2024-07-21,Product A,West,120,66831.41,14525.64
2024-07-21,Product B,North,116,54061.86,11108.84
2024-07-21,Product B,South,50,22060.24,3555.17
2024-07-21,Product B,East,51,30802.38,6829.71
2024-07-21,Product B,West,67,38912.24,5450.32
2024-07-21,Product C,North,141,47513.14,11865.41
2024-07-21,Product C,South,105,32820.28,6982.52
2024-07-21,Product C,East,80,31052.82,7392.86
2024-07-21,Product C,West,129,56474.24,9841.22
2024-07-21,Product D,North,121,54065.26,10227.77
2024-07-21,Product D,South,147,57640.05,7518.79
2024-07-21,Product D,East,72,37377.75,5715.88
2024-07-21,Product D,West,117,57846.01,10118.55
2024-07-22,Product A,North,141,63314.21,11005.83
2024-07-22,Product A,South,160,64094.16,11785.34
2024-07-22,Product A,East,99,50274.68,10568.69
2024-07-22,Product A,West,150,89804.63,12492.26
2024-07-22,Product B,North,64,34851.02,5769.97
2024-07-22,Product B,South,69,30953.7,4223.66
2024-07-22,Product B,East,133,86467.53,19700.58
2024-07-22,Product B,West,137,100983.71,23584.9
2024-07-22,Product C,North,117,47172.67,8650.89
2024-07-22,Product C,South,107,41147.13,6014.17
2024-07-22,Product C,East,162,73826.27,11904.93
2024-07-22,Product C,West,108,61099.96,13576.64
2024-07-22,Product D,North,65,32240.26,6976.7
2024-07-22,Product D,South,159,77147.19,9835.06
2024-07-22,Product D,East,74,48377.61,8108.71
2024-07-22,Product D,West,77,48316.72,10873.68
2024-07-23,Product A,North,131,62054.96,8922.27
2024-07-23,Product A,South,147,64703.13,16154.87
2024-07-23,Product A,East,86,44759.85,6785.16
2024-07-23,Product A,West,154,91890.59,20307.07
2024-07-23,Product B,North,74,38491.13,8932.67
2024-07-23,Product B,South,60,32660.15,4000.95
2024-07-23,Product B,East,151,99133.83,20226.5
2024-07-23,Product B,West,111,84804.84,20638.71
2024-07-23,Product C,North,113,41685.31,7296.28
2024-07-23,Product C,South,77,24079.87,3762.07
2024-07-23,Product C,East,114,50571.35,9951.26
2024-07-23,Product C,West,79,37338.06,5227.95
2024-07-23,Product D,North,59,28362.3,5445.54
2024-07-23,Product D,South,67,29750.22,3888.07
2024-07-23,Product D,East,130,66713.96,12166.64
2024-07-23,Product D,West,133,88201.67,12937.89
2024-07-24,Product A,North,77,39847.83,9168.98
2024-07-24,Product A,South,43,17072.55,3907.99
2024-07-24,Product A,East,162,89256.98,16186.92
2024-07-24,Product A,West,159,88466.48,13918.41
2024-07-24,Product B,North,65,30694.88,6451.64
2024-07-24,Product B,South,98,47489.21,10964.68
2024-07-24,Product B,East,137,85569.83,13109.59
2024-07-24,Product B,West,159,105929.27,25725.44
2024-07-24,Product C,North,64,26895.12,4371.6
2024-07-24,Product C,South,113,39497.62,7097.36
2024-07-24,Product C,East,116,54422.07,7720.74
2024-07-24,Product C,West,140,63845.23,15745.77
2024-07-24,Product D,North,93,49413.72,7080.27
2024-07-24,Product D,South,135,63623.23,14239.16
2024-07-24,Product D,East,73,50430.98,11562.41
2024-07-24,Product D,West,122,72333.63,10639.33
2024-07-25,Product A,North,93,37529.23,4747.54
2024-07-25,Product A,South,66,26648.23,6518.52
2024-07-25,Product A,East,46,23334.9,2950.19
2024-07-25,Product A,West,146,91078.4,12157.59
2024-07-25,Product B,North,175,99904.07,16168.48
2024-07-25,Product B,South,81,42982.44,5300.82
2024-07-25,Product B,East,152,94249.27,18810.42
2024-07-25,Product B,West,118,80483.66,14988.69
2024-07-25,Product C,North,137,47437.71,5908.77
2024-07-25,Product C,South,152,57783.43,8550.72
2024-07-25,Product C,East,93,39712.91,8876.59
2024-07-25,Product C,West,94,51129.4,10386.58
2024-07-25,Product D,North,102,50094.15,9632.48
2024-07-25,Product D,South,102,46010.09,9699.04
2024-07-25,Product D,East,118,69556.9,13955.64
2024-07-25,Product D,West,65,49361.47,11963.42
2024-07-26,Product A,North,173,81737.05,18997.18
2024-07-26,Product A,South,51,21259.01,4524.54
2024-07-26,Product A,East,69,37527.43,6590.54
2024-07-26,Product A,West,158,88081.17,16055.02
2024-07-26,Product B,North,179,112204.64,24656.54
2024-07-26,Product B,South,168,89589.21,14485.76
2024-07-26,Product B,East,62,35305.65,5989.88
2024-07-26,Product B,West,149,104393.58,17981.46
2024-07-26,Product C,North,101,41309.39,5349.43
2024-07-26,Product C,South,66,21992.34,4669.06
2024-07-26,Product C,East,72,32524.72,4099.92
2024-07-26,Product C,West,176,85834.73,16156.34
2024-07-26,Product D,North,118,53077.68,8105.01
2024-07-26,Product D,South,77,33115.45,4800.38
2024-07-26,Product D,East,60,34456.71,7059.0
2024-07-26,Product D,West,87,48378.24,7611.21
2024-07-27,Product A,North,70,27978.43,5075.19
2024-07-27,Product A,South,91,32465.75,6131.83
2024-07-27,Product A,East,83,36744.84,8119.87
2024-07-27,Product A,West,140,71216.8,12333.94
2024-07-27,Product B,North,173,86080.06,10964.16
2024-07-27,Product B,South,111,43853.13,6366.64
2024-07-27,Product B,East,176,101456.51,17500.07
2024-07-27,Product B,West,137,83243.42,14505.6
2024-07-27,Product C,North,134,46560.67,10845.77
2024-07-27,Product C,South,102,32355.77,4961.2
2024-07-27,Product C,East,176,61920.28,11546.18
2024-07-27,Product C,West,67,24637.4,5756.74
2024-07-27,Product D,North,103,44955.43,5432.61
2024-07-27,Product D,South,129,53763.0,10748.31
2024-07-27,Product D,East,54,23651.5,5034.58
2024-07-27,Product D,West,157,79948.69,11759.05
2024-07-28,Product A,North,95,42519.16,6317.7
2024-07-28,Product A,South,41,15042.89,2517.03
2024-07-28,Product A,East,131,61680.22,13152.95
2024-07-28,Product A,West,86,43212.98,6128.78
2024-07-28,Product B,North,89,42079.84,10219.73
2024-07-28,Product B,South,67,30870.14,4871.4
2024-07-28,Product B,East,61,33953.46,5762.15
2024-07-28,Product B,West,91,59082.24,11244.68
2024-07-28,Product C,North,63,24683.08,4471.73
2024-07-28,Product C,South,49,12816.12,2754.59
2024-07-28,Product C,East,41,15092.87,3089.41
2024-07-28,Product C,West,157,74900.23,15848.6
2024-07-28,Product D,North,62,23414.09,5024.72
2024-07-28,Product D,South,120,46056.3,6613.5
2024-07-28,Product D,East,82,39753.46,8415.29
2024-07-28,Product D,West,83,50914.3,7355.39
2024-07-29,Product A,North,174,79566.09,13197.95
2024-07-29,Product A,South,125,52442.11,12596.72
2024-07-29,Product A,East,151,78104.88,10095.59
2024-07-29,Product A,West,99,49058.28,10513.36
2024-07-29,Product B,North,145,78704.44,17743.43
2024-07-29,Product B,South,95,45965.46,11299.31
2024-07-29,Product B,East,94,56439.37,8125.46
2024-07-29,Product B,West,170,131754.33,18649.48
2024-07-29,Product C,North,101,40491.52,8156.62
2024-07-29,Product C,South,130,43064.04,9365.05
2024-07-29,Product C,East,153,73822.63,11076.46
2024-07-29,Product C,West,59,26513.39,6241.69
2024-07-29,Product D,North,162,81209.63,17466.24
2024-07-29,Product D,South,166,77905.93,19283.11
2024-07-29,Product D,East,110,69771.57,15234.75
2024-07-29,Product D,West,82,50793.31,11368.07
2024-07-30,Product A,North,52,23957.62,3574.9
2024-07-30,Product A,South,52,24361.53,3447.21
2024-07-30,Product A,East,123,66765.14,8172.02
2024-07-30,Product A,West,142,78229.93,11164.27
2024-07-30,Product B,North,81,49159.47,10061.65
2024-07-30,Product B,South,69,40327.07,4999.7
2024-07-30,Product B,East,164,98375.13,20883.7
2024-07-30,Product B,West,143,109063.95,26337.83
2024-07-30,Product C,North,144,52253.77,11672.83
2024-07-30,Product C,South,120,45075.58,8852.08
2024-07-30,Product C,East,160,72493.41,15969.28
2024-07-30,Product C,West,70,34620.17,5064.78
2024-07-30,Product D,North,133,72614.79,16325.71
2024-07-30,Product D,South,59,24449.94,5458.23
2024-07-30,Product D,East,85,49853.22,11925.25
2024-07-30,Product D,West,81,54040.12,10928.92
2024-07-31,Product A,North,112,56550.18,9277.72
2024-07-31,Product A,South,108,42703.83,9050.86
2024-07-31,Product A,East,168,85799.51,14852.18
2024-07-31,Product A,West,142,75406.01,9230.64
2024-07-31,Product B,North,44,23888.23,5466.61
2024-07-31,Product B,South,50,23510.29,5701.36
2024-07-31,Product B,East,137,90000.68,19886.26
2024-07-31,Product B,West,178,105059.59,22953.03
2024-07-31,Product C,North,74,27082.03,6590.47
2024-07-31,Product C,South,135,44486.43,10483.92
2024-07-31,Product C,East,156,68702.88,12656.83
2024-07-31,Product C,West,57,24953.05,4317.85
2024-07-31,Product D,North,59,30947.19,5750.3
2024-07-31,Product D,South,98,42227.98,6078.82
2024-07-31,Product D,East,77,39442.55,5356.73
2024-07-31,Product D,West,42,27001.03,6615.7
2024-08-01,Product A,North,55,25524.74,6015.95
2024-08-01,Product A,South,54,23262.98,4228.79
2024-08-01,Product A,East,143,82508.08,13028.44
2024-08-01,Product A,West,119,68150.61,13382.32
2024-08-01,Product B,North,89,49033.74,11348.99
2024-08-01,Product B,South,44,25167.38,3938.11
2024-08-01,Product B,East,44,26395.46,5960.85
2024-08-01,Product B,West,61,43597.55,10613.38
2024-08-01,Product C,North,56,22555.39,3974.67
2024-08-01,Product C,South,117,38792.38,8921.49
2024-08-01,Product C,East,89,40690.0,7978.44
2024-08-01,Product C,West,115,53577.07,11613.57
2024-08-01,Product D,North,108,52728.1,10054.68
2024-08-01,Product D,South,171,66578.28,8694.16
2024-08-01,Product D,East,57,32742.28,6483.83
2024-08-01,Product D,West,90,53769.52,6840.18
2024-08-02,Product A,North,107,52304.33,8023.31
2024-08-02,Product A,South,137,52694.6,12039.61
2024-08-02,Product A,East,127,61466.16,7904.67
2024-08-02,Product A,West,121,71527.92,9772.22
2024-08-02,Product B,North,96,55544.97,10551.62
2024-08-02,Product B,South,155,83611.89,15411.21
2024-08-02,Product B,East,43,25690.12,4467.2
2024-08-02,Product B,West,140,77356.45,10827.61
2024-08-02,Product C,North,114,49349.36,7807.56
2024-08-02,Product C,South,154,52964.56,6884.04
2024-08-02,Product C,East,121,52149.08,12840.51
2024-08-02,Product C,West,69,39537.3,6414.02
2024-08-02,Product D,North,116,54444.73,13067.67
2024-08-02,Product D,South,136,60979.16,11892.16
2024-08-02,Product D,East,154,94642.81,16535.01
2024-08-02,Product D,West,132,72352.39,10488.6
2024-08-03,Product A,North,124,52510.31,9582.94
2024-08-03,Product A,South,84,30143.24,6055.81
2024-08-03,Product A,East,149,67467.91,16093.16
2024-08-03,Product A,West,169,82158.59,17123.54
2024-08-03,Product B,North,89,44069.75,10912.51
2024-08-03,Product B,South,70,28883.32,4110.04
2024-08-03,Product B,East,131,77206.04,15899.04
2024-08-03,Product B,West,116,66115.85,12434.9
2024-08-03,Product C,North,59,17804.69,4249.43
2024-08-03,Product C,South,67,19331.99,2808.95
2024-08-03,Product C,East,120,50155.42,8940.54
2024-08-03,Product C,West,162,71676.26,15465.26
2024-08-03,Product D,North,117,57368.95,11300.81
2024-08-03,Product D,South,103,41830.66,6652.3
2024-08-03,Product D,East,134,72215.31,14436.1
2024-08-03,Product D,West,48,28380.34,4051.09
2024-08-04,Product A,North,144,58304.05,12703.44
2024-08-04,Product A,South,122,44996.87,10610.12
2024-08-04,Product A,East,96,43889.48,7062.79
2024-08-04,Product A,West,114,50828.47,12367.85
2024-08-04,Product B,North,146,70306.41,17518.43
2024-08-04,Product B,South,146,65354.67,12198.41
2024-08-04,Product B,East,132,69417.33,12538.12
2024-08-04,Product B,West,68,42740.26,10303.17
2024-08-04,Product C,North,49,16401.01,2120.95
2024-08-04,Product C,South,124,35785.99,4452.36
2024-08-04,Product C,East,107,40382.41,9209.07
2024-08-04,Product C,West,102,38208.63,5533.5
2024-08-04,Product D,North,148,59296.98,7841.56
2024-08-04,Product D,South,125,47564.57,9606.12
2024-08-04,Product D,East,91,42811.23,10382.25
2024-08-04,Product D,West,78,40563.68,8627.64
2024-08-05,Product A,North,147,75531.92,10717.23
2024-08-05,Product A,South,136,55686.75,6849.53
2024-08-05,Product A,East,135,77231.04,19189.32
2024-08-05,Product A,West,113,67472.38,12038.06
2024-08-05,Product B,North,44,22514.35,3438.12
2024-08-05,Product B,South,131,63242.5,14669.88
2024-08-05,Product B,East,61,38900.12,5787.69
2024-08-05,Product B,West,92,60943.76,9965.32
2024-08-05,Product C,North,141,56004.19,9322.4
2024-08-05,Product C,South,122,37549.19,9209.37
2024-08-05,Product C,East,53,26787.07,3969.91
2024-08-05,Product C,West,48,23907.48,4052.68
2024-08-05,Product D,North,75,42390.89,5666.88
2024-08-05,Product D,South,62,27663.07,5645.13
2024-08-05,Product D,East,174,97693.21,15717.6
2024-08-05,Product D,West,149,78308.04,17808.42
2024-08-06,Product A,North,102,46007.81,11318.44
2024-08-06,Product A,South,106,42062.62,8514.74
2024-08-06,Product A,East,113,59467.07,10744.83
2024-08-06,Product A,West,72,44160.5,5473.77
2024-08-06,Product B,North,179,105887.68,25483.8
2024-08-06,Product B,South,135,67469.44,16302.03
2024-08-06,Product B,East,148,105039.38,15401.32
2024-08-06,Product B,West,90,59604.81,12160.15
2024-08-06,Product C,North,60,23805.19,4848.22
2024-08-06,Product C,South,115,42731.33,7616.11
2024-08-06,Product C,East,173,83469.23,18072.31
2024-08-06,Product C,West,45,21358.29,4126.76
2024-08-06,Product D,North,41,21887.92,3663.83
2024-08-06,Product D,South,126,51299.77,11271.16
2024-08-06,Product D,East,152,80459.9,11328.37
2024-08-06,Product D,West,61,39309.53,8713.81
2024-08-07,Product A,North,144,65833.81,11048.11
2024-08-07,Product A,South,153,61254.51,9258.46
2024-08-07,Product A,East,178,99625.91,12109.29
2024-08-07,Product A,West,141,81279.92,15395.58
2024-08-07,Product B,North,120,65128.23,8543.3
2024-08-07,Product B,South,54,23415.31,4704.68
2024-08-07,Product B,East,115,74269.32,14266.14
2024-08-07,Product B,West,134,92587.89,14481.39
2024-08-07,Product C,North,164,60767.72,8867.67
2024-08-07,Product C,South,129,41404.49,8581.89
2024-08-07,Product C,East,175,79142.01,18951.14
2024-08-07,Product C,West,94,39687.38,8064.94
2024-08-07,Product D,North,147,70404.24,14146.51
2024-08-07,Product D,South,86,38165.47,8723.94
2024-08-07,Product D,East,44,26749.53,3999.84
2024-08-07,Product D,West,44,27478.03,5463.72
2024-08-08,Product A,North,125,49449.82,6704.71
2024-08-08,Product A,South,55,21726.86,5425.96
2024-08-08,Product A,East,179,100667.77,12655.58
2024-08-08,Product A,West,148,92461.02,14085.2
2024-08-08,Product B,North,56,30254.49,7295.49
2024-08-08,Product B,South,42,19569.3,2515.27
2024-08-08,Product B,East,89,55673.58,11722.13
2024-08-08,Product B,West,94,59106.48,10347.54
2024-08-08,Product C,North,141,52541.39,11741.77
2024-08-08,Product C,South,68,20479.52,4128.78
2024-08-08,Product C,East,90,49988.45,11692.62
2024-08-08,Product C,West,121,63509.38,13160.71
2024-08-08,Product D,North,45,23298.43,3313.77
2024-08-08,Product D,South,77,33675.46,6117.77
2024-08-08,Product D,East,85,49486.59,10556.62
2024-08-08,Product D,West,78,53157.39,8649.04
2024-08-09,Product A,North,40,19681.9,3384.86
2024-08-09,Product A,South,69,27130.49,4218.81
2024-08-09,Product A,East,152,66439.1,10139.67
2024-08-09,Product A,West,75,44386.61,10490.26
2024-08-09,Product B,North,116,59587.99,7847.48
2024-08-09,Product B,South,151,71132.54,10809.23
2024-08-09,Product B,East,84,50098.59,7604.95
2024-08-09,Product B,West,46,31046.84,6798.5
2024-08-09,Product C,North,149,59413.41,14023.83
2024-08-09,Product C,South,143,46306.83,6894.99
2024-08-09,Product C,East,97,42412.37,7517.41
2024-08-09,Product C,West,125,62229.25,9292.41
2024-08-09,Product D,North,92,47873.58,10292.43
2024-08-09,Product D,South,103,39204.35,6267.12
2024-08-09,Product D,East,176,103871.45,15354.99
2024-08-09,Product D,West,171,99257.64,13412.89
2024-08-10,Product A,North,139,49096.22,6039.03
2024-08-10,Product A,South,128,44693.66,10907.65
2024-08-10,Product A,East,175,77190.8,17315.34
2024-08-10,Product A,West,47,23116.5,4303.23
2024-08-10,Product B,North,55,26369.56,5441.71
2024-08-10,Product B,South,92,40410.02,8210.95
2024-08-10,Product B,East,143,84373.09,12668.38
2024-08-10,Product B,West,140,92538.55,11334.37
2024-08-10,Product C,North,137,42679.03,5757.54
2024-08-10,Product C,South,117,29274.47,3773.05
2024-08-10,Product C,East,74,29731.04,7137.82
2024-08-10,Product C,West,136,50588.82,7153.62
2024-08-10,Product D,North,129,50407.72,11679.15
2024-08-10,Product D,South,55,19998.42,3435.94
2024-08-10,Product D,East,143,79558.8,17829.27
2024-08-10,Product D,West,168,89308.95,12057.21
2024-08-11,Product A,North,51,19118.03,4438.21
2024-08-11,Product A,South,88,29622.58,7268.31
2024-08-11,Product A,East,118,57385.74,7881.39
2024-08-11,Product A,West,118,58435.03,12952.97
2024-08-11,Product B,North,142,68091.19,14979.67
2024-08-11,Product B,South,121,56062.47,6854.81
2024-08-11,Product B,East,61,32567.09,4982.91
2024-08-11,Product B,West,65,34836.12,5172.03
2024-08-11,Product C,North,77,24867.68,3421.29
2024-08-11,Product C,South,88,24337.59,3524.04
2024-08-11,Product C,East,68,26923.73,4573.0
2024-08-11,Product C,West,56,23535.25,3988.67
2024-08-11,Product D,North,61,23405.81,4273.59
2024-08-11,Product D,South,70,28624.77,4949.06
2024-08-11,Product D,East,92,46288.73,9237.86
2024-08-11,Product D,West,62,29993.82,4589.2
2024-08-12,Product A,North,170,74180.63,17418.15
2024-08-12,Product A,South,78,27314.14,4884.68
2024-08-12,Product A,East,57,30390.94,5577.7
2024-08-12,Product A,West,112,68145.83,12659.98
2024-08-12,Product B,North,49,26001.1,3366.08
2024-08-12,Product B,South,148,66290.98,10586.64
2024-08-12,Product B,East,46,32665.06,5154.95
2024-08-12,Product B,West,42,31813.41,6729.53
2024-08-12,Product C,North,49,18198.09,3827.47
2024-08-12,Product C,South,68,20351.11,3407.91
2024-08-12,Product C,East,136,67944.02,11420.76
2024-08-12,Product C,West,99,50446.04,8217.46
2024-08-12,Product D,North,80,39497.81,8937.36
2024-08-12,Product D,South,118,54218.84,9510.53
2024-08-12,Product D,East,157,84414.89,16110.67
2024-08-12,Product D,West,73,48657.98,11910.05
2024-08-13,Product A,North,101,51833.96,9033.19
2024-08-13,Product A,South,106,44447.02,7605.77
2024-08-13,Product A,East,68,32531.75,6113.04
2024-08-13,Product A,West,107,55437.93,9277.97
2024-08-13,Product B,North,67,37811.45,8810.61
2024-08-13,Product B,South,155,73451.44,14130.11
2024-08-13,Product B,East,128,69681.37,16799.02
2024-08-13,Product B,West,156,98841.93,13575.14
2024-08-13,Product C,North,94,38679.04,6660.99
2024-08-13,Product C,South,155,54967.5,8135.89
2024-08-13,Product C,East,118,45538.85,7874.96
2024-08-13,Product C,West,110,53390.41,11845.32
2024-08-13,Product D,North,52,26430.89,4508.74
2024-08-13,Product D,South,156,75786.77,14776.82
2024-08-13,Product D,East,134,78090.04,11905.49
2024-08-13,Product D,West,123,80327.53,14678.25
2024-08-14,Product A,North,92,39960.32,6601.15
2024-08-14,Product A,South,69,28518.37,3619.96
2024-08-14,Product A,East,117,69281.85,17298.38
2024-08-14,Product A,West,155,84076.55,17480.39
2024-08-14,Product B,North,75,39273.76,5270.7
2024-08-14,Product B,South,93,48061.54,6769.53
2024-08-14,Product B,East,62,38660.03,8935.36
2024-08-14,Product B,West,149,96124.75,19378.85
2024-08-14,Product C,North,110,43340.9,10015.8
2024-08-14,Product C,South,84,27076.9,5034.7
2024-08-14,Product C,East,70,30946.97,6757.03
2024-08-14,Product C,West,54,24205.08,5937.5
2024-08-14,Product D,North,49,23614.41,5447.54
2024-08-14,Product D,South,43,17601.1,3588.74
2024-08-14,Product D,East,63,38086.57,5172.02
2024-08-14,Product D,West,51,32727.84,5844.57
2024-08-15,Product A,North,172,77338.56,18863.89
2024-08-15,Product A,South,159,67361.62,14318.86
2024-08-15,Product A,East,48,25805.2,5132.65
2024-08-15,Product A,West,54,32578.74,4852.84
2024-08-15,Product B,North,166,88099.46,20290.75
2024-08-15,Product B,South,144,70167.74,10734.3
2024-08-15,Product B,East,97,58348.35,11506.49
2024-08-15,Product B,West,54,33957.32,7994.95
2024-08-15,Product C,North,97,42108.06,7058.27
2024-08-15,Product C,South,170,58900.51,13992.6
2024-08-15,Product C,East,91,39626.71,7339.34
2024-08-15,Product C,West,129,51753.4,12228.81
2024-08-15,Product D,North,134,66278.56,10057.77
2024-08-15,Product D,South,102,51327.9,11918.19
2024-08-15,Product D,East,130,71737.45,16999.53
2024-08-15,Product D,West,111,79122.63,14427.25
2024-08-16,Product A,North,108,49237.8,9204.88
2024-08-16,Product A,South,69,28465.99,4211.81
2024-08-16,Product A,East,55,27351.11,3476.94
2024-08-16,Product A,West,66,34495.27,5832.49
2024-08-16,Product B,North,112,55040.82,6843.84
2024-08-16,Product B,South,138,64060.6,15212.0
2024-08-16,Product B,East,138,79201.5,16706.97
2024-08-16,Product B,West,126,73452.18,14083.08
2024-08-16,Product C,North,64,24098.67,3966.06
2024-08-16,Product C,South,55,21191.15,5102.05
2024-08-16,Product C,East,114,51457.55,11313.01
2024-08-16,Product C,West,120,60533.66,8229.69
2024-08-16,Product D,North,175,84115.51,18046.82
2024-08-16,Product D,South,113,55002.43,7316.53
2024-08-16,Product D,East,142,92957.52,14613.31
2024-08-16,Product D,West,96,60288.39,10049.78
2024-08-17,Product A,North,118,42400.26,6016.92
2024-08-17,Product A,South,156,52713.3,11902.52
2024-08-17,Product A,East,99,47273.35,10477.05
2024-08-17,Product A,West,65,32063.38,5120.63
2024-08-17,Product B,North,91,36529.69,5201.85
2024-08-17,Product B,South,120,42046.67,8208.91
2024-08-17,Product B,East,79,39427.61,5945.04
2024-08-17,Product B,West,48,26234.21,5701.11
2024-08-17,Product C,North,60,19221.56,2453.51
2024-08-17,Product C,South,64,19499.67,2588.69
2024-08-17,Product C,East,96,33970.43,7895.4
2024-08-17,Product C,West,59,22150.89,3410.05
2024-08-17,Product D,North,142,51905.02,12871.45
2024-08-17,Product D,South,113,50712.71,8363.82
2024-08-17,Product D,East,133,66120.27,16501.99
2024-08-17,Product D,West,136,71598.92,14167.4
2024-08-18,Product A,North,139,52616.34,10151.63
2024-08-18,Product A,South,114,37696.55,5533.82
2024-08-18,Product A,East,136,54859.02,10281.68
2024-08-18,Product A,West,76,36953.01,5930.32
2024-08-18,Product B,North,65,31373.67,4009.26
2024-08-18,Product B,South,57,24717.53,6095.63
2024-08-18,Product B,East,66,32854.53,4386.2
2024-08-18,Product B,West,57,33254.18,5933.07
2024-08-18,Product C,North,43,14479.43,3306.25
2024-08-18,Product C,South,116,32549.03,5144.04
2024-08-18,Product C,East,88,31390.06,3789.64
2024-08-18,Product C,West,89,36857.02,4713.02
2024-08-18,Product D,North,88,39911.16,8611.93
2024-08-18,Product D,South,136,51293.17,8817.75
2024-08-18,Product D,East,119,58812.79,14012.93
2024-08-18,Product D,West,176,94280.31,17653.73
2024-08-19,Product A,North,62,27856.97,4243.45
2024-08-19,Product A,South,142,52311.84,9320.72
2024-08-19,Product A,East,57,28417.42,4227.34
2024-08-19,Product A,West,175,93745.84,21839.53
2024-08-19,Product B,North,44,20973.9,3349.18
2024-08-19,Product B,South,59,27044.72,5721.93
2024-08-19,Product B,East,147,95954.29,22368.26
2024-08-19,Product B,West,103,70572.5,10564.47
2024-08-19,Product C,North,112,45867.95,6846.03
2024-08-19,Product C,South,145,48861.43,10139.28
2024-08-19,Product C,East,164,64372.99,10767.77
2024-08-19,Product C,West,132,60293.75,15032.78
2024-08-19,Product D,North,102,44850.94,9553.67
2024-08-19,Product D,South,155,68605.16,16856.54
2024-08-19,Product D,East,62,33435.67,6253.18
2024-08-19,Product D,West,139,80477.55,10624.24
2024-08-20,Product A,North,91,37761.47,8409.05
2024-08-20,Product A,South,124,57030.99,12819.08
2024-08-20,Product A,East,86,45568.53,6444.14
2024-08-20,Product A,West,97,52873.94,11754.14
2024-08-20,Product B,North,145,80683.17,16332.21
2024-08-20,Product B,South,85,41886.39,5534.56
2024-08-20,Product B,East,47,26119.61,4582.35
2024-08-20,Product B,West,160,123291.47,30535.01
2024-08-20,Product C,North,79,28955.49,7125.54
2024-08-20,Product C,South,160,54565.57,13453.6
2024-08-20,Product C,East,167,74470.16,10098.18
2024-08-20,Product C,West,53,28012.71,4660.85
2024-08-20,Product D,North,109,56424.67,12844.03
2024-08-20,Product D,South,165,64138.46,11694.53
2024-08-20,Product D,East,71,39813.71,8843.83
2024-08-20,Product D,West,68,41651.91,8402.73
2024-08-21,Product A,North,69,29581.44,5373.2
2024-08-21,Product A,South,97,44031.87,8858.12
2024-08-21,Product A,East,64,30927.03,7275.21
2024-08-21,Product A,West,167,88850.9,17995.76
2024-08-21,Product B,North,43,21725.14,3295.68
2024-08-21,Product B,South,171,83768.29,14865.13
2024-08-21,Product B,East,145,100041.04,12728.52
2024-08-21,Product B,West,94,57522.21,12852.81
2024-08-21,Product C,North,170,77820.89,17612.73
2024-08-21,Product C,South,63,19809.43,4084.67
2024-08-21,Product C,East,52,22097.11,5401.67
2024-08-21,Product C,West,58,25412.3,5626.16
2024-08-21,Product D,North,159,69328.27,16607.48
2024-08-21,Product D,South,97,43954.57,6019.26
2024-08-21,Product D,East,87,42645.28,9188.77
2024-08-21,Product D,West,141,88421.47,13265.19
2024-08-22,Product A,North,64,27443.33,4447.44
2024-08-22,Product A,South,175,78726.65,15522.51
2024-08-22,Product A,East,57,30354.77,3948.34
2024-08-22,Product A,West,46,29024.99,5143.25
2024-08-22,Product B,North,151,80578.78,17048.07
2024-08-22,Product B,South,149,79813.02,19080.56
2024-08-22,Product B,East,115,67984.52,15754.64
2024-08-22,Product B,West,91,57738.04,9706.2
2024-08-22,Product C,North,144,48699.58,9320.62
2024-08-22,Product C,South,156,48878.53,6859.05
2024-08-22,Product C,East,87,40159.91,9237.8
2024-08-22,Product C,West,172,83937.72,11032.26
2024-08-22,Product D,North,135,63257.91,8888.84
2024-08-22,Product D,South,126,54440.36,10702.16
2024-08-22,Product D,East,127,58144.43,11653.77
2024-08-22,Product D,West,92,61779.48,13451.48
2024-08-23,Product A,North,152,71116.29,11981.19
2024-08-23,Product A,South,178,72655.44,12790.31
2024-08-23,Product A,East,108,58840.16,12136.51
2024-08-23,Product A,West,158,91154.04,10982.86
2024-08-23,Product B,North,59,26417.13,4643.68
2024-08-23,Product B,South,42,22225.21,3173.3
2024-08-23,Product B,East,46,29955.03,6350.51
2024-08-23,Product B,West,157,107758.8,26626.36
2024-08-23,Product C,North,143,50268.45,9567.41
2024-08-23,Product C,South,123,41717.87,5440.19
2024-08-23,Product C,East,172,71410.12,9558.0
2024-08-23,Product C,West,145,69101.83,16105.95
2024-08-23,Product D,North,108,51055.1,12283.53
2024-08-23,Product D,South,101,44822.19,10540.84
2024-08-23,Product D,East,57,30799.76,4518.15
2024-08-23,Product D,West,146,92558.31,22056.1
2024-08-24,Product A,North,169,62322.9,12152.96
2024-08-24,Product A,South,166,52721.43,11854.58
2024-08-24,Product A,East,173,64388.22,10315.31
2024-08-24,Product A,West,168,91571.79,22394.0
2024-08-24,Product B,North,76,34399.94,5193.5
2024-08-24,Product B,South,106,46340.32,10093.73
2024-08-24,Product B,East,174,78997.68,18151.51
2024-08-24,Product B,West,170,105135.66,20959.17
2024-08-24,Product C,North,82,26475.11,5959.54
2024-08-24,Product C,South,156,44423.2,5955.56
2024-08-24,Product C,East,79,31564.49,6893.98
2024-08-24,Product C,West,85,30145.61,5615.63
2024-08-24,Product D,North,114,41623.85,5088.61
2024-08-24,Product D,South,61,21681.95,5286.04
2024-08-24,Product D,East,112,48939.24,9445.19
2024-08-24,Product D,West,174,101287.97,16408.21
2024-08-25,Product A,North,121,44641.99,6784.1
2024-08-25,Product A,South,48,15201.53,2623.19
2024-08-25,Product A,East,51,23452.03,4159.5
2024-08-25,Product A,West,116,59475.39,13045.85
2024-08-25,Product B,North,174,65406.82,9562.27
2024-08-25,Product B,South,131,55725.86,11232.5
2024-08-25,Product B,East,156,86413.77,13436.8
2024-08-25,Product B,West,45,29547.64,6513.17
2024-08-25,Product C,North,158,52580.8,8669.82
2024-08-25,Product C,South,178,52462.87,12249.8
2024-08-25,Product C,East,75,27025.44,3659.99
2024-08-25,Product C,West,40,15299.43,2060.42
2024-08-25,Product D,North,90,33574.41,7737.48
2024-08-25,Product D,South,124,49465.33,12162.02
2024-08-25,Product D,East,93,40512.52,9180.45
2024-08-25,Product D,West,160,88073.29,13276.31
2024-08-26,Product A,North,113,55074.4,12257.56
2024-08-26,Product A,South,162,63221.37,14799.68
2024-08-26,Product A,East,114,67730.31,16703.13
2024-08-26,Product A,West,127,63472.49,11890.65
2024-08-26,Product B,North,101,60414.97,8874.8
2024-08-26,Product B,South,61,32868.41,5108.71
2024-08-26,Product B,East,49,30678.84,7014.61
2024-08-26,Product B,West,162,103746.96,22738.35
2024-08-26,Product C,North,177,68348.79,9098.23
2024-08-26,Product C,South,145,53346.54,13065.17
2024-08-26,Product C,East,121,48960.74,8759.58
2024-08-26,Product C,West,128,62661.26,7749.59
2024-08-26,Product D,North,111,51873.97,9121.59
2024-08-26,Product D,South,60,24850.69,5964.83
2024-08-26,Product D,East,150,89317.0,14137.13
2024-08-26,Product D,West,86,58767.15,10044.5
2024-08-27,Product A,North,49,23941.81,4576.26
2024-08-27,Product A,South,85,29682.38,4888.6
2024-08-27,Product A,East,52,22560.66,3013.32
2024-08-27,Product A,West,142,75073.06,17591.44
2024-08-27,Product B,North,159,82358.46,16366.17
2024-08-27,Product B,South,94,44620.45,10050.59
2024-08-27,Product B,East,166,104744.15,20058.35
2024-08-27,Product B,West,97,61977.83,10961.39
2024-08-27,Product C,North,106,42551.08,8502.8
2024-08-27,Product C,South,172,62396.21,12299.87
2024-08-27,Product C,East,173,74708.49,11987.35
2024-08-27,Product C,West,111,54197.72,12180.34
2024-08-27,Product D,North,167,71878.65,14779.76
2024-08-27,Product D,South,143,61960.91,14460.38
2024-08-27,Product D,East,126,70717.95,11720.62
2024-08-27,Product D,West,155,99850.65,21305.68
2024-08-28,Product A,North,46,20500.08,5080.29
2024-08-28,Product A,South,112,44026.62,8097.49
2024-08-28,Product A,East,89,37684.56,5349.94
2024-08-28,Product A,West,121,69091.82,9191.78
2024-08-28,Product B,North,106,52676.94,9516.65
2024-08-28,Product B,South,79,30513.15,5844.44
2024-08-28,Product B,East,80,49221.21,6618.82
2024-08-28,Product B,West,128,84255.62,15292.59
2024-08-28,Product C,North,99,41459.51,7829.48
2024-08-28,Product C,South,105,39045.5,9720.96
2024-08-28,Product C,East,113,45041.78,10557.24
2024-08-28,Product C,West,95,45451.38,5650.18
2024-08-28,Product D,North,168,73164.67,12344.17
2024-08-28,Product D,South,72,32641.24,6445.17
2024-08-28,Product D,East,149,82035.6,20404.79
2024-08-28,Product D,West,113,68322.36,12078.1
2024-08-29,Product A,North,132,55670.81,9309.39
2024-08-29,Product A,South,105,40820.99,8339.26
2024-08-29,Product A,East,61,31037.94,5054.92
2024-08-29,Product A,West,53,29777.51,6441.03
2024-08-29,Product B,North,114,60396.24,8943.36
2024-08-29,Product B,South,75,36680.29,7480.66
2024-08-29,Product B,East,43,28689.82,4707.08
2024-08-29,Product B,West,149,101142.91,12287.47
2024-08-29,Product C,North,161,63737.12,9387.04
2024-08-29,Product C,South,159,54186.12,12780.33
2024-08-29,Product C,East,56,18501.62,4515.64
2024-08-29,Product C,West,130,59452.8,11690.54
2024-08-29,Product D,North,54,25330.07,6296.88
2024-08-29,Product D,South,123,45329.82,7372.14
2024-08-29,Product D,East,135,77675.71,15526.02
2024-08-29,Product D,West,145,81287.97,19051.77
2024-08-30,Product A,North,85,40346.35,5972.09
2024-08-30,Product A,South,106,37726.59,6486.01
2024-08-30,Product A,East,113,58620.14,8103.77
2024-08-30,Product A,West,111,60073.25,12218.29
2024-08-30,Product B,North,111,60941.59,8205.11
2024-08-30,Product B,South,121,59853.95,12276.17
2024-08-30,Product B,East,126,81175.49,14055.19
2024-08-30,Product B,West,58,39433.48,5501.76
2024-08-30,Product C,North,160,63813.4,15500.12
2024-08-30,Product C,South,98,31527.84,4058.23
2024-08-30,Product C,East,140,63964.49,9776.87
2024-08-30,Product C,West,81,38676.92,9443.11
2024-08-30,Product D,North,70,35109.1,7744.11
2024-08-30,Product D,South,144,59316.11,10798.27
2024-08-30,Product D,East,114,68690.14,8691.21
2024-08-30,Product D,West,54,28592.91,3981.69
2024-08-31,Product A,North,136,44852.06,10285.28
2024-08-31,Product A,South,60,18532.91,4270.58
2024-08-31,Product A,East,124,47580.06,11495.41
2024-08-31,Product A,West,155,72983.55,15538.88
2024-08-31,Product B,North,136,58537.09,9001.11
2024-08-31,Product B,South,95,38572.92,5659.87
2024-08-31,Product B,East,168,86227.87,17990.88
2024-08-31,Product B,West,104,57964.4,12100.46
2024-08-31,Product C,North,88,29483.57,6709.65
2024-08-31,Product C,South,51,14838.16,2938.2
2024-08-31,Product C,East,120,50184.82,10182.07
2024-08-31,Product C,West,98,45533.52,7055.13
2024-08-31,Product D,North,75,29247.8,5701.96
2024-08-31,Product D,South,146,51262.21,6953.82
2024-08-31,Product D,East,51,20682.07,3536.88
2024-08-31,Product D,West,115,60610.03,8398.25
2024-09-01,Product A,North,90,35823.68,6843.96
2024-09-01,Product A,South,132,47731.75,8423.44
2024-09-01,Product A,East,63,30947.22,7061.83
2024-09-01,Product A,West,165,73801.57,15053.24
2024-09-01,Product B,North,127,54973.63,8871.57
2024-09-01,Product B,South,173,68686.49,10610.66
2024-09-01,Product B,East,161,74024.55,14813.67
2024-09-01,Product B,West,80,44404.18,5363.64
2024-09-01,Product C,North,40,11392.15,2538.62
2024-09-01,Product C,South,147,33644.87,7610.2
2024-09-01,Product C,East,135,40887.97,5362.85
2024-09-01,Product C,West,101,42260.05,7405.35
2024-09-01,Product D,North,170,72072.98,15970.64
2024-09-01,Product D,South,65,25942.1,3847.12
2024-09-01,Product D,East,46,25185.09,5332.07
2024-09-01,Product D,West,100,55003.18,8690.69
2024-09-02,Product A,North,57,25695.54,4422.77
2024-09-02,Product A,South,162,72984.63,12309.86
2024-09-02,Product A,East,61,30109.34,5405.19
2024-09-02,Product A,West,106,57291.73,8450.46
2024-09-02,Product B,North,94,53742.21,10513.67
2024-09-02,Product B,South,169,79260.12,17799.57
2024-09-02,Product B,East,73,44472.54,10636.12
2024-09-02,Product B,West,123,74972.64,15104.08
2024-09-02,Product C,North,150,57012.8,6964.12
2024-09-02,Product C,South,151,51826.54,10717.0
2024-09-02,Product C,East,41,17530.04,3620.0
2024-09-02,Product C,West,84,38588.46,5032.4
2024-09-02,Product D,North,63,26645.55,4226.23
2024-09-02,Product D,South,178,71646.39,12627.21
2024-09-02,Product D,East,156,91198.86,14995.12
2024-09-02,Product D,West,117,71300.75,14564.02
2024-09-03,Product A,North,172,76873.78,17504.54
2024-09-03,Product A,South,158,60446.2,7263.0
2024-09-03,Product A,East,69,32933.67,6748.94
2024-09-03,Product A,West,113,58601.45,11338.06
2024-09-03,Product B,North,116,54226.9,10293.37
2024-09-03,Product B,South,118,53291.99,6737.87
2024-09-03,Product B,East,172,115193.69,18259.94
2024-09-03,Product B,West,65,46945.43,6249.17
2024-09-03,Product C,North,132,47410.74,5810.29
2024-09-03,Product C,South,111,31127.54,5425.57
2024-09-03,Product C,East,154,70203.05,13728.96
2024-09-03,Product C,West,164,66864.13,15684.47
2024-09-03,Product D,North,133,60117.58,10427.45
2024-09-03,Product D,South,104,49471.89,11738.95
2024-09-03,Product D,East,91,48650.25,11534.01
2024-09-03,Product D,West,47,29196.07,3919.98
2024-09-04,Product A,North,71,26469.36,3296.44
2024-09-04,Product A,South,58,24453.19,3238.82
2024-09-04,Product A,East,176,95003.21,22600.93
2024-09-04,Product A,West,135,70766.86,14329.69
2024-09-04,Product B,North,53,28872.87,5862.08
2024-09-04,Product B,South,121,58100.19,7209.62
2024-09-04,Product B,East,151,101111.95,22670.87
2024-09-04,Product B,West,72,46135.88,7199.91
2024-09-04,Product C,North,167,52047.87,7102.05
2024-09-04,Product C,South,48,17458.68,3119.02
2024-09-04,Product C,East,136,56091.15,7463.73
2024-09-04,Product C,West,125,55944.01,8740.24
2024-09-04,Product D,North,177,84258.14,19163.16
2024-09-04,Product D,South,60,26345.24,3694.6
2024-09-04,Product D,East,48,23998.05,3999.01
2024-09-04,Product D,West,40,22281.96,4409.78
2024-09-05,Product A,North,76,32622.3,4037.06
2024-09-05,Product A,South,123,54364.68,10325.48
2024-09-05,Product A,East,76,39849.77,8981.6
2024-09-05,Product A,West,112,56084.85,9675.98
2024-09-05,Product B,North,41,19981.31,2532.93
2024-09-05,Product B,South,116,51952.87,9010.46
2024-09-05,Product B,East,103,60429.41,8664.36
2024-09-05,Product B,West,91,62473.39,9857.34
2024-09-05,Product C,North,179,73217.15,11320.08
2024-09-05,Product C,South,175,58679.64,10360.58
2024-09-05,Product C,East,82,32456.98,4329.52
2024-09-05,Product C,West,167,83470.38,16077.61
2024-09-05,Product D,North,140,68540.74,14651.04
2024-09-05,Product D,South,149,68162.53,16005.35
2024-09-05,Product D,East,149,87371.28,14998.94
2024-09-05,Product D,West,173,109686.37,20595.28
2024-09-06,Product A,North,107,47467.66,10334.19
2024-09-06,Product A,South,54,22731.55,3990.21
2024-09-06,Product A,East,154,87405.76,11834.06
2024-09-06,Product A,West,84,47278.27,10811.28
2024-09-06,Product B,North,97,54157.68,7264.29
2024-09-06,Product B,South,145,62575.32,13646.93
2024-09-06,Product B,East,113,70442.48,15255.09
2024-09-06,Product B,West,42,25843.29,5779.69
2024-09-06,Product C,North,98,31769.97,5119.69
2024-09-06,Product C,South,174,65202.68,13434.74
2024-09-06,Product C,East,145,61304.06,8020.97
2024-09-06,Product C,West,64,27711.1,5533.68
2024-09-06,Product D,North,108,53071.73,11967.09
2024-09-06,Product D,South,105,45573.16,6760.78
2024-09-06,Product D,East,63,37374.15,5323.77
2024-09-06,Product D,West,58,30334.52,7310.91
2024-09-07,Product A,North,154,58531.76,14048.38
2024-09-07,Product A,South,127,37023.59,4586.26
2024-09-07,Product A,East,164,65415.26,12486.54
2024-09-07,Product A,West,133,67181.61,8859.25
2024-09-07,Product B,North,168,74162.27,16895.93
2024-09-07,Product B,South,158,62085.58,13316.51
2024-09-07,Product B,East,91,50414.62,9418.74
2024-09-07,Product B,West,40,24118.6,3366.86
2024-09-07,Product C,North,108,37303.7,7122.82
2024-09-07,Product C,South,51,14962.84,2298.86
2024-09-07,Product C,East,174,57439.97,12252.03
2024-09-07,Product C,West,42,14530.34,2080.88
2024-09-07,Product D,North,93,30085.02,4307.44
2024-09-07,Product D,South,108,36069.85,7208.02
2024-09-07,Product D,East,159,77595.86,10685.15
2024-09-07,Product D,West,60,30938.43,5279.39
2024-09-08,Product A,North,56,17032.87,2692.12
2024-09-08,Product A,South,88,27400.28,3866.72
2024-09-08,Product A,East,157,65479.47,15964.86
2024-09-08,Product A,West,168,80112.03,12482.74
2024-09-08,Product B,North,66,27347.17,5268.0
2024-09-08,Product B,South,56,25413.72,5349.95
2024-09-08,Product B,East,140,67239.87,13250.31
2024-09-08,Product B,West,68,38694.3,6271.42
2024-09-08,Product C,North,93,32714.09,6526.26
2024-09-08,Product C,South,126,34744.19,5514.33
2024-09-08,Product C,East,76,27098.1,3957.45
2024-09-08,Product C,West,177,69431.27,9657.21
2024-09-08,Product D,North,62,23560.61,5444.64
2024-09-08,Product D,South,89,29773.54,6642.84
2024-09-08,Product D,East,148,69573.61,12183.16
2024-09-08,Product D,West,106,50377.89,7441.71
2024-09-09,Product A,North,57,24395.04,4585.89
2024-09-09,Product A,South,88,35568.13,6911.36
2024-09-09,Product A,East,112,57935.56,8111.01
2024-09-09,Product A,West,57,30752.48,5839.55
2024-09-09,Product B,North,69,34281.11,8021.45
2024-09-09,Product B,South,42,17296.71,2854.63
2024-09-09,Product B,East,173,107543.02,21636.29
2024-09-09,Product B,West,130,79866.89,16371.02
2024-09-09,Product C,North,100,36600.77,6298.66
2024-09-09,Product C,South,79,27165.31,6272.59
2024-09-09,Product C,East,175,67447.51,13222.53
2024-09-09,Product C,West,66,28898.04,6781.17
2024-09-09,Product D,North,136,77668.23,18480.73
2024-09-09,Product D,South,73,34310.91,5032.84
2024-09-09,Product D,East,43,25458.76,5685.32
2024-09-09,Product D,West,169,99897.74,12921.29
2024-09-10,Product A,North,166,63981.95,15610.02
2024-09-10,Product A,South,58,20467.23,2721.84
2024-09-10,Product A,East,94,45996.11,8062.82
2024-09-10,Product A,West,104,63985.21,14948.21
2024-09-10,Product B,North,177,83296.51,19315.59
2024-09-10,Product B,South,159,70325.45,16745.85
2024-09-10,Product B,East,78,51586.9,11643.45
2024-09-10,Product B,West,103,76305.19,15797.55
2024-09-10,Product C,North,128,40339.41,6950.3
2024-09-10,Product C,South,101,34786.22,5277.46
2024-09-10,Product C,East,99,43489.26,10544.18
2024-09-10,Product C,West,86,32139.17,6554.09
2024-09-10,Product D,North,172,85572.08,15036.15
2024-09-10,Product D,South,91,38328.08,6594.39
2024-09-10,Product D,East,123,64825.38,12540.47
2024-09-10,Product D,West,103,56958.59,12692.93
2024-09-11,Product A,North,103,41083.57,8250.54
2024-09-11,Product A,South,164,56188.57,13327.39
2024-09-11,Product A,East,86,44545.1,6541.74
2024-09-11,Product A,West,144,83534.93,19032.08
2024-09-11,Product B,North,73,38593.99,5059.59
2024-09-11,Product B,South,109,49469.44,11398.99
2024-09-11,Product B,East,60,33936.61,4604.3
2024-09-11,Product B,West,118,64660.22,15940.29
2024-09-11,Product C,North,81,32338.51,5782.66
2024-09-11,Product C,South,143,56143.91,7100.75
2024-09-11,Product C,East,76,30787.81,6618.57
2024-09-11,Product C,West,150,60162.82,14614.87
2024-09-11,Product D,North,144,66206.16,8247.36
2024-09-11,Product D,South,170,73054.34,11551.69
2024-09-11,Product D,East,70,38125.85,5037.33
2024-09-11,Product D,West,165,86778.79,14293.76
2024-09-12,Product A,North,96,39699.71,9453.69
2024-09-12,Product A,South,130,49999.61,11410.08
2024-09-12,Product A,East,53,25571.85,6194.28
2024-09-12,Product A,West,43,21426.58,5328.35
2024-09-12,Product B,North,97,50927.61,10330.65
2024-09-12,Product B,South,43,17854.61,3105.19
2024-09-12,Product B,East,60,38635.04,9458.89
2024-09-12,Product B,West,125,75494.18,13125.11
2024-09-12,Product C,North,76,29987.19,7314.72
2024-09-12,Product C,South,149,49751.08,10053.73
2024-09-12,Product C,East,178,71294.54,10916.52
2024-09-12,Product C,West,113,49301.94,7584.45
2024-09-12,Product D,North,176,83636.86,15878.75
2024-09-12,Product D,South,91,37763.43,8097.48
2024-09-12,Product D,East,72,45071.49,11126.38
2024-09-12,Product D,West,69,47525.41,10890.5
2024-09-13,Product A,North,172,72093.43,14824.87
2024-09-13,Product A,South,65,25544.11,6130.62
2024-09-13,Product A,East,162,74252.15,12493.29
2024-09-13,Product A,West,147,76086.73,11846.28
2024-09-13,Product B,North,78,41557.55,7244.18
2024-09-13,Product B,South,65,26392.44,4155.97
2024-09-13,Product B,East,75,46939.94,6167.39
2024-09-13,Product B,West,67,40526.38,7532.62
2024-09-13,Product C,North,159,56710.97,10817.66
2024-09-13,Product C,South,70,23440.58,5796.56
2024-09-13,Product C,East,41,18513.99,4494.89
2024-09-13,Product C,West,129,60775.8,11117.04
2024-09-13,Product D,North,117,55977.66,11774.66
2024-09-13,Product D,South,117,49320.56,8201.6
2024-09-13,Product D,East,130,69525.93,12515.76
2024-09-13,Product D,West,107,60936.76,10708.06
2024-09-14,Product A,North,123,46929.11,9978.78
2024-09-14,Product A,South,168,52011.53,8859.56
2024-09-14,Product A,East,74,29292.99,5340.29
2024-09-14,Product A,West,177,78826.15,14809.04
2024-09-14,Product B,North,139,66997.89,16161.09
2024-09-14,Product B,South,110,46982.54,5902.96
2024-09-14,Product B,East,105,52696.71,8802.14
2024-09-14,Product B,West,91,53134.65,7560.88
2024-09-14,Product C,North,62,20919.54,2584.25
2024-09-14,Product C,South,108,25436.6,5214.35
2024-09-14,Product C,East,107,35672.12,4801.31
2024-09-14,Product C,West,165,62599.38,11666.46
2024-09-14,Product D,North,160,71553.29,17186.68
2024-09-14,Product D,South,107,35146.27,5590.04
2024-09-14,Product D,East,56,23193.69,2971.14
2024-09-14,Product D,West,173,81516.08,11101.26
2024-09-15,Product A,North,91,36679.7,5827.86
2024-09-15,Product A,South,143,50350.16,9599.44
2024-09-15,Product A,East,97,44999.55,8541.42
2024-09-15,Product A,West,70,32298.61,4121.47
2024-09-15,Product B,North,145,64823.85,11438.22
2024-09-15,Product B,South,154,69664.99,14933.45
2024-09-15,Product B,East,96,50890.89,11118.27
2024-09-15,Product B,West,58,29433.56,5649.77
2024-09-15,Product C,North,108,30948.31,3898.59
2024-09-15,Product C,South,164,45341.13,7421.65
2024-09-15,Product C,East,93,31912.29,4131.01
2024-09-15,Product C,West,164,68596.47,13213.64
2024-09-15,Product D,North,64,26532.84,4413.24
2024-09-15,Product D,South,164,55828.66,10394.45
2024-09-15,Product D,East,40,16062.1,3058.92
2024-09-15,Product D,West,157,78458.0,17986.0
2024-09-16,Product A,North,94,41823.15,8452.54
2024-09-16,Product A,South,177,65697.88,8158.89
2024-09-16,Product A,East,80,42288.15,7055.74
2024-09-16,Product A,West,124,68652.33,17001.7
2024-09-16,Product B,North,177,79887.22,15510.02
2024-09-16,Product B,South,81,35118.08,4713.76
2024-09-16,Product B,East,123,71989.8,16382.57
2024-09-16,Product B,West,48,29316.05,4308.57
2024-09-16,Product C,North,73,28737.46,5967.36
2024-09-16,Product C,South,164,57629.61,8187.5
2024-09-16,Product C,East,120,50336.92,8105.48
2024-09-16,Product C,West,135,52567.8,9256.46
2024-09-16,Product D,North,121,53723.38,7109.11
2024-09-16,Product D,South,155,61103.21,7605.67
2024-09-16,Product D,East,149,88105.94,18783.74
2024-09-16,Product D,West,70,37078.38,5646.77
2024-09-17,Product A,North,138,56556.35,8054.68
2024-09-17,Product A,South,127,45063.31,7859.89
2024-09-17,Product A,East,170,86233.09,18093.4
2024-09-17,Product A,West,52,23440.89,5559.98
2024-09-17,Product B,North,160,73176.14,14084.75
2024-09-17,Product B,South,53,25626.41,5472.65
2024-09-17,Product B,East,63,41806.95,7433.33
2024-09-17,Product B,West,90,59530.48,8027.82
2024-09-17,Product C,North,167,57875.76,11853.24
2024-09-17,Product C,South,152,50328.69,8522.05
2024-09-17,Product C,East,159,62588.94,11715.65
2024-09-17,Product C,West,95,42181.88,8779.71
2024-09-17,Product D,North,152,73543.5,14884.65
2024-09-17,Product D,South,43,19778.34,2829.0
2024-09-17,Product D,East,101,46073.96,8281.62
2024-09-17,Product D,West,151,89514.29,12083.67
2024-09-18,Product A,North,104,40944.64,5965.4
2024-09-18,Product A,South,84,32246.17,6938.5
2024-09-18,Product A,East,81,42364.57,7547.64
2024-09-18,Product A,West,81,36733.84,4649.58
2024-09-18,Product B,North,106,57468.48,13113.96
2024-09-18,Product B,South,118,48950.44,10198.14
2024-09-18,Product B,East,145,83690.62,18135.97
2024-09-18,Product B,West,95,65923.7,14599.28
2024-09-18,Product C,North,80,25238.15,5761.14
2024-09-18,Product C,South,80,23569.51,5309.82
2024-09-18,Product C,East,143,66596.38,9702.16
2024-09-18,Product C,West,139,51239.82,9490.71
2024-09-18,Product D,North,105,51653.02,10524.37
2024-09-18,Product D,South,54,22083.29,4730.29
2024-09-18,Product D,East,44,21766.58,3691.34
2024-09-18,Product D,West,67,36564.53,8538.21
2024-09-19,Product A,North,107,46674.37,10076.06
2024-09-19,Product A,South,158,64291.84,14842.09
2024-09-19,Product A,East,75,37596.14,8700.6
2024-09-19,Product A,West,54,32095.26,7214.3
2024-09-19,Product B,North,62,31925.54,7002.14
2024-09-19,Product B,South,103,48518.26,9164.38
2024-09-19,Product B,East,103,58267.1,10370.12
2024-09-19,Product B,West,91,65771.74,15388.5
2024-09-19,Product C,North,103,33922.43,7991.07
2024-09-19,Product C,South,115,35347.31,5053.24
2024-09-19,Product C,East,113,44763.27,9622.34
2024-09-19,Product C,West,51,25485.5,6331.84
2024-09-19,Product D,North,54,28515.54,5124.48
2024-09-19,Product D,South,137,62099.09,12691.55
2024-09-19,Product D,East,78,41101.04,10016.0
2024-09-19,Product D,West,65,40463.77,5986.57
2024-09-20,Product A,North,136,54203.57,13267.11
2024-09-20,Product A,South,52,19815.73,2944.95
2024-09-20,Product A,East,105,55395.02,9412.44
2024-09-20,Product A,West,49,24012.96,3963.2
2024-09-20,Product B,North,169,90828.2,17514.41
2024-09-20,Product B,South,128,54111.69,12844.36
2024-09-20,Product B,East,175,83026.05,20324.0
2024-09-20,Product B,West,130,86124.68,15839.54
2024-09-20,Product C,North,112,45424.85,6673.79
2024-09-20,Product C,South,71,21858.49,4778.77
2024-09-20,Product C,East,142,65200.73,14871.41
2024-09-20,Product C,West,83,31892.54,7079.71
2024-09-20,Product D,North,67,31295.38,6272.51
2024-09-20,Product D,South,57,20807.07,4749.62
2024-09-20,Product D,East,158,95662.27,15111.38
2024-09-20,Product D,West,175,123881.37,30576.48
2024-09-21,Product A,North,108,39414.19,6379.02
2024-09-21,Product A,South,56,17964.35,2642.38
2024-09-21,Product A,East,179,71767.43,12740.24
2024-09-21,Product A,West,114,54042.73,10671.95
2024-09-21,Product B,North,142,62061.22,8982.7
2024-09-21,Product B,South,121,38078.91,6692.98
2024-09-21,Product B,East,106,48958.33,7245.12
2024-09-21,Product B,West,102,56236.92,11740.1
2024-09-21,Product C,North,112,33854.84,5231.24
2024-09-21,Product C,South,46,12977.18,2758.85
2024-09-21,Product C,East,128,50193.29,11340.31
2024-09-21,Product C,West,167,61890.96,13081.48
2024-09-21,Product D,North,144,63777.8,10411.41
2024-09-21,Product D,South,83,30326.75,4422.73
2024-09-21,Product D,East,75,29907.34,7196.29
2024-09-21,Product D,West,65,38637.55,9527.8
2024-09-22,Product A,North,107,34139.36,4670.06
2024-09-22,Product A,South,49,15304.73,3171.48
2024-09-22,Product A,East,139,57061.41,14199.72
2024-09-22,Product A,West,64,28008.3,4832.95
2024-09-22,Product B,North,131,58249.77,9946.44
2024-09-22,Product B,South,60,22960.45,5245.39
2024-09-22,Product B,East,89,47194.33,10064.09
2024-09-22,Product B,West,87,48441.96,9295.15
2024-09-22,Product C,North,58,17437.22,2345.29
2024-09-22,Product C,South,131,38401.48,8658.29
2024-09-22,Product C,East,118,42696.06,8560.01
2024-09-22,Product C,West,159,55984.31,9606.97
2024-09-22,Product D,North,124,45908.42,8396.99
2024-09-22,Product D,South,158,61705.23,10846.31
2024-09-22,Product D,East,46,22078.98,5090.5
2024-09-22,Product D,West,97,48028.63,10248.6
2024-09-23,Product A,North,66,30175.92,6192.81
2024-09-23,Product A,South,115,39458.05,6349.18
2024-09-23,Product A,East,106,55354.0,9688.47
2024-09-23,Product A,West,121,65907.36,16235.43
2024-09-23,Product B,North,41,19649.08,3435.85
2024-09-23,Product B,South,69,29776.63,3798.63
2024-09-23,Product B,East,157,99030.09,16509.66
2024-09-23,Product B,West,49,35289.4,8543.53
2024-09-23,Product C,North,77,25702.31,6121.22
2024-09-23,Product C,South,122,40267.05,4928.54
2024-09-23,Product C,East,70,25577.35,4097.55
2024-09-23,Product C,West,84,39425.12,8555.44
2024-09-23,Product D,North,51,27075.64,3635.76
2024-09-23,Product D,South,60,25127.5,3073.4
2024-09-23,Product D,East,162,89107.92,20814.02
2024-09-23,Product D,West,174,110683.63,19151.77
2024-09-24,Product A,North,127,59444.29,13685.87
2024-09-24,Product A,South,55,23163.81,4133.81
2024-09-24,Product A,East,132,65259.0,11866.35
2024-09-24,Product A,West,87,53547.94,9855.97
2024-09-24,Product B,North,73,35753.52,5859.37
2024-09-24,Product B,South,58,24298.31,4557.55
2024-09-24,Product B,East,117,66558.31,13103.9
2024-09-24,Product B,West,139,93423.92,17975.07
2024-09-24,Product C,North,97,32992.02,6570.61
2024-09-24,Product C,South,112,38800.53,9175.63
2024-09-24,Product C,East,47,20297.43,2774.88
2024-09-24,Product C,West,48,23857.56,5608.65
2024-09-24,Product D,North,169,79352.26,17665.95
2024-09-24,Product D,South,62,28663.14,4891.52
2024-09-24,Product D,East,127,68080.17,8521.92
2024-09-24,Product D,West,101,65945.68,16441.39
2024-09-25,Product A,North,117,46915.57,11404.83
2024-09-25,Product A,South,44,17144.8,2562.13
2024-09-25,Product A,East,118,57181.68,13293.14
2024-09-25,Product A,West,178,95133.89,17592.41
2024-09-25,Product B,North,79,40789.9,6204.11
2024-09-25,Product B,South,112,47479.03,8748.28
2024-09-25,Product B,East,55,29386.8,4397.78
2024-09-25,Product B,West,175,101610.33,15013.23
2024-09-25,Product C,North,130,46717.4,10149.56
2024-09-25,Product C,South,87,26378.19,4533.41
2024-09-25,Product C,East,139,55241.58,9072.29
2024-09-25,Product C,West,100,43033.99,8288.39
2024-09-25,Product D,North,120,52408.89,12485.81
2024-09-25,Product D,South,86,37919.3,6600.09
2024-09-25,Product D,East,62,33975.2,6964.73
2024-09-25,Product D,West,46,25554.75,4125.83
2024-09-26,Product A,North,67,26336.5,3963.4
2024-09-26,Product A,South,81,28916.45,5630.56
2024-09-26,Product A,East,168,82064.36,18588.01
2024-09-26,Product A,West,126,62022.06,15003.19
2024-09-26,Product B,North,128,65042.36,8537.22
2024-09-26,Product B,South,79,40545.15,5006.93
2024-09-26,Product B,East,174,107415.77,25370.79
2024-09-26,Product B,West,42,21790.18,4889.48
2024-09-26,Product C,North,66,22245.87,2979.97
2024-09-26,Product C,South,56,16420.45,3458.61
2024-09-26,Product C,East,89,35807.8,8110.95
2024-09-26,Product C,West,128,64662.27,8471.97
2024-09-26,Product D,North,168,70742.9,10903.34
2024-09-26,Product D,South,157,68562.84,16326.54
2024-09-26,Product D,East,73,39167.44,8764.25
2024-09-26,Product D,West,70,42638.62,7311.34
2024-09-27,Product A,North,92,42400.09,6593.0
2024-09-27,Product A,South,106,32241.05,5815.94
2024-09-27,Product A,East,122,61217.07,9369.45
2024-09-27,Product A,West,67,32156.77,4369.96
2024-09-27,Product B,North,57,28921.38,4399.89
2024-09-27,Product B,South,68,31024.74,7526.17
2024-09-27,Product B,East,103,60707.3,8410.24
2024-09-27,Product B,West,157,94533.03,22300.35
2024-09-27,Product C,North,139,46110.72,9655.04
2024-09-27,Product C,South,120,38130.85,7905.66
2024-09-27,Product C,East,81,31547.75,3900.98
2024-09-27,Product C,West,118,56340.41,8804.76
2024-09-27,Product D,North,71,33780.26,8102.13
2024-09-27,Product D,South,114,47024.82,11664.57
2024-09-27,Product D,East,94,53324.09,6899.89
2024-09-27,Product D,West,73,41308.15,7772.42
2024-09-28,Product A,North,58,19081.81,3048.4
2024-09-28,Product A,South,159,47365.5,7247.11
2024-09-28,Product A,East,143,64474.74,9892.03
2024-09-28,Product A,West,167,79067.75,14217.06
2024-09-28,Product B,North,125,57212.46,11733.12
2024-09-28,Product B,South,146,69277.66,10375.73
2024-09-28,Product B,East,91,37552.85,7788.06
2024-09-28,Product B,West,83,45786.77,8513.84
2024-09-28,Product C,North,47,14767.18,3058.17
2024-09-28,Product C,South,48,13085.5,1918.35
2024-09-28,Product C,East,117,36033.95,7525.22
2024-09-28,Product C,West,64,23805.48,5737.92
2024-09-28,Product D,North,137,48327.0,8225.12
2024-09-28,Product D,South,89,29809.23,5974.29
2024-09-28,Product D,East,163,81850.45,15316.08
2024-09-28,Product D,West,41,15938.4,2390.86
2024-09-29,Product A,North,130,47859.62,11268.74
2024-09-29,Product A,South,108,32099.38,7016.7
2024-09-29,Product A,East,165,71953.86,10626.99
2024-09-29,Product A,West,178,79267.44,13050.85
2024-09-29,Product B,North,153,59887.97,14697.58
2024-09-29,Product B,South,70,31280.4,3900.0
2024-09-29,Product B,East,67,30302.15,6379.74
2024-09-29,Product B,West,142,80654.8,18832.16
2024-09-29,Product C,North,79,26413.89,4643.95
2024-09-29,Product C,South,121,35459.84,7855.4
2024-09-29,Product C,East,130,45361.8,9287.49
2024-09-29,Product C,West,57,22694.18,5430.54
2024-09-29,Product D,North,71,27957.85,4044.7
2024-09-29,Product D,South,119,43699.7,10911.84
2024-09-29,Product D,East,90,39842.55,9531.64
2024-09-29,Product D,West,58,29266.13,5041.08
2024-09-30,Product A,North,124,53154.02,8872.79
2024-09-30,Product A,South,59,18466.19,4456.91
2024-09-30,Product A,East,143,62263.75,9274.85
2024-09-30,Product A,West,90,55985.57,11707.98
2024-09-30,Product B,North,108,60450.28,13225.0
2024-09-30,Product B,South,154,66116.56,9612.34
2024-09-30,Product B,East,150,86342.86,19820.3
2024-09-30,Product B,West,87,54665.01,12508.43
2024-09-30,Product C,North,70,25057.27,3038.1
2024-09-30,Product C,South,86,28929.3,3970.08
2024-09-30,Product C,East,168,62757.45,10478.08
2024-09-30,Product C,West,166,77228.14,12828.64
2024-09-30,Product D,North,107,50005.52,8593.39
2024-09-30,Product D,South,51,22933.61,5466.49
2024-09-30,Product D,East,98,55430.75,8104.93
2024-09-30,Product D,West,136,69767.02,16682.36
2024-10-01,Product A,North,126,53631.62,13279.69
2024-10-01,Product A,South,150,69155.04,14923.57
2024-10-01,Product A,East,80,36475.2,8854.52
2024-10-01,Product A,West,110,55279.13,13476.55
2024-10-01,Product B,North,65,33970.11,5294.92
2024-10-01,Product B,South,100,44657.13,8339.5
2024-10-01,Product B,East,152,105652.07,19400.72
2024-10-01,Product B,West,160,95478.0,12419.52
2024-10-01,Product C,North,101,37786.13,8308.7
2024-10-01,Product C,South,108,30827.32,5338.4
2024-10-01,Product C,East,145,60081.62,10584.78
2024-10-01,Product C,West,162,71308.43,15994.97
2024-10-01,Product D,North,43,18210.34,3777.63
2024-10-01,Product D,South,72,34081.79,4974.11
2024-10-01,Product D,East,61,32722.95,7425.81
2024-10-01,Product D,West,56,35886.4,4990.76
2024-10-02,Product A,North,174,56523.59,12333.96
2024-10-02,Product A,South,127,54821.08,7874.36
2024-10-02,Product A,East,94,43753.05,8353.54
2024-10-02,Product A,West,83,46274.86,10753.52
2024-10-02,Product B,North,89,43284.29,6995.91
2024-10-02,Product B,South,123,61190.12,10859.28
2024-10-02,Product B,East,104,58064.72,10401.8
2024-10-02,Product B,West,116,70713.15,11074.25
2024-10-02,Product C,North,136,41701.94,5689.18
2024-10-02,Product C,South,85,28819.23,6152.68
2024-10-02,Product C,East,51,17803.62,2992.63
2024-10-02,Product C,West,41,16467.79,2597.85
2024-10-02,Product D,North,113,49870.48,9632.99
2024-10-02,Product D,South,170,77123.37,15685.98
2024-10-02,Product D,East,53,28188.07,4929.05
2024-10-02,Product D,West,63,31161.12,5935.09
2024-10-03,Product A,North,56,23693.86,3383.57
2024-10-03,Product A,South,72,25838.5,5325.95
2024-10-03,Product A,East,151,79414.82,10906.83
2024-10-03,Product A,West,128,52305.71,7051.6
2024-10-03,Product B,North,171,88169.75,13854.5
2024-10-03,Product B,South,111,57594.94,12593.79
2024-10-03,Product B,East,148,79152.86,10121.42
2024-10-03,Product B,West,173,100229.06,21564.04
2024-10-03,Product C,North,173,52798.55,9845.46
2024-10-03,Product C,South,122,47165.84,6028.32
2024-10-03,Product C,East,95,40777.77,9520.53
2024-10-03,Product C,West,97,40258.74,5718.26
2024-10-03,Product D,North,171,85745.66,19568.03
2024-10-03,Product D,South,137,55456.55,12860.08
2024-10-03,Product D,East,58,33797.16,5755.59
2024-10-03,Product D,West,120,76895.98,12552.08
2024-10-04,Product A,North,104,46923.3,6670.44
2024-10-04,Product A,South,108,40038.72,5463.71
2024-10-04,Product A,East,94,44248.36,8305.04
2024-10-04,Product A,West,92,47456.54,6171.63
2024-10-04,Product B,North,94,46886.07,10960.76
2024-10-04,Product B,South,69,30124.4,5408.63
2024-10-04,Product B,East,142,73792.81,18156.31
2024-10-04,Product B,West,148,76888.5,17896.95
2024-10-04,Product C,North,135,46197.22,8482.41
2024-10-04,Product C,South,165,53151.09,7060.48
2024-10-04,Product C,East,138,63075.87,9484.75
2024-10-04,Product C,West,84,42658.74,6351.33
2024-10-04,Product D,North,134,64060.09,14448.91
2024-10-04,Product D,South,129,56050.27,9315.2
2024-10-04,Product D,East,153,89566.94,21530.19
2024-10-04,Product D,West,96,55555.53,6946.92
2024-10-05,Product A,North,121,42744.74,5791.19
2024-10-05,Product A,South,42,14711.85,2064.75
2024-10-05,Product A,East,64,26948.83,4672.72
2024-10-05,Product A,West,162,79813.9,14158.66
2024-10-05,Product B,North,78,37312.54,4520.07
2024-10-05,Product B,South,66,31651.12,6166.78
2024-10-05,Product B,East,70,35460.01,8535.89
2024-10-05,Product B,West,122,65394.24,12801.19
2024-10-05,Product C,North,49,13307.82,3236.31
2024-10-05,Product C,South,45,12276.83,2164.87
2024-10-05,Product C,East,97,31626.63,5905.25
2024-10-05,Product C,West,166,66440.91,11683.21
2024-10-05,Product D,North,159,62934.09,9916.45
2024-10-05,Product D,South,109,39422.91,9598.45
2024-10-05,Product D,East,105,54811.9,8182.74
2024-10-05,Product D,West,46,23468.97,3001.72
2024-10-06,Product A,North,160,64083.67,14531.98
2024-10-06,Product A,South,40,12427.26,1802.97
2024-10-06,Product A,East,158,82293.15,17819.93
2024-10-06,Product A,West,80,37647.85,5650.84
2024-10-06,Product B,North,154,75412.55,14322.79
2024-10-06,Product B,South,118,47835.51,11087.35
2024-10-06,Product B,East,110,58640.5,7343.67
2024-10-06,Product B,West,126,71215.55,9148.91
2024-10-06,Product C,North,151,53428.84,7490.84
2024-10-06,Product C,South,157,43471.71,5907.26
2024-10-06,Product C,East,57,19985.15,4096.23
2024-10-06,Product C,West,82,28143.29,4054.86
2024-10-06,Product D,North,176,79209.53,14015.66
2024-10-06,Product D,South,50,16296.36,3418.15
2024-10-06,Product D,East,58,26644.54,5214.55
2024-10-06,Product D,West,165,80745.96,10983.65
2024-10-07,Product A,North,158,63002.06,15435.84
2024-10-07,Product A,South,77,26996.79,6705.66
2024-10-07,Product A,East,141,74266.18,10750.66
2024-10-07,Product A,West,94,49932.0,6921.14
2024-10-07,Product B,North,127,73195.13,12798.0
2024-10-07,Product B,South,100,48292.77,8079.6
2024-10-07,Product B,East,118,73166.0,9655.65
2024-10-07,Product B,West,122,81908.88,10833.32
2024-10-07,Product C,North,108,34571.51,4247.63
2024-10-07,Product C,South,122,46377.56,11305.35
2024-10-07,Product C,East,151,66243.55,9440.03
2024-10-07,Product C,West,154,69839.88,17362.43
2024-10-07,Product D,North,163,79716.18,19289.17
2024-10-07,Product D,South,146,60934.28,13336.4
2024-10-07,Product D,East,142,73241.51,9697.92
2024-10-07,Product D,West,50,31643.34,5667.19
2024-10-08,Product A,North,76,28036.27,3907.91
2024-10-08,Product A,South,127,51436.42,10163.54
2024-10-08,Product A,East,174,88653.21,14856.68
2024-10-08,Product A,West,79,45744.45,5540.21
2024-10-08,Product B,North,71,35674.66,7813.39
2024-10-08,Product B,South,148,68215.32,12856.52
2024-10-08,Product B,East,79,43853.52,9761.3
2024-10-08,Product B,West,161,101908.13,15701.7
2024-10-08,Product C,North,79,31395.02,5554.22
2024-10-08,Product C,South,179,60406.54,8113.06
2024-10-08,Product C,East,68,29539.34,5957.38
2024-10-08,Product C,West,144,58194.94,7609.84
2024-10-08,Product D,North,177,75733.07,11918.07
2024-10-08,Product D,South,145,61937.78,8233.39
2024-10-08,Product D,East,126,71973.64,9012.4
2024-10-08,Product D,West,51,32211.68,4637.72
2024-10-09,Product A,North,151,61436.33,10147.41
2024-10-09,Product A,South,69,22188.93,2786.41
2024-10-09,Product A,East,70,30949.92,6947.91
2024-10-09,Product A,West,52,24111.53,3672.84
2024-10-09,Product B,North,167,82163.08,14133.65
2024-10-09,Product B,South,119,59230.28,13458.56
2024-10-09,Product B,East,142,81868.79,15181.68
2024-10-09,Product B,West,104,65261.26,11846.09
2024-10-09,Product C,North,86,27575.49,4008.21
2024-10-09,Product C,South,176,50830.71,10295.45
2024-10-09,Product C,East,121,47421.19,5937.85
2024-10-09,Product C,West,55,26448.85,4344.45
2024-10-09,Product D,North,86,42643.54,5392.11
2024-10-09,Product D,South,99,45549.35,10571.67
2024-10-09,Product D,East,97,50179.83,11274.72
2024-10-09,Product D,West,135,80497.57,18882.11
2024-10-10,Product A,North,150,60205.8,10396.3
2024-10-10,Product A,South,96,36378.24,8315.28
2024-10-10,Product A,East,149,68958.09,11461.52
2024-10-10,Product A,West,141,71632.28,10635.6
2024-10-10,Product B,North,58,26001.64,5409.15
2024-10-10,Product B,South,87,43223.21,9410.36
2024-10-10,Product B,East,57,32139.81,5813.87
2024-10-10,Product B,West,101,64701.32,15828.78
2024-10-10,Product C,North,175,64326.2,15530.93
2024-10-10,Product C,South,50,17096.21,2452.25
2024-10-10,Product C,East,153,68820.44,10234.1
2024-10-10,Product C,West,114,50223.61,9104.43
2024-10-10,Product D,North,44,19094.91,3221.53
2024-10-10,Product D,South,116,53272.32,8800.92
2024-10-10,Product D,East,106,62070.21,11096.79
2024-10-10,Product D,West,124,69989.71,17337.72
2024-10-11,Product A,North,87,40781.24,8276.73
2024-10-11,Product A,South,176,70998.28,10730.0
2024-10-11,Product A,East,76,39051.55,8004.93
2024-10-11,Product A,West,174,90994.94,13090.82
2024-10-11,Product B,North,87,42944.29,8086.72
2024-10-11,Product B,South,85,42055.49,9171.83
2024-10-11,Product B,East,175,92164.23,12574.46
2024-10-11,Product B,West,148,102631.35,21070.1
2024-10-11,Product C,North,49,15423.36,2956.76
2024-10-11,Product C,South,45,17058.72,2937.91
2024-10-11,Product C,East,134,61602.58,11005.79
2024-10-11,Product C,West,179,80288.3,16730.04
2024-10-11,Product D,North,143,56750.56,12458.26
2024-10-11,Product D,South,151,57408.47,10862.01
2024-10-11,Product D,East,166,89648.49,12397.53
2024-10-11,Product D,West,57,34318.43,6268.36
2024-10-12,Product A,North,178,70158.99,9647.4
2024-10-12,Product A,South,171,54775.96,10793.66
2024-10-12,Product A,East,158,61803.45,14125.42
2024-10-12,Product A,West,153,85083.65,11501.43
2024-10-12,Product B,North,104,43538.59,5728.46
2024-10-12,Product B,South,98,36345.71,6365.11
2024-10-12,Product B,East,87,46070.38,5581.29
2024-10-12,Product B,West,137,89969.64,20593.8
2024-10-12,Product C,North,91,27333.61,4634.39
2024-10-12,Product C,South,111,32020.43,7581.44
2024-10-12,Product C,East,164,56697.26,9525.87
2024-10-12,Product C,West,115,47096.08,8368.44
2024-10-12,Product D,North,41,13635.76,2126.73
2024-10-12,Product D,South,79,28818.65,5905.62
2024-10-12,Product D,East,71,34055.43,6630.25
2024-10-12,Product D,West,124,56646.82,11235.46
2024-10-13,Product A,North,167,63358.85,10187.88
2024-10-13,Product A,South,131,41429.26,8411.55
2024-10-13,Product A,East,63,28159.91,6858.56
2024-10-13,Product A,West,46,20383.59,4075.46
2024-10-13,Product B,North,119,44890.93,10934.96
2024-10-13,Product B,South,79,29192.36,6247.41
2024-10-13,Product B,East,117,64106.59,9502.53
2024-10-13,Product B,West,176,104503.29,23259.36
2024-10-13,Product C,North,83,25444.36,4392.62
2024-10-13,Product C,South,151,35986.34,5000.86
2024-10-13,Product C,East,119,43241.32,6364.87
2024-10-13,Product C,West,153,57843.43,7217.24
2024-10-13,Product D,North,97,43278.66,5850.78
2024-10-13,Product D,South,145,53298.74,11361.84
2024-10-13,Product D,East,127,61699.45,9857.2
2024-10-13,Product D,West,99,49795.05,10348.98
2024-10-14,Product A,North,169,78505.54,17655.37
2024-10-14,Product A,South,172,64328.61,10249.19
2024-10-14,Product A,East,139,61472.8,12523.22
2024-10-14,Product A,West,115,58993.63,7171.34
2024-10-14,Product B,North,112,61180.48,11366.15
2024-10-14,Product B,South,101,47146.45,7221.19
2024-10-14,Product B,East,83,48442.41,6144.29
2024-10-14,Product B,West,50,30470.36,5767.04
2024-10-14,Product C,North,127,50342.71,6667.35
2024-10-14,Product C,South,55,15706.59,3129.78
2024-10-14,Product C,East,111,47290.44,8873.82
2024-10-14,Product C,West,133,65742.16,12636.57
2024-10-14,Product D,North,73,35568.97,4353.66
2024-10-14,Product D,South,175,85626.65,16099.53
2024-10-14,Product D,East,157,82481.05,19452.05
2024-10-14,Product D,West,55,34644.67,7787.0
2024-10-15,Product A,North,145,64998.36,15577.51
2024-10-15,Product A,South,165,61311.63,11748.7
2024-10-15,Product A,East,103,51154.13,9710.95
2024-10-15,Product A,West,109,51677.69,7147.36
2024-10-15,Product B,North,100,57459.56,7082.08
2024-10-15,Product B,South,165,80671.26,9862.91
2024-10-15,Product B,East,61,35389.16,6357.12
2024-10-15,Product B,West,134,90125.04,13150.33
2024-10-15,Product C,North,149,55042.15,13361.75
2024-10-15,Product C,South,102,29309.68,5476.42
2024-10-15,Product C,East,85,36902.74,7959.17
2024-10-15,Product C,West,171,83930.92,20543.58
2024-10-15,Product D,North,170,70642.83,15593.02
2024-10-15,Product D,South,125,61816.82,14568.59
2024-10-15,Product D,East,120,53876.24,10874.58
2024-10-15,Product D,West,62,34438.21,4974.18
2024-10-16,Product A,North,60,23863.67,4124.4
2024-10-16,Product A,South,126,46230.46,6903.23
2024-10-16,Product A,East,108,45666.73,10395.9
2024-10-16,Product A,West,125,69451.33,17098.55
2024-10-16,Product B,North,155,84672.48,13392.32
2024-10-16,Product B,South,89,40400.65,4936.99
2024-10-16,Product B,East,107,57604.65,9858.94
2024-10-16,Product B,West,123,72900.07,13317.98
2024-10-16,Product C,North,159,62371.79,14001.73
2024-10-16,Product C,South,137,50050.78,9383.62
2024-10-16,Product C,East,158,62884.78,13348.81
2024-10-16,Product C,West,114,45355.88,10930.41
2024-10-16,Product D,North,42,18773.93,2815.13
2024-10-16,Product D,South,151,57661.25,9879.18
2024-10-16,Product D,East,93,49041.16,7258.74
2024-10-16,Product D,West,86,53378.47,6871.71
2024-10-17,Product A,North,160,73548.03,10701.1
2024-10-17,Product A,South,61,25102.03,4650.99
2024-10-17,Product A,East,44,25141.8,4938.64
2024-10-17,Product A,West,61,32771.65,5287.7
2024-10-17,Product B,North,92,51463.7,6462.24
2024-10-17,Product B,South,88,43655.56,7592.13
2024-10-17,Product B,East,58,29752.94,4012.54
2024-10-17,Product B,West,79,51463.49,10236.79
2024-10-17,Product C,North,59,21088.4,4538.84
2024-10-17,Product C,South,136,44413.96,10057.47
2024-10-17,Product C,East,43,16754.75,3902.66
2024-10-17,Product C,West,115,52278.14,12706.88
2024-10-17,Product D,North,166,81336.04,10543.37
2024-10-17,Product D,South,135,49463.65,6420.98
2024-10-17,Product D,East,179,87470.12,10584.32
2024-10-17,Product D,West,141,83928.69,14376.15
2024-10-18,Product A,North,99,44683.35,10060.93
2024-10-18,Product A,South,149,53323.08,8184.23
2024-10-18,Product A,East,118,60178.83,9770.55
2024-10-18,Product A,West,136,71630.44,15866.18
2024-10-18,Product B,North,103,53432.53,11092.37
2024-10-18,Product B,South,76,29448.68,3785.29
2024-10-18,Product B,East,117,67436.15,10289.66
2024-10-18,Product B,West,133,85847.29,11725.61
2024-10-18,Product C,North,114,41562.62,8020.17
2024-10-18,Product C,South,105,31450.14,7562.35
2024-10-18,Product C,East,93,40550.69,6743.33
2024-10-18,Product C,West,43,20997.69,3844.65
2024-10-18,Product D,North,54,26665.36,6385.54
2024-10-18,Product D,South,165,71960.28,14519.98
2024-10-18,Product D,East,133,74464.03,12153.88
2024-10-18,Product D,West,124,70161.93,16376.72
2024-10-19,Product A,North,150,47919.48,8885.07
2024-10-19,Product A,South,159,58475.82,13688.07
2024-10-19,Product A,East,45,16056.26,2785.31
2024-10-19,Product A,West,123,52664.77,13164.86
2024-10-19,Product B,North,150,69949.03,11545.11
2024-10-19,Product B,South,67,28321.1,5455.95
2024-10-19,Product B,East,52,28419.57,4367.6
2024-10-19,Product B,West,60,35108.11,6647.47
2024-10-19,Product C,North,150,51800.71,11394.76
2024-10-19,Product C,South,46,12598.73,2429.79
2024-10-19,Product C,East,168,72959.68,10633.9
2024-10-19,Product C,West,40,13985.89,3057.03
2024-10-19,Product D,North,141,51507.32,9526.65
2024-10-19,Product D,South,55,21164.7,4087.89
2024-10-19,Product D,East,139,72445.48,13845.02
2024-10-19,Product D,West,130,63166.95,12222.96
2024-10-20,Product A,North,72,25980.12,3226.13
2024-10-20,Product A,South,63,20571.08,3836.46
2024-10-20,Product A,East,114,50749.28,10694.75
2024-10-20,Product A,West,95,44225.94,10090.95
2024-10-20,Product B,North,137,58608.39,13746.87
2024-10-20,Product B,South,81,32450.34,6654.63
2024-10-20,Product B,East,71,36224.37,6259.05
2024-10-20,Product B,West,178,96679.89,12120.28
2024-10-20,Product C,North,113,38523.05,6545.21
2024-10-20,Product C,South,58,16765.58,3177.17
2024-10-20,Product C,East,178,66492.45,8548.62
2024-10-20,Product C,West,105,37597.38,6688.67
2024-10-20,Product D,North,158,74301.63,14128.07
2024-10-20,Product D,South,90,30557.22,7203.56
2024-10-20,Product D,East,139,69809.01,9745.88
2024-10-20,Product D,West,40,19845.09,2665.14
2024-10-21,Product A,North,174,73647.59,9795.3
2024-10-21,Product A,South,72,27181.04,5444.53
2024-10-21,Product A,East,67,34598.61,4277.8
2024-10-21,Product A,West,177,85002.53,15979.48
2024-10-21,Product B,North,75,41962.84,7621.64
2024-10-21,Product B,South,133,62784.67,9533.35
2024-10-21,Product B,East,107,61805.84,12200.38
2024-10-21,Product B,West,57,37583.0,5614.04
2024-10-21,Product C,North,74,27521.74,5050.13
2024-10-21,Product C,South,127,39762.86,7310.99
2024-10-21,Product C,East,71,30786.75,4597.85
2024-10-21,Product C,West,68,30001.44,3872.97
2024-10-21,Product D,North,152,74326.14,16110.23
2024-10-21,Product D,South,106,43086.94,7797.12
2024-10-21,Product D,East,125,67176.4,15607.43
2024-10-21,Product D,West,156,97871.56,15801.76
2024-10-22,Product A,North,116,46237.17,8199.45
2024-10-22,Product A,South,152,57856.26,11772.78
2024-10-22,Product A,East,145,78347.59,12888.93
2024-10-22,Product A,West,136,72580.55,18002.34
2024-10-22,Product B,North,175,100497.06,20711.2
2024-10-22,Product B,South,150,62619.9,9742.43
2024-10-22,Product B,East,53,32917.3,8150.63
2024-10-22,Product B,West,117,80761.6,14082.66
2024-10-22,Product C,North,130,43552.72,5425.54
2024-10-22,Product C,South,65,22647.78,3052.35
2024-10-22,Product C,East,109,52128.06,8786.23
2024-10-22,Product C,West,80,39867.69,8311.3
2024-10-22,Product D,North,168,70381.1,17301.46
2024-10-22,Product D,South,148,53258.78,9447.97
2024-10-22,Product D,East,175,88656.22,12087.65
2024-10-22,Product D,West,138,89506.25,12590.44
2024-10-23,Product A,North,107,45010.9,7448.36
2024-10-23,Product A,South,107,44726.32,9723.85
2024-10-23,Product A,East,102,49645.2,10912.38
2024-10-23,Product A,West,75,39090.58,7534.71
2024-10-23,Product B,North,64,34476.4,6440.24
2024-10-23,Product B,South,105,46460.86,6105.34
2024-10-23,Product B,East,164,103488.54,13035.25
2024-10-23,Product B,West,60,41696.7,5401.72
2024-10-23,Product C,North,50,17137.62,2900.23
2024-10-23,Product C,South,167,51437.59,8526.81
2024-10-23,Product C,East,126,62128.43,11670.05
2024-10-23,Product C,West,142,68495.49,11848.39
2024-10-23,Product D,North,68,25726.19,5747.83
2024-10-23,Product D,South,124,51627.04,7388.24
2024-10-23,Product D,East,128,76155.07,9714.31
2024-10-23,Product D,West,92,55006.89,12364.82
2024-10-24,Product A,North,177,74987.67,12961.62
2024-10-24,Product A,South,164,61900.06,12570.31
2024-10-24,Product A,East,118,58381.91,14365.97
2024-10-24,Product A,West,123,68835.82,9581.18
2024-10-24,Product B,North,55,29503.24,7058.86
2024-10-24,Product B,South,154,64976.44,16228.89
2024-10-24,Product B,East,47,23079.21,4502.65
2024-10-24,Product B,West,150,91295.93,22688.57
2024-10-24,Product C,North,92,33781.58,6133.79
2024-10-24,Product C,South,54,18080.16,2535.96
2024-10-24,Product C,East,102,42546.96,5945.84
2024-10-24,Product C,West,138,65534.23,12268.79
2024-10-24,Product D,North,116,58135.02,13956.38
2024-10-24,Product D,South,98,46139.32,11149.47
2024-10-24,Product D,East,65,39409.46,8993.01
2024-10-24,Product D,West,123,79756.1,18262.0
2024-10-25,Product A,North,119,45632.68,6559.13
2024-10-25,Product A,South,125,52287.58,11293.39
2024-10-25,Product A,East,58,24868.03,6069.06
2024-10-25,Product A,West,178,84655.84,18438.08
2024-10-25,Product B,North,160,86656.75,12136.19
2024-10-25,Product B,South,49,25205.17,3991.75
2024-10-25,Product B,East,134,71136.8,13526.96
2024-10-25,Product B,West,85,47978.41,10385.98
2024-10-25,Product C,North,168,59238.64,14611.74
2024-10-25,Product C,South,40,10588.98,2162.99
2024-10-25,Product C,East,43,19306.42,2480.34
2024-10-25,Product C,West,108,45340.43,9127.69
2024-10-25,Product D,North,139,62999.98,12914.93
2024-10-25,Product D,South,87,33256.5,5439.89
2024-10-25,Product D,East,150,70385.51,11090.49
2024-10-25,Product D,West,107,65073.42,7991.87
2024-10-26,Product A,North,117,44722.56,9917.48
2024-10-26,Product A,South,75,27760.15,4665.35
2024-10-26,Product A,East,75,31096.6,5968.71
2024-10-26,Product A,West,174,82186.66,15701.0
2024-10-26,Product B,North,179,78901.8,10059.47
2024-10-26,Product B,South,72,29594.3,7063.33
2024-10-26,Product B,East,45,25130.3,3123.88
2024-10-26,Product B,West,132,73345.79,9531.91
2024-10-26,Product C,North,65,17868.52,2152.07
2024-10-26,Product C,South,142,37689.89,5341.4
2024-10-26,Product C,East,81,30479.12,3705.59
2024-10-26,Product C,West,77,26924.49,5574.88
2024-10-26,Product D,North,145,57681.81,12659.7
2024-10-26,Product D,South,136,52350.52,7739.03
2024-10-26,Product D,East,113,65288.68,11892.59
2024-10-26,Product D,West,75,41498.28,5715.56
2024-10-27,Product A,North,168,61105.32,7364.61
2024-10-27,Product A,South,143,51595.08,7444.35
2024-10-27,Product A,East,87,39131.0,7972.53
2024-10-27,Product A,West,177,78134.11,13676.92
2024-10-27,Product B,North,106,49435.78,10477.83
2024-10-27,Product B,South,160,58441.38,12431.15
2024-10-27,Product B,East,48,24716.38,3709.6
2024-10-27,Product B,West,115,65952.02,8193.56
2024-10-27,Product C,North,72,18933.71,2627.53
2024-10-27,Product C,South,57,16368.12,3922.38
2024-10-27,Product C,East,52,17919.06,3980.07
2024-10-27,Product C,West,170,59045.44,12339.22
2024-10-27,Product D,North,106,43638.2,6347.21
2024-10-27,Product D,South,174,62353.92,14414.98
2024-10-27,Product D,East,178,75226.42,16341.13
2024-10-27,Product D,West,168,77496.36,9802.32
2024-10-28,Product A,North,118,55686.61,12133.18
2024-10-28,Product A,South,94,33446.02,4202.75
2024-10-28,Product A,East,45,18480.07,2991.45
2024-10-28,Product A,West,89,47234.03,8403.03
2024-10-28,Product B,North,78,40938.32,8166.64
2024-10-28,Product B,South,171,84630.01,19666.49
2024-10-28,Product B,East,87,49694.27,11650.26
2024-10-28,Product B,West,116,75167.4,16101.78
2024-10-28,Product C,North,144,46258.17,8815.13
2024-10-28,Product C,South,119,35401.18,4353.63
2024-10-28,Product C,East,91,40752.32,8564.1
2024-10-28,Product C,West,87,45590.31,5675.27
2024-10-28,Product D,North,137,55254.18,9777.55
2024-10-28,Product D,South,49,20483.46,3770.33
2024-10-28,Product D,East,157,81508.03,12198.16
2024-10-28,Product D,West,43,24449.73,5167.94
2024-10-29,Product A,North,143,55010.73,12523.54
2024-10-29,Product A,South,134,48572.57,9806.07
2024-10-29,Product A,East,55,28672.07,3699.73
2024-10-29,Product A,West,152,91285.05,11932.74
2024-10-29,Product B,North,91,43108.61,8941.25
2024-10-29,Product B,South,51,20887.67,4152.14
2024-10-29,Product B,East,96,53855.08,7798.08
2024-10-29,Product B,West,47,30074.87,6795.71
2024-10-29,Product C,North,176,67322.26,16124.09
2024-10-29,Product C,South,170,47419.54,8763.9
2024-10-29,Product C,East,176,82420.53,16538.58
2024-10-29,Product C,West,148,64313.1,14487.68
2024-10-29,Product D,North,134,68739.56,12056.05
2024-10-29,Product D,South,134,50711.35,12418.1
2024-10-29,Product D,East,96,53381.18,12554.54
2024-10-29,Product D,West,152,85517.26,19648.73
2024-10-30,Product A,North,179,75292.27,10856.93
2024-10-30,Product A,South,127,40429.53,8941.25
2024-10-30,Product A,East,48,20493.77,4629.65
2024-10-30,Product A,West,164,90893.65,18104.71
2024-10-30,Product B,North,48,26213.78,3354.71
2024-10-30,Product B,South,149,74925.4,14201.78
2024-10-30,Product B,East,92,58087.52,10953.37
2024-10-30,Product B,West,125,87556.9,20229.63
2024-10-30,Product C,North,147,53392.88,7833.08
2024-10-30,Product C,South,75,27849.56,5321.06
2024-10-30,Product C,East,46,23262.53,4048.9
2024-10-30,Product C,West,149,73572.12,9292.85
2024-10-30,Product D,North,67,29125.13,7071.09
2024-10-30,Product D,South,61,29359.95,4453.41
2024-10-30,Product D,East,109,66621.71,16125.35
2024-10-30,Product D,West,104,59464.01,13120.16
2024-10-31,Product A,North,82,31412.59,7028.44
2024-10-31,Product A,South,93,36885.58,7261.79
2024-10-31,Product A,East,177,74329.54,10409.13
2024-10-31,Product A,West,100,55189.35,11891.8
2024-10-31,Product B,North,150,77568.27,15960.7
2024-10-31,Product B,South,127,64234.42,12514.47
2024-10-31,Product B,East,47,26797.8,4956.01
2024-10-31,Product B,West,81,52817.28,12593.67
2024-10-31,Product C,North,128,35637.18,4627.35
2024-10-31,Product C,South,49,16677.83,2070.38
2024-10-31,Product C,East,169,80783.32,16629.27
2024-10-31,Product C,West,169,83291.45,14601.32
2024-10-31,Product D,North,128,63682.64,9310.31
2024-10-31,Product D,South,177,80393.58,10822.36
2024-10-31,Product D,East,153,88618.53,18535.75
2024-10-31,Product D,West,96,54495.12,8452.21
2024-11-01,Product A,North,109,47668.06,8540.87
2024-11-01,Product A,South,96,38845.38,6823.27
2024-11-01,Product A,East,75,37572.97,8621.53
2024-11-01,Product A,West,151,87581.37,14198.0
2024-11-01,Product B,North,161,83126.55,14997.18
2024-11-01,Product B,South,76,33116.63,6070.28
2024-11-01,Product B,East,53,30853.58,6243.1
2024-11-01,Product B,West,81,55572.14,9593.91
2024-11-01,Product C,North,67,26656.48,4198.39
2024-11-01,Product C,South,88,28987.82,7017.83
2024-11-01,Product C,East,78,37680.56,5852.92
2024-11-01,Product C,West,64,32548.13,4015.91
2024-11-01,Product D,North,172,86516.63,12622.84
2024-11-01,Product D,South,162,72654.72,9115.61
2024-11-01,Product D,East,43,22746.74,4154.65
2024-11-01,Product D,West,42,27497.64,5434.68
2024-11-02,Product A,North,95,39512.68,8941.22
2024-11-02,Product A,South,69,21343.98,2961.54
2024-11-02,Product A,East,49,22150.09,3786.47
2024-11-02,Product A,West,176,81297.03,11845.77
2024-11-02,Product B,North,120,43728.96,10874.11
2024-11-02,Product B,South,175,72948.38,14317.11
2024-11-02,Product B,East,105,55530.06,7836.32
2024-11-02,Product B,West,109,54342.5,11900.37
2024-11-02,Product C,North,52,16803.55,2403.59
2024-11-02,Product C,South,73,20416.65,3857.93
2024-11-02,Product C,East,109,41733.82,8290.59
2024-11-02,Product C,West,57,19534.05,4140.83
2024-11-02,Product D,North,94,38406.22,8091.34
2024-11-02,Product D,South,159,57009.68,9872.93
2024-11-02,Product D,East,93,46191.64,6940.39
2024-11-02,Product D,West,86,43698.66,5808.41
2024-11-03,Product A,North,85,32552.33,4051.61
2024-11-03,Product A,South,56,22552.56,4928.08
2024-11-03,Product A,East,82,33128.05,7280.75
2024-11-03,Product A,West,149,68404.24,16408.51
2024-11-03,Product B,North,144,68983.03,13430.56
2024-11-03,Product B,South,85,31912.41,4730.71
2024-11-03,Product B,East,65,32051.36,5443.47
2024-11-03,Product B,West,177,90011.97,16725.37
2024-11-03,Product C,North,118,35757.59,7780.48
2024-11-03,Product C,South,41,11743.06,2062.78
2024-11-03,Product C,East,101,37209.8,7875.03
2024-11-03,Product C,West,54,19102.14,3463.33
2024-11-03,Product D,North,66,25842.62,3422.5
2024-11-03,Product D,South,96,35845.62,6243.36
2024-11-03,Product D,East,114,49549.83,11804.36
2024-11-03,Product D,West,50,22423.39,3031.99
2024-11-04,Product A,North,119,47857.0,11243.1
2024-11-04,Product A,South,87,37972.66,8006.49
2024-11-04,Product A,East,46,26900.61,5832.31
2024-11-04,Product A,West,167,86700.91,13227.54
2024-11-04,Product B,North,94,51330.89,8475.04
2024-11-04,Product B,South,170,82111.69,19640.05
2024-11-04,Product B,East,110,68115.76,10412.77
2024-11-04,Product B,West,66,41154.69,8394.38
2024-11-04,Product C,North,176,61427.67,10098.79
2024-11-04,Product C,South,120,36402.01,8528.76
2024-11-04,Product C,East,41,15598.92,3516.5
2024-11-04,Product C,West,135,61907.54,9205.1
2024-11-04,Product D,North,175,90295.47,12382.42
2024-11-04,Product D,South,140,59262.89,12110.39
2024-11-04,Product D,East,113,60471.27,12756.57
2024-11-04,Product D,West,70,43667.76,5875.78
2024-11-05,Product A,North,51,23752.32,5111.77
2024-11-05,Product A,South,84,28620.05,5697.64
2024-11-05,Product A,East,107,55282.3,11743.78
2024-11-05,Product A,West,93,53125.26,12834.77
2024-11-05,Product B,North,66,32336.42,5411.47
2024-11-05,Product B,South,127,57035.02,12720.88
2024-11-05,Product B,East,93,57428.22,12959.66
2024-11-05,Product B,West,78,50235.39,7216.04
2024-11-05,Product C,North,171,61613.08,8416.14
2024-11-05,Product C,South,76,21793.29,5141.99
2024-11-05,Product C,East,164,79678.44,10260.6
2024-11-05,Product C,West,52,24049.65,3896.08
2024-11-05,Product D,North,164,79894.86,17085.53
2024-11-05,Product D,South,177,73608.73,11499.92
2024-11-05,Product D,East,163,81275.44,16748.96
2024-11-05,Product D,West,142,84223.81,12869.22
2024-11-06,Product A,North,70,28924.43,6670.49
2024-11-06,Product A,South,63,22987.91,5733.08
2024-11-06,Product A,East,122,60945.94,10791.78
2024-11-06,Product A,West,79,45640.43,6998.93
2024-11-06,Product B,North,123,61766.03,7792.37
2024-11-06,Product B,South,53,25195.68,5884.14
2024-11-06,Product B,East,179,111601.71,18101.58
2024-11-06,Product B,West,113,72506.98,10283.25
2024-11-06,Product C,North,65,26793.11,6298.7
2024-11-06,Product C,South,142,42210.92,6788.86
2024-11-06,Product C,East,162,64501.18,11878.36
2024-11-06,Product C,West,102,42672.37,7960.0
2024-11-06,Product D,North,68,34919.97,6880.85
2024-11-06,Product D,South,172,63293.43,9873.34
2024-11-06,Product D,East,127,64924.24,12265.66
2024-11-06,Product D,West,112,66682.57,9197.53
2024-11-07,Product A,North,145,59961.21,8920.14
2024-11-07,Product A,South,97,35776.56,4957.48
2024-11-07,Product A,East,132,63412.29,15300.87
2024-11-07,Product A,West,123,63644.89,7880.85
2024-11-07,Product B,North,141,68920.75,13817.98
2024-11-07,Product B,South,173,81456.08,19199.17
2024-11-07,Product B,East,84,48310.48,9253.12
2024-11-07,Product B,West,68,39031.51,9145.54
2024-11-07,Product C,North,135,50344.47,6979.19
2024-11-07,Product C,South,104,29863.0,7362.9
2024-11-07,Product C,East,123,60401.29,13076.2
2024-11-07,Product C,West,55,26916.79,4408.99
2024-11-07,Product D,North,81,36422.04,5015.9
2024-11-07,Product D,South,149,61458.85,7777.88
2024-11-07,Product D,East,116,62937.29,10166.98
2024-11-07,Product D,West,160,90929.42,22092.3
2024-11-08,Product A,North,93,39179.95,5670.25
2024-11-08,Product A,South,140,63070.02,13867.14
2024-11-08,Product A,East,163,88452.38,13347.89
2024-11-08,Product A,West,55,26395.72,3185.37
2024-11-08,Product B,North,55,28924.64,6928.56
2024-11-08,Product B,South,111,51073.81,9230.24
2024-11-08,Product B,East,155,95701.19,22049.7
2024-11-08,Product B,West,76,47776.62,7225.35
2024-11-08,Product C,North,100,31368.25,7760.51
2024-11-08,Product C,South,124,42917.4,9302.1
2024-11-08,Product C,East,42,18157.95,4121.07
2024-11-08,Product C,West,62,27227.2,5294.25
2024-11-08,Product D,North,106,52691.66,12934.96
2024-11-08,Product D,South,106,48027.95,5765.41
2024-11-08,Product D,East,70,39838.04,5891.98
2024-11-08,Product D,West,105,72708.47,9491.43
2024-11-09,Product A,North,61,24507.73,4879.02
2024-11-09,Product A,South,128,41847.3,7151.15
2024-11-09,Product A,East,85,32479.6,7412.71
2024-11-09,Product A,West,53,23946.74,5966.04
2024-11-09,Product B,North,105,44870.31,7957.72
2024-11-09,Product B,South,106,44183.47,8204.59
2024-11-09,Product B,East,157,74924.63,11481.84
2024-11-09,Product B,West,93,54350.19,13305.4
2024-11-09,Product C,North,78,26996.63,5940.08
2024-11-09,Product C,South,73,20660.16,3504.86
2024-11-09,Product C,East,174,55994.44,6942.51
2024-11-09,Product C,West,90,33303.24,7873.15
2024-11-09,Product D,North,108,49519.96,11879.14
2024-11-09,Product D,South,50,16575.55,3210.74
2024-11-09,Product D,East,75,37718.8,4777.21
2024-11-09,Product D,West,40,20207.9,4426.25
2024-11-10,Product A,North,164,67199.74,11349.45
2024-11-10,Product A,South,65,21194.1,3318.99
2024-11-10,Product A,East,100,50382.7,12168.86
2024-11-10,Product A,West,70,35438.35,4680.59
2024-11-10,Product B,North,154,72403.1,17768.38
2024-11-10,Product B,South,41,14513.8,3405.97
2024-11-10,Product B,East,140,69544.35,9035.98
2024-11-10,Product B,West,146,77449.46,18389.23
2024-11-10,Product C,North,176,52982.3,9679.21
2024-11-10,Product C,South,173,48085.48,9805.29
2024-11-10,Product C,East,163,63314.87,13278.21
2024-11-10,Product C,West,50,17485.13,2842.13
2024-11-10,Product D,North,122,43520.16,6083.91
2024-11-10,Product D,South,170,60860.87,14050.08
2024-11-10,Product D,East,83,36435.89,7072.15
2024-11-10,Product D,West,68,35714.54,7367.3
2024-11-11,Product A,North,69,34122.49,4300.74
2024-11-11,Product A,South,175,69180.19,14603.65
2024-11-11,Product A,East,94,48678.41,8796.18
2024-11-11,Product A,West,101,53795.7,13008.72
2024-11-11,Product B,North,126,67755.08,15266.57
2024-11-11,Product B,South,109,52072.01,12382.41
2024-11-11,Product B,East,59,41301.56,6068.59
2024-11-11,Product B,West,177,120714.34,24716.1
2024-11-11,Product C,North,152,56840.62,10009.75
2024-11-11,Product C,South,113,33935.61,8239.98
2024-11-11,Product C,East,53,22837.59,3771.71
2024-11-11,Product C,West,97,47464.77,5770.53
2024-11-11,Product D,North,135,66889.33,14088.79
2024-11-11,Product D,South,71,30577.28,5797.98
2024-11-11,Product D,East,144,78528.12,18884.92
2024-11-11,Product D,West,51,30144.87,5907.97
2024-11-12,Product A,North,82,34761.59,6126.64
2024-11-12,Product A,South,145,57396.76,8363.92
2024-11-12,Product A,East,149,67982.24,9584.24
2024-11-12,Product A,West,129,78334.3,13689.69
2024-11-12,Product B,North,112,53747.83,9373.43
2024-11-12,Product B,South,167,84323.57,10670.91
2024-11-12,Product B,East,60,34293.1,7787.45
2024-11-12,Product B,West,45,28319.81,6009.19
2024-11-12,Product C,North,151,66862.63,9392.12
2024-11-12,Product C,South,125,36918.87,6647.6
2024-11-12,Product C,East,161,60259.3,8334.36
2024-11-12,Product C,West,76,34774.33,5384.43
2024-11-12,Product D,North,47,25040.78,4137.18
2024-11-12,Product D,South,164,69957.11,8811.16
2024-11-12,Product D,East,130,83787.98,10666.82
2024-11-12,Product D,West,104,65256.62,10788.47
2024-11-13,Product A,North,164,70824.63,9615.12
2024-11-13,Product A,South,155,65278.77,16278.81
2024-11-13,Product A,East,129,58392.81,8760.39
2024-11-13,Product A,West,80,47004.65,11554.12
2024-11-13,Product B,North,96,53144.15,7136.44
2024-11-13,Product B,South,102,47980.09,9516.94
2024-11-13,Product B,East,91,58825.62,12401.35
2024-11-13,Product B,West,159,106364.44,17736.57
2024-11-13,Product C,North,63,22004.19,4684.35
2024-11-13,Product C,South,91,33450.38,4730.57
2024-11-13,Product C,East,75,37076.09,6864.0
2024-11-13,Product C,West,54,24873.37,3178.89
2024-11-13,Product D,North,136,67744.01,12006.17
2024-11-13,Product D,South,54,21154.03,4388.06
2024-11-13,Product D,East,84,46875.45,8134.27
2024-11-13,Product D,West,121,72008.55,9124.45
2024-11-14,Product A,North,174,75298.12,9233.99
2024-11-14,Product A,South,62,25365.75,5638.39
2024-11-14,Product A,East,56,25381.19,4277.48
2024-11-14,Product A,West,143,91057.53,21294.4
2024-11-14,Product B,North,161,96170.42,23139.59
2024-11-14,Product B,South,52,23632.17,3670.38
2024-11-14,Product B,East,141,83533.66,15801.6
2024-11-14,Product B,West,148,94766.74,18964.04
2024-11-14,Product C,North,150,59628.73,10750.6
2024-11-14,Product C,South,41,14633.14,2960.12
2024-11-14,Product C,East,157,62977.34,14213.78
2024-11-14,Product C,West,99,44727.05,6710.96
2024-11-14,Product D,North,71,31729.58,7554.49
2024-11-14,Product D,South,146,60699.21,12600.12
2024-11-14,Product D,East,153,83957.55,17520.77
2024-11-14,Product D,West,97,58342.11,10150.11
2024-11-15,Product A,North,103,46135.36,8113.42
2024-11-15,Product A,South,160,57227.62,8670.79
2024-11-15,Product A,East,154,75382.24,18677.38
2024-11-15,Product A,West,62,32224.45,7150.09
2024-11-15,Product B,North,149,83225.23,20007.56
2024-11-15,Product B,South,172,71329.7,14557.81
2024-11-15,Product B,East,107,59352.74,11312.14
2024-11-15,Product B,West,104,62456.02,12537.89
2024-11-15,Product C,North,107,46043.94,6587.21
2024-11-15,Product C,South,166,55822.73,9728.96
2024-11-15,Product C,East,61,28807.97,5082.22
2024-11-15,Product C,West,133,63328.08,15692.2
2024-11-15,Product D,North,110,52085.6,11621.87
2024-11-15,Product D,South,152,65874.3,8190.07
2024-11-15,Product D,East,121,68271.17,14001.59
2024-11-15,Product D,West,119,72138.32,12707.77
2024-11-16,Product A,North,91,36206.73,5314.75
2024-11-16,Product A,South,76,25762.7,3767.85
2024-11-16,Product A,East,50,26779.42,6517.1
2024-11-16,Product A,West,108,44319.22,8292.58
2024-11-16,Product B,North,105,41954.05,6964.1
2024-11-16,Product B,South,45,19017.11,2903.51
2024-11-16,Product B,East,70,36567.32,5159.94
2024-11-16,Product B,West,163,102234.31,18680.44
2024-11-16,Product C,North,133,43458.21,9710.5
2024-11-16,Product C,South,99,30210.53,4813.86
2024-11-16,Product C,East,86,31398.03,4581.02
2024-11-16,Product C,West,77,32141.88,4490.78
2024-11-16,Product D,North,52,23217.58,3912.7
2024-11-16,Product D,South,140,46286.33,9468.19
2024-11-16,Product D,East,78,42062.55,6933.92
2024-11-16,Product D,West,70,38804.67,9447.39
2024-11-17,Product A,North,128,52106.53,9784.63
2024-11-17,Product A,South,112,35505.12,5398.07
2024-11-17,Product A,East,136,53997.62,10670.19
2024-11-17,Product A,West,48,26802.98,5944.87
2024-11-17,Product B,North,153,66662.9,10604.78
2024-11-17,Product B,South,142,62280.85,14965.75
2024-11-17,Product B,East,155,81709.61,19088.19
2024-11-17,Product B,West,159,85407.01,11673.15
2024-11-17,Product C,North,45,14076.34,3189.66
2024-11-17,Product C,South,169,45437.23,9054.88
2024-11-17,Product C,East,139,48732.06,11679.0
2024-11-17,Product C,West,155,65354.77,14243.97
2024-11-17,Product D,North,155,67376.6,11420.24
2024-11-17,Product D,South,147,61740.1,9210.54
2024-11-17,Product D,East,178,87518.19,16470.11
2024-11-17,Product D,West,87,49378.01,7450.33
2024-11-18,Product A,North,67,28337.58,6231.58
2024-11-18,Product A,South,173,69103.6,15619.54
2024-11-18,Product A,East,107,56585.9,13349.55
2024-11-18,Product A,West,173,106391.2,17917.88
2024-11-18,Product B,North,90,44951.5,5400.98
2024-11-18,Product B,South,65,34321.88,7008.02
2024-11-18,Product B,East,153,95217.35,14054.25
2024-11-18,Product B,West,62,37883.26,4698.01
2024-11-18,Product C,North,161,53690.73,7120.3
2024-11-18,Product C,South,68,21704.48,4439.93
2024-11-18,Product C,East,124,52964.69,12459.24
2024-11-18,Product C,West,57,25772.61,4670.62
2024-11-18,Product D,North,141,62857.44,9496.08
2024-11-18,Product D,South,123,63294.1,12078.16
2024-11-18,Product D,East,178,91868.83,12415.17
2024-11-18,Product D,West,157,92436.02,16383.42
2024-11-19,Product A,North,57,20640.89,4148.28
2024-11-19,Product A,South,175,61049.28,9238.21
2024-11-19,Product A,East,52,28092.34,6423.61
2024-11-19,Product A,West,110,59218.19,10238.92
2024-11-19,Product B,North,98,49123.22,10238.55
2024-11-19,Product B,South,154,87192.49,20904.32
2024-11-19,Product B,East,97,63810.59,10281.28
2024-11-19,Product B,West,49,36726.8,6361.62
2024-11-19,Product C,North,83,31774.68,5438.79
2024-11-19,Product C,South,125,44736.98,7835.22
2024-11-19,Product C,East,81,36543.07,7480.07
2024-11-19,Product C,West,165,89128.31,16798.39
2024-11-19,Product D,North,81,40171.58,5297.99
2024-11-19,Product D,South,96,40564.66,5553.34
2024-11-19,Product D,East,174,98130.59,19936.92
2024-11-19,Product D,West,50,32066.5,7247.87
2024-11-20,Product A,North,137,62298.61,14788.41
2024-11-20,Product A,South,85,39249.63,8475.5
2024-11-20,Product A,East,61,29211.92,6907.53
2024-11-20,Product A,West,173,93524.39,13914.36
2024-11-20,Product B,North,178,102018.94,12880.87
2024-11-20,Product B,South,162,82055.53,12718.38
2024-11-20,Product B,East,102,59466.28,10740.84
2024-11-20,Product B,West,66,45553.77,7070.64
2024-11-20,Product C,North,120,47803.4,11841.23
2024-11-20,Product C,South,67,23443.44,4800.63
2024-11-20,Product C,East,138,59710.15,7512.36
2024-11-20,Product C,West,109,51855.98,10833.62
2024-11-20,Product D,North,119,61909.78,9129.41
2024-11-20,Product D,South,131,52841.45,7722.99
2024-11-20,Product D,East,63,37082.86,5568.98
2024-11-20,Product D,West,75,38704.08,5938.67
2024-11-21,Product A,North,161,66988.51,10859.62
2024-11-21,Product A,South,178,69544.83,16938.16
2024-11-21,Product A,East,70,34398.65,4800.0
2024-11-21,Product A,West,79,47713.88,9433.35
2024-11-21,Product B,North,80,49595.08,9604.84
2024-11-21,Product B,South,96,46772.21,7000.88
2024-11-21,Product B,East,69,39982.85,6854.27
2024-11-21,Product B,West,75,50900.71,11328.11
2024-11-21,Product C,North,43,17965.82,3670.33
2024-11-21,Product C,South,158,52628.27,7459.3
2024-11-21,Product C,East,120,57615.13,8529.34
2024-11-21,Product C,West,140,68934.6,10542.8
2024-11-21,Product D,North,94,47269.54,8753.3
2024-11-21,Product D,South,60,28360.63,6615.87
2024-11-21,Product D,East,49,27012.56,5058.36
2024-11-21,Product D,West,102,73213.77,15967.2
2024-11-22,Product A,North,121,56516.7,8467.58
2024-11-22,Product A,South,73,32002.91,6451.5
2024-11-22,Product A,East,169,87191.54,18173.13
2024-11-22,Product A,West,56,35496.93,7500.53
2024-11-22,Product B,North,120,68820.67,12045.25
2024-11-22,Product B,South,141,76994.76,18814.63
2024-11-22,Product B,East,143,94509.83,19036.09
2024-11-22,Product B,West,110,73982.72,17389.58
2024-11-22,Product C,North,152,60599.7,13881.68
2024-11-22,Product C,South,178,49721.66,9487.36
2024-11-22,Product C,East,120,49169.56,10899.34
2024-11-22,Product C,West,47,24773.29,3602.35
2024-11-22,Product D,North,160,73470.54,10786.18
2024-11-22,Product D,South,139,57411.41,7999.5
2024-11-22,Product D,East,172,102658.88,21967.97
2024-11-22,Product D,West,177,99165.26,19711.43
2024-11-23,Product A,North,143,58129.02,13031.88
2024-11-23,Product A,South,73,23743.57,5677.08
2024-11-23,Product A,East,138,61030.79,9433.18
2024-11-23,Product A,West,154,79150.22,12560.85
2024-11-23,Product B,North,114,48702.44,9773.74
2024-11-23,Product B,South,132,48638.4,10986.2
2024-11-23,Product B,East,64,34259.87,5791.72
2024-11-23,Product B,West,123,79594.58,10095.48
2024-11-23,Product C,North,148,52414.13,12537.87
2024-11-23,Product C,South,52,15851.24,2315.65
2024-11-23,Product C,East,118,49262.91,11707.87
2024-11-23,Product C,West,86,43528.33,5650.25
2024-11-23,Product D,North,128,59834.64,8044.72
2024-11-23,Product D,South,176,67915.61,15892.24
2024-11-23,Product D,East,82,46510.62,9413.79
2024-11-23,Product D,West,140,72785.7,17937.06
2024-11-24,Product A,North,148,56630.42,12306.82
2024-11-24,Product A,South,56,22319.88,3705.29
2024-11-24,Product A,East,80,36102.52,5461.92
2024-11-24,Product A,West,40,17088.56,3333.93
2024-11-24,Product B,North,58,29833.32,5710.06
2024-11-24,Product B,South,165,73918.95,9869.04
2024-11-24,Product B,East,149,73759.5,13026.05
2024-11-24,Product B,West,110,55985.27,8019.05
2024-11-24,Product C,North,85,25488.94,4876.83
2024-11-24,Product C,South,120,36588.48,8935.32
2024-11-24,Product C,East,102,37100.77,6617.69
2024-11-24,Product C,West,97,40692.1,6660.29
2024-11-24,Product D,North,49,20216.75,3241.37
2024-11-24,Product D,South,157,59295.36,11283.9
2024-11-24,Product D,East,114,56813.23,10428.29
2024-11-24,Product D,West,176,89743.86,22053.93
2024-11-25,Product A,North,136,63226.86,15354.82
2024-11-25,Product A,South,155,57321.18,11995.78
2024-11-25,Product A,East,109,57878.72,11817.8
2024-11-25,Product A,West,122,78833.84,12863.3
2024-11-25,Product B,North,151,95270.73,16510.19
2024-11-25,Product B,South,124,61586.64,13705.01
2024-11-25,Product B,East,165,103378.38,13456.43
2024-11-25,Product B,West,67,48190.76,5979.21
2024-11-25,Product C,North,91,36917.41,8142.35
2024-11-25,Product C,South,171,58431.08,8637.58
2024-11-25,Product C,East,138,70144.5,8756.84
2024-11-25,Product C,West,169,88173.92,19072.52
2024-11-25,Product D,North,156,80329.63,17419.12
2024-11-25,Product D,South,53,24606.67,3212.19
2024-11-25,Product D,East,55,33488.6,5282.72
2024-11-25,Product D,West,97,61232.93,12910.76
2024-11-26,Product A,North,88,39433.37,9306.91
2024-11-26,Product A,South,162,73296.25,12113.37
2024-11-26,Product A,East,109,48915.01,7577.52
2024-11-26,Product A,West,57,31275.12,5292.93
2024-11-26,Product B,North,88,55491.96,6986.34
2024-11-26,Product B,South,124,61810.06,12775.92
2024-11-26,Product B,East,142,90363.27,18142.17
2024-11-26,Product B,West,167,125667.15,17632.51
2024-11-26,Product C,North,136,53129.45,11987.03
2024-11-26,Product C,South,123,37332.22,7264.48
2024-11-26,Product C,East,88,32003.41,7887.31
2024-11-26,Product C,West,165,88617.55,20677.9
2024-11-26,Product D,North,110,57969.93,10896.47
2024-11-26,Product D,South,70,28331.33,6456.95
2024-11-26,Product D,East,175,99956.06,24149.35
2024-11-26,Product D,West,67,40217.04,5715.27
2024-11-27,Product A,North,178,68381.33,14270.46
2024-11-27,Product A,South,84,32734.26,5472.85
2024-11-27,Product A,East,166,84511.18,20061.15
2024-11-27,Product A,West,135,77999.7,9772.66
2024-11-27,Product B,North,114,59370.02,11913.24
2024-11-27,Product B,South,126,65611.72,14136.84
2024-11-27,Product B,East,120,80727.39,11439.65
2024-11-27,Product B,West,42,28648.6,4316.59
2024-11-27,Product C,North,170,61165.25,9599.35
2024-11-27,Product C,South,125,42317.23,5298.93
2024-11-27,Product C,East,137,54368.89,7899.2
2024-11-27,Product C,West,169,73363.9,17154.31
2024-11-27,Product D,North,66,35061.87,4821.21
2024-11-27,Product D,South,154,69628.47,13946.09
2024-11-27,Product D,East,135,81351.65,16392.45
2024-11-27,Product D,West,110,70072.03,16402.85
2024-11-28,Product A,North,89,36922.89,5400.75
2024-11-28,Product A,South,172,70717.13,14074.43
2024-11-28,Product A,East,142,66263.91,10619.26
2024-11-28,Product A,West,99,55751.86,10560.53
2024-11-28,Product B,North,61,37228.01,9163.83
2024-11-28,Product B,South,42,23842.64,5346.78
2024-11-28,Product B,East,169,96705.13,22964.16
2024-11-28,Product B,West,90,65830.04,10628.33
2024-11-28,Product C,North,119,44422.92,10840.88
2024-11-28,Product C,South,160,61690.95,12415.49
2024-11-28,Product C,East,92,43368.36,10656.72
2024-11-28,Product C,West,74,35277.91,4709.81
2024-11-28,Product D,North,60,31291.71,5123.03
2024-11-28,Product D,South,94,43287.97,8221.15
2024-11-28,Product D,East,45,25961.04,6132.14
2024-11-28,Product D,West,155,105867.08,21840.11
2024-11-29,Product A,North,113,54834.63,11678.21
2024-11-29,Product A,South,117,47955.75,10723.23
2024-11-29,Product A,East,174,89829.43,22093.5
2024-11-29,Product A,West,43,23544.37,5113.33
2024-11-29,Product B,North,158,81185.41,12883.91
2024-11-29,Product B,South,135,72689.96,8928.69
2024-11-29,Product B,East,136,92556.26,20764.25
2024-11-29,Product B,West,86,57490.25,9326.86
2024-11-29,Product C,North,161,60628.96,13838.24
2024-11-29,Product C,South,116,43819.63,8012.68
2024-11-29,Product C,East,125,57605.5,12286.69
2024-11-29,Product C,West,161,69039.36,14038.15
2024-11-29,Product D,North,108,48321.24,10313.28
2024-11-29,Product D,South,71,32778.42,6376.45
2024-11-29,Product D,East,136,78078.72,12261.55
2024-11-29,Product D,West,153,94393.25,18355.52
2024-11-30,Product A,North,69,25286.88,4577.46
2024-11-30,Product A,South,128,45433.4,11299.8
2024-11-30,Product A,East,165,75201.31,13297.11
2024-11-30,Product A,West,87,41224.74,9901.18
2024-11-30,Product B,North,50,24331.1,5218.32
2024-11-30,Product B,South,115,50303.08,6973.96
2024-11-30,Product B,East,76,40990.68,8344.35
2024-11-30,Product B,West,100,62996.27,12629.82
2024-11-30,Product C,North,87,32453.62,7246.16
2024-11-30,Product C,South,85,26310.2,4954.17
2024-11-30,Product C,East,116,38593.46,7299.44
2024-11-30,Product C,West,160,63636.51,15360.29
2024-11-30,Product D,North,112,45718.21,5699.01
2024-11-30,Product D,South,159,56229.15,7748.22
2024-11-30,Product D,East,131,61952.31,13499.25
2024-11-30,Product D,West,137,72838.23,16587.47
2024-12-01,Product A,North,90,29090.42,5591.39
2024-12-01,Product A,South,123,43328.62,6613.09
2024-12-01,Product A,East,133,62155.48,9685.85
2024-12-01,Product A,West,95,40082.45,8722.26
2024-12-01,Product B,North,173,86349.01,13977.93
2024-12-01,Product B,South,50,22933.89,3974.71
2024-12-01,Product B,East,102,54030.73,6913.41
2024-12-01,Product B,West,142,91034.98,13805.39
2024-12-01,Product C,North,123,47120.57,10563.77
2024-12-01,Product C,South,76,23974.73,5463.89
2024-12-01,Product C,East,141,54826.41,11114.37
2024-12-01,Product C,West,119,51866.38,7203.07
2024-12-01,Product D,North,170,70035.53,9745.39
2024-12-01,Product D,South,61,21333.7,4143.9
2024-12-01,Product D,East,59,27925.51,6369.83
2024-12-01,Product D,West,118,69693.96,14967.56
2024-12-02,Product A,North,117,56293.66,11395.23
2024-12-02,Product A,South,127,45490.94,11201.14
2024-12-02,Product A,East,141,72319.5,10919.59
2024-12-02,Product A,West,173,87473.7,15052.42
2024-12-02,Product B,North,116,67243.9,14176.31
2024-12-02,Product B,South,160,87951.38,20072.55
2024-12-02,Product B,East,41,27595.94,4105.97
2024-12-02,Product B,West,173,110914.41,26773.53
2024-12-02,Product C,North,175,65712.09,10708.32
2024-12-02,Product C,South,162,53850.32,8512.57
2024-12-02,Product C,East,108,47959.06,6398.51
2024-12-02,Product C,West,161,72658.08,8965.08
2024-12-02,Product D,North,153,88772.35,15482.53
2024-12-02,Product D,South,125,59862.77,11260.26
2024-12-02,Product D,East,60,34925.71,4746.58
2024-12-02,Product D,West,46,31853.81,6934.64
2024-12-03,Product A,North,42,17162.15,2645.76
2024-12-03,Product A,South,83,33910.05,6437.83
2024-12-03,Product A,East,69,38137.1,5252.95
2024-12-03,Product A,West,142,83299.3,20278.2
2024-12-03,Product B,North,118,64926.24,14633.55
2024-12-03,Product B,South,146,78434.51,16579.75
2024-12-03,Product B,East,55,32208.71,5557.63
2024-12-03,Product B,West,82,60338.0,11609.69
2024-12-03,Product C,North,113,45043.35,7235.22
2024-12-03,Product C,South,69,23007.84,3958.18
2024-12-03,Product C,East,138,65959.59,16194.16
2024-12-03,Product C,West,53,27377.35,4478.11
2024-12-03,Product D,North,169,80978.59,12013.33
2024-12-03,Product D,South,135,65503.17,11117.17
2024-12-03,Product D,East,104,61340.45,12564.05
2024-12-03,Product D,West,100,70593.24,10097.58
2024-12-04,Product A,North,142,56282.82,9857.98
2024-12-04,Product A,South,143,62774.13,14521.28
2024-12-04,Product A,East,150,69067.95,9008.51
2024-12-04,Product A,West,87,55793.74,10435.98
2024-12-04,Product B,North,54,29314.6,3936.82
2024-12-04,Product B,South,69,39240.03,8756.72
2024-12-04,Product B,East,165,80970.74,14278.63
2024-12-04,Product B,West,46,29643.44,6326.81
2024-12-04,Product C,North,111,48851.87,7408.6
2024-12-04,Product C,South,55,19308.74,2819.2
2024-12-04,Product C,East,123,54748.78,9966.09
2024-12-04,Product C,West,163,75027.9,9608.76
2024-12-04,Product D,North,81,40927.27,8995.3
2024-12-04,Product D,South,77,35355.35,5540.63
2024-12-04,Product D,East,140,91955.2,17082.56
2024-12-04,Product D,West,99,66067.2,12801.31
2024-12-05,Product A,North,126,70736.42,16744.06
2024-12-05,Product A,South,106,44602.87,6193.36
2024-12-05,Product A,East,98,49089.38,10807.2
2024-12-05,Product A,West,94,56341.63,10788.84
2024-12-05,Product B,North,95,44090.25,8104.68
2024-12-05,Product B,South,147,72828.36,14517.14
2024-12-05,Product B,East,140,84654.29,10312.51
2024-12-05,Product B,West,160,106714.39,21377.82
2024-12-05,Product C,North,108,45357.79,8959.48
2024-12-05,Product C,South,112,36843.39,6527.54
2024-12-05,Product C,East,48,21503.88,4374.7
2024-12-05,Product C,West,142,86606.38,18506.74
2024-12-05,Product D,North,76,33620.8,6086.03
2024-12-05,Product D,South,173,65737.71,10280.78
2024-12-05,Product D,East,167,110260.18,13844.75
2024-12-05,Product D,West,156,107370.68,19670.46
2024-12-06,Product A,North,81,35938.41,8156.33
2024-12-06,Product A,South,171,64592.19,13475.27
2024-12-06,Product A,East,149,71541.79,9680.67
2024-12-06,Product A,West,55,35485.2,4905.63
2024-12-06,Product B,North,158,83528.69,15463.63
2024-12-06,Product B,South,110,59009.54,12886.22
2024-12-06,Product B,East,59,36545.08,7812.52
2024-12-06,Product B,West,48,35287.67,6909.52
2024-12-06,Product C,North,169,69022.26,11943.74
2024-12-06,Product C,South,125,46286.06,6404.91
2024-12-06,Product C,East,122,54968.84,10848.66
2024-12-06,Product C,West,165,80194.96,17477.62
2024-12-06,Product D,North,137,75083.88,15567.18
2024-12-06,Product D,South,170,83656.48,19642.33
2024-12-06,Product D,East,115,59508.23,9841.63
2024-12-06,Product D,West,81,51582.44,8790.48
2024-12-07,Product A,North,158,51231.97,9711.21
2024-12-07,Product A,South,85,32347.58,6592.28
2024-12-07,Product A,East,113,48272.39,8959.12
2024-12-07,Product A,West,169,92318.15,11394.28
2024-12-07,Product B,North,147,60782.39,14109.7
2024-12-07,Product B,South,146,65002.11,9949.57
2024-12-07,Product B,East,175,103150.57,25214.19
2024-12-07,Product B,West,63,40393.66,7655.25
2024-12-07,Product C,North,159,52557.82,7261.02
2024-12-07,Product C,South,72,21617.75,2798.13
2024-12-07,Product C,East,94,37214.18,4944.02
2024-12-07,Product C,West,158,60731.95,11572.17
2024-12-07,Product D,North,168,73184.24,9399.63
2024-12-07,Product D,South,149,61727.29,12562.44
2024-12-07,Product D,East,90,47712.17,6143.66
2024-12-07,Product D,West,46,22626.83,3956.11
2024-12-08,Product A,North,58,22710.43,5339.81
2024-12-08,Product A,South,74,25342.14,3113.05
2024-12-08,Product A,East,42,20637.44,3368.22
2024-12-08,Product A,West,86,37337.77,7471.97
2024-12-08,Product B,North,123,49373.02,12319.32
2024-12-08,Product B,South,41,17792.21,3185.34
2024-12-08,Product B,East,72,40240.49,7339.48
2024-12-08,Product B,West,62,32148.98,5861.66
2024-12-08,Product C,North,56,19684.93,2558.57
2024-12-08,Product C,South,174,52567.95,10366.61
2024-12-08,Product C,East,83,30268.39,4034.21
2024-12-08,Product C,West,68,28907.64,3751.73
2024-12-08,Product D,North,44,20596.46,3561.16
2024-12-08,Product D,South,88,30764.59,4246.62
2024-12-08,Product D,East,53,31331.0,5429.58
2024-12-08,Product D,West,73,44505.4,9362.13
2024-12-09,Product A,North,99,53310.16,12662.06
2024-12-09,Product A,South,134,59035.85,10988.71
2024-12-09,Product A,East,171,85875.49,17381.84
2024-12-09,Product A,West,123,77330.23,18281.16
2024-12-09,Product B,North,72,40674.93,6183.7
2024-12-09,Product B,South,99,51261.39,11343.24
2024-12-09,Product B,East,135,82404.82,15144.02
2024-12-09,Product B,West,172,123769.69,22802.47
2024-12-09,Product C,North,136,49654.2,10322.79
2024-12-09,Product C,South,134,42892.7,7340.82
2024-12-09,Product C,East,166,75047.86,16523.16
2024-12-09,Product C,West,95,47679.14,9074.75
2024-12-09,Product D,North,96,45296.08,10609.34
2024-12-09,Product D,South,99,46947.09,11119.2
2024-12-09,Product D,East,158,99439.2,23534.3
2024-12-09,Product D,West,176,117174.77,22915.49
2024-12-10,Product A,North,155,68238.85,14645.92
2024-12-10,Product A,South,168,71103.26,15289.66
2024-12-10,Product A,East,138,76401.25,16446.3
2024-12-10,Product A,West,172,103464.58,15984.46
2024-12-10,Product B,North,91,54345.98,10037.32
2024-12-10,Product B,South,44,21796.62,4832.68
2024-12-10,Product B,East,171,111302.93,25158.93
2024-12-10,Product B,West,75,52234.79,11541.68
2024-12-10,Product C,North,64,24223.49,5379.14
2024-12-10,Product C,South,115,43266.96,9342.04
2024-12-10,Product C,East,136,50172.04,8919.09
2024-12-10,Product C,West,66,31122.54,5224.27
2024-12-10,Product D,North,106,52355.4,11150.25
2024-12-10,Product D,South,106,55083.99,12556.93
2024-12-10,Product D,East,141,88777.32,11909.64
2024-12-10,Product D,West,167,109749.84,16731.43
2024-12-11,Product A,North,45,16427.05,3348.58
2024-12-11,Product A,South,133,50382.19,10695.37
2024-12-11,Product A,East,97,54638.16,10085.88
2024-12-11,Product A,West,57,35412.46,6331.2
2024-12-11,Product B,North,169,96157.98,21822.57
2024-12-11,Product B,South,77,35439.63,6902.58
2024-12-11,Product B,East,151,92982.69,12894.65
2024-12-11,Product B,West,136,86712.42,11290.31
2024-12-11,Product C,North,163,62646.1,13404.18
2024-12-11,Product C,South,57,22201.12,3348.96
2024-12-11,Product C,East,135,61274.48,14672.88
2024-12-11,Product C,West,147,75193.33,9444.32
2024-12-11,Product D,North,49,19589.72,4829.45
2024-12-11,Product D,South,104,46948.62,6719.02
2024-12-11,Product D,East,56,37670.69,7309.39
2024-12-11,Product D,West,70,56660.77,11574.43
2024-12-12,Product A,North,119,62805.11,14644.78
2024-12-12,Product A,South,109,40235.44,7368.98
2024-12-12,Product A,East,42,25909.24,5485.87
2024-12-12,Product A,West,150,89746.89,17667.04
2024-12-12,Product B,North,123,70998.91,13223.42
2024-12-12,Product B,South,119,62452.44,9831.61
2024-12-12,Product B,East,68,45469.48,8812.75
2024-12-12,Product B,West,141,102830.85,22988.61
2024-12-12,Product C,North,51,18651.04,3204.22
2024-12-12,Product C,South,70,25664.76,4220.76
2024-12-12,Product C,East,42,20257.73,4708.83
2024-12-12,Product C,West,161,77345.2,12187.78
2024-12-12,Product D,North,75,35296.42,5350.17
2024-12-12,Product D,South,105,44952.78,10656.18
2024-12-12,Product D,East,99,61745.24,13363.63
2024-12-12,Product D,West,131,83292.31,19221.09
2024-12-13,Product A,North,72,40601.64,7406.65
2024-12-13,Product A,South,106,48590.6,10603.69
2024-12-13,Product A,East,144,74086.53,15434.31
2024-12-13,Product A,West,175,120563.7,23391.18
2024-12-13,Product B,North,167,105351.86,22185.17
2024-12-13,Product B,South,120,64752.28,15374.88
2024-12-13,Product B,East,110,78089.64,12113.2
2024-12-13,Product B,West,99,76457.16,12096.22
2024-12-13,Product C,North,174,68808.66,14741.1
2024-12-13,Product C,South,84,28839.93,3909.86
2024-12-13,Product C,East,119,59135.3,13479.44
2024-12-13,Product C,West,49,26618.77,5154.24
2024-12-13,Product D,North,58,32077.6,4644.54
2024-12-13,Product D,South,66,31229.42,4797.12
2024-12-13,Product D,East,76,44012.02,6340.55
2024-12-13,Product D,West,94,65906.81,14830.75
2024-12-14,Product A,North,45,17930.07,3474.03
2024-12-14,Product A,South,161,59838.73,14916.77
2024-12-14,Product A,East,122,53612.98,7213.19
2024-12-14,Product A,West,86,40456.51,5768.86
2024-12-14,Product B,North,132,70677.06,10296.86
2024-12-14,Product B,South,75,32909.16,7045.96
2024-12-14,Product B,East,93,50708.06,9947.95
2024-12-14,Product B,West,87,51600.12,9901.79
2024-12-14,Product C,North,130,39856.91,8446.06
2024-12-14,Product C,South,72,22087.16,4578.25
2024-12-14,Product C,East,51,20207.11,3294.8
2024-12-14,Product C,West,99,44144.15,9035.35
2024-12-14,Product D,North,52,24494.3,3811.87
2024-12-14,Product D,South,152,71058.1,15125.02
2024-12-14,Product D,East,157,72159.35,15631.6
2024-12-14,Product D,West,163,80580.27,9773.9
2024-12-15,Product A,North,65,26289.13,3850.16
2024-12-15,Product A,South,96,37551.99,6601.76
2024-12-15,Product A,East,150,71753.77,12258.09
2024-12-15,Product A,West,169,76506.84,19095.14
2024-12-15,Product B,North,42,17038.21,2832.58
2024-12-15,Product B,South,55,23460.16,5091.66
2024-12-15,Product B,East,125,71838.27,10104.81
2024-12-15,Product B,West,128,68612.32,11861.46
2024-12-15,Product C,North,89,28971.69,6460.34
2024-12-15,Product C,South,68,20462.31,3249.5
2024-12-15,Product C,East,74,33594.24,5758.9
2024-12-15,Product C,West,169,68106.56,16609.35
2024-12-15,Product D,North,141,62414.36,7660.07
2024-12-15,Product D,South,111,40003.24,8763.98
2024-12-15,Product D,East,134,66657.52,15929.04
2024-12-15,Product D,West,178,92364.42,20459.4
2024-12-16,Product A,North,69,33832.88,5189.51
2024-12-16,Product A,South,118,48101.28,9684.57
2024-12-16,Product A,East,86,45067.88,10517.69
2024-12-16,Product A,West,86,53116.96,9033.51
2024-12-16,Product B,North,133,70553.85,16810.32
2024-12-16,Product B,South,161,72728.38,14197.51
2024-12-16,Product B,East,108,76006.76,10171.78
2024-12-16,Product B,West,115,84417.0,17740.95
2024-12-16,Product C,North,67,29317.78,3955.25
2024-12-16,Product C,South,144,53253.71,12288.35
2024-12-16,Product C,East,64,27256.54,6041.66
2024-12-16,Product C,West,89,50855.45,6426.02
2024-12-16,Product D,North,86,41537.58,9411.0
2024-12-16,Product D,South,164,78071.52,15175.38
2024-12-16,Product D,East,58,38542.84,8182.82
2024-12-16,Product D,West,108,75803.58,10127.4
2024-12-17,Product A,North,145,76899.39,13169.13
2024-12-17,Product A,South,142,71166.75,15170.78
2024-12-17,Product A,East,52,25189.95,5514.72
2024-12-17,Product A,West,43,24965.47,5867.85
2024-12-17,Product B,North,152,91876.69,12402.25
2024-12-17,Product B,South,126,64601.66,8013.91
2024-12-17,Product B,East,150,99847.85,16641.26
2024-12-17,Product B,West,43,30698.52,6863.59
2024-12-17,Product C,North,129,54935.97,9211.29
2024-12-17,Product C,South,119,41172.0,6003.53
2024-12-17,Product C,East,48,22223.71,4976.84
2024-12-17,Product C,West,78,35896.42,4939.94
2024-12-17,Product D,North,71,39134.59,4863.58
2024-12-17,Product D,South,150,76213.31,15068.28
2024-12-17,Product D,East,50,33090.85,6967.57
2024-12-17,Product D,West,64,45511.61,6865.35
2024-12-18,Product A,North,150,81156.06,15120.41
2024-12-18,Product A,South,166,82149.45,14897.65
2024-12-18,Product A,East,160,87763.84,21571.29
2024-12-18,Product A,West,80,50460.52,9850.22
2024-12-18,Product B,North,53,36547.25,6784.42
2024-12-18,Product B,South,132,68552.83,14872.29
2024-12-18,Product B,East,133,89463.85,21078.37
2024-12-18,Product B,West,50,39428.9,5049.53
2024-12-18,Product C,North,122,52247.28,11941.08
2024-12-18,Product C,South,50,18833.34,4000.46
2024-12-18,Product C,East,99,42347.3,7328.47
2024-12-18,Product C,West,146,80331.86,18094.37
2024-12-18,Product D,North,61,35494.73,6531.31
2024-12-18,Product D,South,149,71173.6,14668.32
2024-12-18,Product D,East,104,60876.41,14875.54
2024-12-18,Product D,West,143,104265.04,13662.26
2024-12-19,Product A,North,118,58010.93,10584.19
2024-12-19,Product A,South,94,43855.42,10048.65
2024-12-19,Product A,East,164,90307.65,15691.6
2024-12-19,Product A,West,177,115652.99,15948.22
2024-12-19,Product B,North,79,46856.68,10112.79
2024-12-19,Product B,South,87,47189.54,7850.19
2024-12-19,Product B,East,168,127394.73,30205.71
2024-12-19,Product B,West,79,54676.83,12574.31
2024-12-19,Product C,North,72,24201.57,3793.88
2024-12-19,Product C,South,134,48635.8,10146.63
2024-12-19,Product C,East,173,80479.63,19195.12
2024-12-19,Product C,West,136,63913.99,9661.96
2024-12-19,Product D,North,52,30541.57,7559.96
2024-12-19,Product D,South,95,44055.74,10126.78
2024-12-19,Product D,East,171,119280.24,14864.16
2024-12-19,Product D,West,140,111577.81,17790.21
2024-12-20,Product A,North,68,33506.13,4620.9
2024-12-20,Product A,South,148,60960.26,10323.71
2024-12-20,Product A,East,59,33229.15,7229.56
2024-12-20,Product A,West,126,64244.39,9041.1
2024-12-20,Product B,North,68,44124.01,7378.19
2024-12-20,Product B,South,45,23342.04,5303.51
2024-12-20,Product B,East,133,102472.6,12308.13
2024-12-20,Product B,West,126,100007.1,16751.73
2024-12-20,Product C,North,64,27452.66,6187.3
2024-12-20,Product C,South,145,48698.84,8978.22
2024-12-20,Product C,East,118,52155.59,9213.58
2024-12-20,Product C,West,111,61088.17,13276.94
2024-12-20,Product D,North,167,87420.11,20672.07
2024-12-20,Product D,South,175,87144.2,11753.55
2024-12-20,Product D,East,76,45757.17,7713.3
2024-12-20,Product D,West,95,62994.63,13375.84
2024-12-21,Product A,North,179,83019.01,17881.11
2024-12-21,Product A,South,108,44178.54,7785.73
2024-12-21,Product A,East,92,49920.63,6075.63
2024-12-21,Product A,West,52,25817.26,5715.41
2024-12-21,Product B,North,124,65761.2,14587.19
2024-12-21,Product B,South,121,56854.48,11559.28
2024-12-21,Product B,East,116,59180.96,9354.48
2024-12-21,Product B,West,79,50448.86,6489.71
2024-12-21,Product C,North,150,49590.62,10206.96
2024-12-21,Product C,South,77,21641.01,4837.65
2024-12-21,Product C,East,51,19581.54,2637.25
2024-12-21,Product C,West,168,68664.13,9823.64
2024-12-21,Product D,North,179,91230.27,13620.89
2024-12-21,Product D,South,143,53498.28,9685.6
2024-12-21,Product D,East,68,37859.51,7844.09
2024-12-21,Product D,West,97,58842.57,13874.09
2024-12-22,Product A,North,170,70164.87,13636.11
2024-12-22,Product A,South,115,42157.93,6123.93
2024-12-22,Product A,East,115,51312.73,6517.19
2024-12-22,Product A,West,111,55059.22,11535.89
2024-12-22,Product B,North,116,59094.76,10039.28
2024-12-22,Product B,South,147,60252.15,13908.66
2024-12-22,Product B,East,66,34657.37,4821.32
2024-12-22,Product B,West,103,71647.94,16009.82
2024-12-22,Product C,North,43,14972.7,1824.66
2024-12-22,Product C,South,179,56507.09,7866.02
2024-12-22,Product C,East,163,66242.04,9564.54
2024-12-22,Product C,West,41,18320.24,2890.3
2024-12-22,Product D,North,174,74505.98,9565.36
2024-12-22,Product D,South,69,31167.77,5550.52
2024-12-22,Product D,East,107,59927.78,9351.62
2024-12-22,Product D,West,61,36421.52,5055.86
2024-12-23,Product A,North,179,99678.62,19216.89
2024-12-23,Product A,South,72,30451.69,5337.06
2024-12-23,Product A,East,134,76126.94,16932.02
2024-12-23,Product A,West,103,66740.84,9100.35
2024-12-23,Product B,North,73,43857.87,6148.79
2024-12-23,Product B,South,109,54524.1,11002.13
2024-12-23,Product B,East,106,78281.74,10910.56
2024-12-23,Product B,West,122,98569.09,14959.59
2024-12-23,Product C,North,78,30745.8,4515.51
2024-12-23,Product C,South,106,39868.91,6878.22
2024-12-23,Product C,East,74,29485.89,5305.6
2024-12-23,Product C,West,69,33642.94,4395.01
2024-12-23,Product D,North,163,97444.12,18428.25
2024-12-23,Product D,South,45,22259.72,3373.63
2024-12-23,Product D,East,134,83606.56,17938.28
2024-12-23,Product D,West,107,84752.45,13336.59
2024-12-24,Product A,North,110,45817.79,6148.96
2024-12-24,Product A,South,163,68929.72,15120.24
2024-12-24,Product A,East,101,54995.08,11549.95
2024-12-24,Product A,West,148,86577.65,13079.69
2024-12-24,Product B,North,98,56619.81,7421.79
2024-12-24,Product B,South,123,67458.05,14048.3
2024-12-24,Product B,East,156,112670.19,24422.35
2024-12-24,Product B,West,66,40503.05,10124.15
2024-12-24,Product C,North,50,19732.99,3353.51
2024-12-24,Product C,South,84,33283.29,7032.77
2024-12-24,Product C,East,119,59934.32,11128.04
2024-12-24,Product C,West,144,79390.67,9839.36
2024-12-24,Product D,North,84,42169.87,9933.69
2024-12-24,Product D,South,65,29356.56,3763.71
2024-12-24,Product D,East,45,29072.36,3868.12
2024-12-24,Product D,West,168,115104.16,13994.58
2024-12-25,Product A,North,70,32363.48,5241.88
2024-12-25,Product A,South,64,27786.57,5920.0
2024-12-25,Product A,East,117,68725.98,14592.06
2024-12-25,Product A,West,86,57317.6,13928.49
2024-12-25,Product B,North,170,114765.95,23452.12
2024-12-25,Product B,South,51,29268.17,5479.29
2024-12-25,Product B,East,145,97030.11,14225.59
2024-12-25,Product B,West,139,103146.95,12554.14
2024-12-25,Product C,North,76,26838.21,6435.76
2024-12-25,Product C,South,67,25281.78,5321.88
2024-12-25,Product C,East,67,35190.27,6826.45
2024-12-25,Product C,West,109,52005.01,10662.86
2024-12-25,Product D,North,120,61957.2,7842.78
2024-12-25,Product D,South,138,68093.71,10891.01
2024-12-25,Product D,East,162,99437.99,24435.03
2024-12-25,Product D,West,99,80033.48,17974.63
2024-12-26,Product A,North,163,84311.5,17886.8
2024-12-26,Product A,South,77,32966.01,7229.92
2024-12-26,Product A,East,148,95333.56,14170.55
2024-12-26,Product A,West,134,88594.24,21105.92
2024-12-26,Product B,North,112,72355.46,10222.36
2024-12-26,Product B,South,152,77282.8,14378.43
2024-12-26,Product B,East,142,91567.7,16520.3
2024-12-26,Product B,West,98,71407.95,11077.27
2024-12-26,Product C,North,110,48299.24,11544.48
2024-12-26,Product C,South,155,53980.69,7482.28
2024-12-26,Product C,East,62,26764.5,4777.32
2024-12-26,Product C,West,109,56147.7,10818.02
2024-12-26,Product D,North,172,98476.23,12834.51
2024-12-26,Product D,South,170,88373.75,13193.95
2024-12-26,Product D,East,58,35894.66,7545.49
2024-12-26,Product D,West,59,41340.26,9291.04
2024-12-27,Product A,North,131,67778.56,16677.31
2024-12-27,Product A,South,64,28039.69,3861.93
2024-12-27,Product A,East,176,110236.35,19480.39
2024-12-27,Product A,West,43,26799.56,6370.14
2024-12-27,Product B,North,54,31975.21,6448.48
2024-12-27,Product B,South,91,49680.05,9681.07
2024-12-27,Product B,East,46,32110.84,5782.13
2024-12-27,Product B,West,76,63959.03,10217.19
2024-12-27,Product C,North,159,72495.22,10093.4
2024-12-27,Product C,South,52,19542.14,3011.55
2024-12-27,Product C,East,101,52892.54,13151.37
2024-12-27,Product C,West,53,28034.8,5792.29
2024-12-27,Product D,North,67,37699.7,6350.44
2024-12-27,Product D,South,139,63948.02,13860.47
2024-12-27,Product D,East,176,106470.44,26362.3
2024-12-27,Product D,West,85,51710.0,6798.34
2024-12-28,Product A,North,52,21987.6,4926.68
2024-12-28,Product A,South,82,27199.23,6112.01
2024-12-28,Product A,East,148,63977.96,10529.32
2024-12-28,Product A,West,157,79370.9,14278.55
2024-12-28,Product B,North,123,64185.5,13190.38
2024-12-28,Product B,South,145,68287.98,13307.17
2024-12-28,Product B,East,106,60359.44,8977.78
2024-12-28,Product B,West,134,85758.3,14800.78
2024-12-28,Product C,North,156,56498.48,7957.62
2024-12-28,Product C,South,167,61989.95,14714.81
2024-12-28,Product C,East,137,64779.27,10063.13
2024-12-28,Product C,West,173,80303.88,14205.34
2024-12-28,Product D,North,175,79594.54,12085.99
2024-12-28,Product D,South,49,19977.28,3712.33
2024-12-28,Product D,East,85,47956.84,9225.3
2024-12-28,Product D,West,101,57546.97,11321.1
2024-12-29,Product A,North,134,58393.39,12516.63
2024-12-29,Product A,South,154,57714.62,7802.19
2024-12-29,Product A,East,80,40307.51,6725.84
2024-12-29,Product A,West,148,80883.98,16564.5
2024-12-29,Product B,North,82,40251.02,5546.55
2024-12-29,Product B,South,148,62878.89,7798.71
2024-12-29,Product B,East,131,83088.81,14931.86
2024-12-29,Product B,West,134,92750.23,19765.91
2024-12-29,Product C,North,57,22461.56,3027.52
2024-12-29,Product C,South,75,22276.39,4876.99
2024-12-29,Product C,East,153,59659.29,9909.78
2024-12-29,Product C,West,178,70963.78,10258.58
2024-12-29,Product D,North,138,60963.48,13605.61
2024-12-29,Product D,South,106,39887.0,6472.83
2024-12-29,Product D,East,47,23044.22,3766.12
2024-12-29,Product D,West,53,33279.46,7036.95
2024-12-30,Product A,North,151,81950.46,11657.0
2024-12-30,Product A,South,120,55833.17,10551.88
2024-12-30,Product A,East,154,94212.63,14695.75
2024-12-30,Product A,West,68,46484.25,10256.7
2024-12-30,Product B,North,92,53237.44,12951.74
2024-12-30,Product B,South,125,68876.5,10234.87
2024-12-30,Product B,East,139,88239.17,16170.65
2024-12-30,Product B,West,115,100297.63,21588.98
2024-12-30,Product C,North,144,58963.2,9864.4
2024-12-30,Product C,South,113,44572.71,10650.91
2024-12-30,Product C,East,160,74167.2,12022.75
2024-12-30,Product C,West,154,69528.63,13322.11
2024-12-30,Product D,North,75,45532.59,10393.86
2024-12-30,Product D,South,79,38870.87,4808.97
2024-12-30,Product D,East,85,43512.73,9924.34
2024-12-30,Product D,West,100,67432.62,11318.15
2024-12-31,Product A,North,121,62743.22,10269.17
2024-12-31,Product A,South,116,48969.34,11965.47
2024-12-31,Product A,East,132,74515.7,14951.12
2024-12-31,Product A,West,43,24219.03,5296.49
2024-12-31,Product B,North,106,63078.04,11902.31
2024-12-31,Product B,South,50,28380.14,5639.57
2024-12-31,Product B,East,152,114933.21,17024.09
2024-12-31,Product B,West,173,128553.6,17440.64
2024-12-31,Product C,North,125,58065.18,12545.62
2024-12-31,Product C,South,104,39273.05,8397.19
2024-12-31,Product C,East,158,79393.81,10989.93
2024-12-31,Product C,West,104,52930.4,11452.25
2024-12-31,Product D,North,167,105323.79,22014.14
2024-12-31,Product D,South,61,31337.33,5652.11
2024-12-31,Product D,East,72,40005.26,8678.31
2024-12-31,Product D,West,149,105356.3,21937.1
2025-01-01,Product A,North,131,65017.36,11060.96
2025-01-01,Product A,South,144,65253.56,8436.35
2025-01-01,Product A,East,136,81033.47,20084.4
2025-01-01,Product A,West,163,101111.23,19172.2
2025-01-01,Product B,North,124,66552.7,14558.21
2025-01-01,Product B,South,143,69887.91,15644.45
2025-01-01,Product B,East,142,102041.69,23301.89
2025-01-01,Product B,West,173,146103.69,18114.1
2025-01-01,Product C,North,172,73401.34,16895.46
2025-01-01,Product C,South,139,46834.63,9412.91
2025-01-01,Product C,East,91,41370.15,10093.35
2025-01-01,Product C,West,157,91802.5,14324.79
2025-01-01,Product D,North,158,85946.17,18748.8
2025-01-01,Product D,South,120,66786.54,16653.5
2025-01-01,Product D,East,124,83960.4,14977.08
2025-01-01,Product D,West,42,29244.29,6388.54
2025-01-02,Product A,North,63,29516.62,6832.12
2025-01-02,Product A,South,121,55784.89,12292.27
2025-01-02,Product A,East,68,44860.52,5485.92
2025-01-02,Product A,West,87,58856.55,7302.88
2025-01-02,Product B,North,153,97948.79,21784.02
2025-01-02,Product B,South,128,67608.11,14327.29
2025-01-02,Product B,East,120,88722.03,17507.34
2025-01-02,Product B,West,165,129184.41,28768.97
2025-01-02,Product C,North,87,31863.6,6912.86
2025-01-02,Product C,South,127,51489.06,9198.65
2025-01-02,Product C,East,86,41009.95,6701.0
2025-01-02,Product C,West,134,73545.95,10008.47
2025-01-02,Product D,North,149,76215.5,18408.83
2025-01-02,Product D,South,74,37985.83,5307.37
2025-01-02,Product D,East,75,52959.63,11425.02
2025-01-02,Product D,West,133,95388.92,12871.28
2025-01-03,Product A,North,175,83909.89,13082.77
2025-01-03,Product A,South,177,75359.66,9581.8
2025-01-03,Product A,East,65,32997.08,7469.58
2025-01-03,Product A,West,178,107735.73,16518.52
2025-01-03,Product B,North,169,124428.4,29441.05
2025-01-03,Product B,South,165,86773.34,15967.81
2025-01-03,Product B,East,139,92133.2,13740.49
2025-01-03,Product B,West,179,131260.5,32028.58
2025-01-03,Product C,North,155,67979.12,13619.27
2025-01-03,Product C,South,48,19500.88,3279.78
2025-01-03,Product C,East,145,76041.68,14417.63
2025-01-03,Product C,West,170,93167.03,19943.14
2025-01-03,Product D,North,60,35638.88,4462.76
2025-01-03,Product D,South,174,87432.11,12215.07
2025-01-03,Product D,East,79,51023.18,10413.94
2025-01-03,Product D,West,89,66576.72,14585.34
2025-01-04,Product A,North,52,22437.37,4692.51
2025-01-04,Product A,South,47,18187.02,3911.35
2025-01-04,Product A,East,72,37091.99,8278.51
2025-01-04,Product A,West,133,63088.88,8887.95
2025-01-04,Product B,North,73,37781.25,4697.73
2025-01-04,Product B,South,135,65861.84,16177.02
2025-01-04,Product B,East,144,80206.19,12080.41
2025-01-04,Product B,West,127,85647.39,10537.65
2025-01-04,Product C,North,141,46302.92,10207.34
2025-01-04,Product C,South,116,36905.28,8792.13
2025-01-04,Product C,East,74,35014.16,7249.6
2025-01-04,Product C,West,71,35149.24,6938.25
2025-01-04,Product D,North,85,36379.53,8017.3
2025-01-04,Product D,South,117,47366.37,7840.13
2025-01-04,Product D,East,125,66391.68,11965.93
2025-01-04,Product D,West,158,88944.84,17473.52
2025-01-05,Product A,North,117,55131.95,10757.17
2025-01-05,Product A,South,101,43399.2,7898.91
2025-01-05,Product A,East,147,81569.12,15029.69
2025-01-05,Product A,West,65,34846.75,6169.57
2025-01-05,Product B,North,171,84274.46,14832.42
2025-01-05,Product B,South,61,29985.85,6472.21
2025-01-05,Product B,East,129,70911.56,12528.19
2025-01-05,Product B,West,90,58840.14,9415.73
2025-01-05,Product C,North,129,47946.01,6044.24
2025-01-05,Product C,South,150,47555.71,6907.5
2025-01-05,Product C,East,178,74654.05,9236.5
2025-01-05,Product C,West,80,41611.43,7997.76
2025-01-05,Product D,North,55,24049.11,5264.99
2025-01-05,Product D,South,173,77926.35,18509.9
2025-01-05,Product D,East,90,56479.33,7476.24
2025-01-05,Product D,West,93,52589.29,6312.67
2025-01-06,Product A,North,77,39993.88,5094.78
2025-01-06,Product A,South,75,34168.0,6962.39
2025-01-06,Product A,East,165,100120.4,13701.93
2025-01-06,Product A,West,132,83779.65,17582.1
2025-01-06,Product B,North,61,33849.69,6338.11
2025-01-06,Product B,South,129,71068.82,12120.7
2025-01-06,Product B,East,118,88737.04,18742.62
2025-01-06,Product B,West,60,44223.12,6406.82
2025-01-06,Product C,North,118,51677.84,9436.52
2025-01-06,Product C,South,42,14404.6,3154.44
2025-01-06,Product C,East,150,67003.21,10163.28
2025-01-06,Product C,West,125,72145.99,14697.8
2025-01-06,Product D,North,155,88038.69,11974.58
2025-01-06,Product D,South,163,83509.73,14461.45
2025-01-06,Product D,East,148,94629.99,12401.61
2025-01-06,Product D,West,86,54915.81,13176.94
2025-01-07,Product A,North,68,36742.98,8244.03
2025-01-07,Product A,South,44,20816.46,3544.42
2025-01-07,Product A,East,178,112826.43,24925.66
2025-01-07,Product A,West,88,46390.74,10745.2
2025-01-07,Product B,North,145,100604.77,20995.95
2025-01-07,Product B,South,110,58465.61,7577.92
2025-01-07,Product B,East,130,97307.63,16459.0
2025-01-07,Product B,West,62,50921.95,7971.82
2025-01-07,Product C,North,149,65279.8,11903.17
2025-01-07,Product C,South,162,59868.19,7995.76
2025-01-07,Product C,East,156,77656.6,14529.14
2025-01-07,Product C,West,107,56255.61,11599.56
2025-01-07,Product D,North,119,65486.76,10648.94
2025-01-07,Product D,South,43,22624.17,4896.49
2025-01-07,Product D,East,83,56431.95,11230.17
2025-01-07,Product D,West,152,102066.4,14926.85
2025-01-08,Product A,North,60,26468.34,3687.33
2025-01-08,Product A,South,102,43671.99,6784.51
2025-01-08,Product A,East,121,80253.7,12273.73
2025-01-08,Product A,West,110,72770.58,17399.04
2025-01-08,Product B,North,54,32746.27,4136.13
2025-01-08,Product B,South,43,25457.63,5226.09
2025-01-08,Product B,East,73,55018.41,9206.88
2025-01-08,Product B,West,119,81889.42,14572.78
2025-01-08,Product C,North,130,56259.43,9625.02
2025-01-08,Product C,South,115,48101.95,8512.47
2025-01-08,Product C,East,51,25483.09,5596.92
2025-01-08,Product C,West,153,90789.42,15554.2
2025-01-08,Product D,North,100,52508.12,12412.31
2025-01-08,Product D,South,131,67649.23,14721.43
2025-01-08,Product D,East,146,91330.91,13600.1
2025-01-08,Product D,West,147,105778.44,21787.74
2025-01-09,Product A,North,83,42044.88,7273.52
2025-01-09,Product A,South,51,24093.32,4761.27
2025-01-09,Product A,East,99,48084.54,11843.43
2025-01-09,Product A,West,179,114886.42,16440.37
2025-01-09,Product B,North,67,33182.88,6308.69
2025-01-09,Product B,South,154,85184.61,16277.48
2025-01-09,Product B,East,156,94667.55,13575.94
2025-01-09,Product B,West,141,105752.65,13311.15
2025-01-09,Product C,North,122,55440.28,11541.43
2025-01-09,Product C,South,89,36231.25,7736.58
2025-01-09,Product C,East,107,54921.01,8706.04
2025-01-09,Product C,West,143,77494.52,16606.89
2025-01-09,Product D,North,47,29564.97,4720.03
2025-01-09,Product D,South,58,26036.88,4893.03
2025-01-09,Product D,East,151,92022.07,17660.96
2025-01-09,Product D,West,120,74636.88,15908.74
2025-01-10,Product A,North,142,66756.75,9653.07
2025-01-10,Product A,South,145,67806.1,16409.37
2025-01-10,Product A,East,50,33141.39,5359.85
2025-01-10,Product A,West,126,85752.8,20975.77
2025-01-10,Product B,North,99,63009.3,7987.97
2025-01-10,Product B,South,79,39595.83,8057.85
2025-01-10,Product B,East,50,32470.33,7282.29
2025-01-10,Product B,West,90,70046.5,10669.96
2025-01-10,Product C,North,63,28455.02,4289.1
2025-01-10,Product C,South,179,71724.06,15405.73
2025-01-10,Product C,East,99,41888.69,7566.93
2025-01-10,Product C,West,97,50077.19,8512.92
2025-01-10,Product D,North,73,45861.01,9883.08
2025-01-10,Product D,South,54,28751.63,6019.56
2025-01-10,Product D,East,44,32328.61,7373.29
2025-01-10,Product D,West,166,121186.19,25313.06
2025-01-11,Product A,North,177,74078.89,14107.92
2025-01-11,Product A,South,74,26821.67,3296.08
2025-01-11,Product A,East,156,87853.77,21428.74
2025-01-11,Product A,West,74,39100.89,6837.03
2025-01-11,Product B,North,68,39479.37,7476.07
2025-01-11,Product B,South,172,79768.29,18610.55
2025-01-11,Product B,East,151,90252.81,15590.99
2025-01-11,Product B,West,128,90191.77,22453.63
2025-01-11,Product C,North,49,18844.14,2802.48
2025-01-11,Product C,South,73,25559.39,4738.68
2025-01-11,Product C,East,171,73713.34,16074.38
2025-01-11,Product C,West,99,47912.27,7817.26
2025-01-11,Product D,North,164,77941.76,14678.57
2025-01-11,Product D,South,140,69147.68,16520.06
2025-01-11,Product D,East,146,76617.25,15653.92
2025-01-11,Product D,West,130,82269.97,16601.95
2025-01-12,Product A,North,117,56362.34,9747.03
2025-01-12,Product A,South,99,40488.89,7296.98
2025-01-12,Product A,East,141,76465.2,12276.64
2025-01-12,Product A,West,176,95084.99,19443.35
2025-01-12,Product B,North,112,57552.86,13752.67
2025-01-12,Product B,South,59,27335.6,4589.42
2025-01-12,Product B,East,129,76623.8,11100.52
2025-01-12,Product B,West,160,102370.5,25477.9
2025-01-12,Product C,North,119,47162.74,9093.0
2025-01-12,Product C,South,73,24276.69,4200.41
2025-01-12,Product C,East,178,77967.11,12839.28
2025-01-12,Product C,West,86,35955.78,7283.08
2025-01-12,Product D,North,158,78429.71,16975.57
2025-01-12,Product D,South,41,18644.13,2647.07
2025-01-12,Product D,East,66,44477.63,7241.22
2025-01-12,Product D,West,72,43105.14,9056.65
2025-01-13,Product A,North,165,91245.83,17490.24
2025-01-13,Product A,South,46,19850.73,4866.96
2025-01-13,Product A,East,117,69312.74,14885.25
2025-01-13,Product A,West,96,60576.86,9927.42
2025-01-13,Product B,North,130,80547.04,19757.8
2025-01-13,Product B,South,174,98349.89,12895.68
2025-01-13,Product B,East,46,30722.25,4830.51
2025-01-13,Product B,West,112,87391.15,18175.59
2025-01-13,Product C,North,155,69659.54,17152.53
2025-01-13,Product C,South,172,71373.65,12089.86
2025-01-13,Product C,East,161,77725.02,17874.79
2025-01-13,Product C,West,148,98600.03,16299.94
2025-01-13,Product D,North,166,98381.87,14359.25
2025-01-13,Product D,South,66,30781.23,6404.54
2025-01-13,Product D,East,103,71540.74,16352.72
2025-01-13,Product D,West,120,86409.21,14843.98
2025-01-14,Product A,North,136,66176.26,15856.27
2025-01-14,Product A,South,76,32660.3,5290.05
2025-01-14,Product A,East,156,81097.86,9889.13
2025-01-14,Product A,West,83,51186.73,11291.03
2025-01-14,Product B,North,76,45246.33,6279.87
2025-01-14,Product B,South,88,47566.81,10173.55
2025-01-14,Product B,East,146,84246.4,12419.24
2025-01-14,Product B,West,152,120324.45,16790.95
2025-01-14,Product C,North,125,59790.42,14036.15
2025-01-14,Product C,South,81,32435.68,6032.9
2025-01-14,Product C,East,89,48037.02,11402.51
2025-01-14,Product C,West,175,93122.06,12706.35
2025-01-14,Product D,North,145,84518.85,10452.45
2025-01-14,Product D,South,51,28804.75,6336.41
2025-01-14,Product D,East,179,130514.38,24144.88
2025-01-14,Product D,West,52,34638.26,5250.05
2025-01-15,Product A,North,88,40864.53,9558.5
2025-01-15,Product A,South,162,75164.98,13979.18
2025-01-15,Product A,East,43,24378.44,4540.91
2025-01-15,Product A,West,116,75857.69,10557.2
2025-01-15,Product B,North,105,82242.67,11267.9
2025-01-15,Product B,South,92,47973.85,10576.23
2025-01-15,Product B,East,93,65201.44,11716.43
2025-01-15,Product B,West,54,36123.56,7145.36
2025-01-15,Product C,North,70,34621.68,6150.24
2025-01-15,Product C,South,46,17908.98,2546.34
2025-01-15,Product C,East,164,83470.89,16322.24
2025-01-15,Product C,West,67,39976.93,6019.41
2025-01-15,Product D,North,95,57095.49,13483.25
2025-01-15,Product D,South,162,79263.82,13190.24
2025-01-15,Product D,East,173,104566.88,17882.8
2025-01-15,Product D,West,166,137890.8,20881.98
2025-01-16,Product A,North,72,37748.96,6180.35
2025-01-16,Product A,South,78,35998.76,7178.89
2025-01-16,Product A,East,160,100497.96,15738.83
2025-01-16,Product A,West,176,117526.57,23605.64
2025-01-16,Product B,North,168,94142.59,12211.08
2025-01-16,Product B,South,47,24027.67,5159.17
2025-01-16,Product B,East,88,66837.21,10969.82
2025-01-16,Product B,West,170,128373.44,26623.54
2025-01-16,Product C,North,138,59012.92,11600.63
2025-01-16,Product C,South,131,50597.82,9434.36
2025-01-16,Product C,East,102,59158.82,14118.48
2025-01-16,Product C,West,163,76135.98,13129.91
2025-01-16,Product D,North,140,91764.19,12986.64
2025-01-16,Product D,South,98,46693.72,9436.56
2025-01-16,Product D,East,118,64247.41,13643.6
2025-01-16,Product D,West,144,99678.81,13508.71
2025-01-17,Product A,North,136,77511.36,17818.52
2025-01-17,Product A,South,130,66643.77,9626.25
2025-01-17,Product A,East,43,27291.22,5706.43
2025-01-17,Product A,West,100,66789.03,8482.78
2025-01-17,Product B,North,60,42378.08,9341.91
2025-01-17,Product B,South,66,37517.48,8357.54
2025-01-17,Product B,East,71,56604.49,7502.51
2025-01-17,Product B,West,176,147668.9,32141.6
2025-01-17,Product C,North,154,67552.95,13037.7
2025-01-17,Product C,South,122,44907.64,6515.86
2025-01-17,Product C,East,175,85461.61,11738.9
2025-01-17,Product C,West,57,31218.58,7340.36
2025-01-17,Product D,North,50,28466.92,6671.89
2025-01-17,Product D,South,100,51721.55,10587.0
2025-01-17,Product D,East,141,107511.84,13869.89
2025-01-17,Product D,West,82,58604.39,14283.95
2025-01-18,Product A,North,105,43553.45,6057.91
2025-01-18,Product A,South,90,35063.61,8273.47
2025-01-18,Product A,East,171,99940.23,24592.3
2025-01-18,Product A,West,108,59534.84,8724.91
2025-01-18,Product B,North,43,22648.55,5000.09
2025-01-18,Product B,South,66,34691.62,6699.08
2025-01-18,Product B,East,49,29637.32,6976.49
2025-01-18,Product B,West,117,76300.23,16450.16
2025-01-18,Product C,North,127,44235.71,7225.36
2025-01-18,Product C,South,115,42732.16,6525.84
2025-01-18,Product C,East,58,24607.64,6145.19
2025-01-18,Product C,West,149,59164.3,8295.85
2025-01-18,Product D,North,46,20713.43,2643.16
2025-01-18,Product D,South,84,38868.81,8016.88
2025-01-18,Product D,East,70,35434.85,4728.22
2025-01-18,Product D,West,90,54613.73,7110.19
2025-01-19,Product A,North,169,74579.63,11910.43
2025-01-19,Product A,South,44,18009.42,3579.57
2025-01-19,Product A,East,51,23150.81,3269.06
2025-01-19,Product A,West,168,90433.91,17022.23
2025-01-19,Product B,North,95,51239.45,10165.45
2025-01-19,Product B,South,146,59766.27,8601.15
2025-01-19,Product B,East,163,101184.74,21733.21
2025-01-19,Product B,West,176,125005.33,31219.61
2025-01-19,Product C,North,66,21216.89,3543.47
2025-01-19,Product C,South,161,50422.15,6919.5
2025-01-19,Product C,East,72,30384.71,4851.82
2025-01-19,Product C,West,63,31681.87,5987.83
2025-01-19,Product D,North,126,63058.44,8486.77
2025-01-19,Product D,South,153,68079.94,15310.69
2025-01-19,Product D,East,178,98991.17,20773.6
2025-01-19,Product D,West,110,57199.25,11417.28
2025-01-20,Product A,North,93,46806.99,10868.27
2025-01-20,Product A,South,100,54415.93,9162.58
2025-01-20,Product A,East,151,103355.21,18804.23
2025-01-20,Product A,West,115,83373.99,16164.16
2025-01-20,Product B,North,73,47445.39,9790.28
2025-01-20,Product B,South,77,46552.89,7341.98
2025-01-20,Product B,East,79,65314.05,12399.4
2025-01-20,Product B,West,119,88944.5,13244.4
2025-01-20,Product C,North,163,74341.11,15524.77
2025-01-20,Product C,South,151,59342.11,7861.73
2025-01-20,Product C,East,121,61831.84,14038.29
2025-01-20,Product C,West,79,43445.48,7363.31
2025-01-20,Product D,North,164,95372.87,11889.16
2025-01-20,Product D,South,102,52957.42,8187.18
2025-01-20,Product D,East,121,78145.05,12798.06
2025-01-20,Product D,West,131,109362.88,20800.55
2025-01-21,Product A,North,75,33424.88,6028.33
2025-01-21,Product A,South,155,65827.98,13033.98
2025-01-21,Product A,East,61,29755.72,5340.25
2025-01-21,Product A,West,163,109488.47,14643.6
2025-01-21,Product B,North,164,105225.02,16429.26
2025-01-21,Product B,South,109,54842.1,9508.7
2025-01-21,Product B,East,92,63017.24,7996.85
2025-01-21,Product B,West,127,103386.78,21356.7
2025-01-21,Product C,North,146,61306.32,9243.1
2025-01-21,Product C,South,158,66437.2,11365.81
2025-01-21,Product C,East,74,36677.57,7234.72
2025-01-21,Product C,West,112,49229.11,8324.24
2025-01-21,Product D,North,52,31664.85,5665.98
2025-01-21,Product D,South,47,20147.29,2729.29
2025-01-21,Product D,East,137,93446.84,23009.32
2025-01-21,Product D,West,72,54518.7,13512.46
2025-01-22,Product A,North,174,93893.55,16364.58
2025-01-22,Product A,South,115,54821.36,8795.13
2025-01-22,Product A,East,101,54700.4,11646.81
2025-01-22,Product A,West,60,43008.38,6814.77
2025-01-22,Product B,North,167,105733.07,16204.29
2025-01-22,Product B,South,105,58997.45,9881.73
2025-01-22,Product B,East,71,56802.72,8047.95
2025-01-22,Product B,West,41,31733.12,5414.9
2025-01-22,Product C,North,114,55457.19,7325.2
2025-01-22,Product C,South,71,25202.08,4899.16
2025-01-22,Product C,East,101,52258.16,10200.7
2025-01-22,Product C,West,120,65432.7,13360.6
2025-01-22,Product D,North,47,27817.49,3756.55
2025-01-22,Product D,South,51,28485.51,5259.65
2025-01-22,Product D,East,87,66018.03,14321.8
2025-01-22,Product D,West,108,86165.86,12613.48
2025-01-23,Product A,North,66,33345.55,4293.25
2025-01-23,Product A,South,72,32570.7,5967.18
2025-01-23,Product A,East,69,44661.66,8999.17
2025-01-23,Product A,West,70,43521.12,8664.53
2025-01-23,Product B,North,139,84168.54,12828.24
2025-01-23,Product B,South,62,40502.13,8943.46
2025-01-23,Product B,East,157,107926.83,21827.52
2025-01-23,Product B,West,40,28410.58,4873.98
2025-01-23,Product C,North,67,30879.48,5262.7
2025-01-23,Product C,South,117,49941.98,7689.09
2025-01-23,Product C,East,92,48092.7,7238.72
2025-01-23,Product C,West,106,53098.51,8243.25
2025-01-23,Product D,North,155,84690.7,17045.76
2025-01-23,Product D,South,42,19216.6,3179.86
2025-01-23,Product D,East,84,58471.11,12344.87
2025-01-23,Product D,West,98,73472.49,10322.33
2025-01-24,Product A,North,122,71229.31,13946.85
2025-01-24,Product A,South,94,42343.4,5545.72
2025-01-24,Product A,East,130,84705.16,10253.29
2025-01-24,Product A,West,105,65911.09,13070.64
2025-01-24,Product B,North,51,35003.71,8448.61
2025-01-24,Product B,South,46,28258.99,6708.6
2025-01-24,Product B,East,100,77604.08,10472.19
2025-01-24,Product B,West,50,42950.67,8805.29
2025-01-24,Product C,North,87,34612.71,7968.3
2025-01-24,Product C,South,151,50479.18,8905.54
2025-01-24,Product C,East,56,28724.58,6994.3
2025-01-24,Product C,West,166,107355.28,23562.51
2025-01-24,Product D,North,57,35383.79,5383.38
2025-01-24,Product D,South,133,69818.09,17295.4
2025-01-24,Product D,East,153,111840.07,15675.76
2025-01-24,Product D,West,53,39383.21,4946.99
2025-01-25,Product A,North,57,23961.02,4833.47
2025-01-25,Product A,South,92,40149.23,6235.67
2025-01-25,Product A,East,157,73919.68,15974.42
2025-01-25,Product A,West,75,42490.21,5582.94
2025-01-25,Product B,North,113,53198.23,7713.43
2025-01-25,Product B,South,71,31702.14,7038.53
2025-01-25,Product B,East,58,35106.8,5461.64
2025-01-25,Product B,West,169,112567.12,20946.51
2025-01-25,Product C,North,167,57825.84,11296.38
2025-01-25,Product C,South,126,38801.37,9297.78
2025-01-25,Product C,East,132,60824.62,9371.38
2025-01-25,Product C,West,150,72623.72,16462.77
2025-01-25,Product D,North,44,20448.14,4414.54
2025-01-25,Product D,South,65,30883.32,6950.83
2025-01-25,Product D,East,83,50692.02,8446.06
2025-01-25,Product D,West,87,56604.33,7469.25
2025-01-26,Product A,North,59,26119.54,4419.56
2025-01-26,Product A,South,148,59306.32,8373.97
2025-01-26,Product A,East,105,57383.95,11391.08
2025-01-26,Product A,West,56,31758.01,7109.47
2025-01-26,Product B,North,152,85412.23,14849.69
2025-01-26,Product B,South,65,32567.95,4249.64
2025-01-26,Product B,East,61,38753.67,6026.82
2025-01-26,Product B,West,172,113283.61,27145.45
2025-01-26,Product C,North,165,68500.91,13117.83
2025-01-26,Product C,South,156,51595.63,11311.22
2025-01-26,Product C,East,75,32857.98,7744.46
2025-01-26,Product C,West,65,29106.47,6707.96
2025-01-26,Product D,North,167,91190.33,22184.03
2025-01-26,Product D,South,163,78261.79,16348.9
2025-01-26,Product D,East,56,32020.74,7593.24
2025-01-26,Product D,West,149,86138.6,15300.94
2025-01-27,Product A,North,125,70374.26,10393.03
2025-01-27,Product A,South,61,30464.18,5695.61
2025-01-27,Product A,East,94,53184.57,9247.84
2025-01-27,Product A,West,58,41032.48,7015.5
2025-01-27,Product B,North,106,61736.78,14628.29
2025-01-27,Product B,South,143,73910.12,11586.66
2025-01-27,Product B,East,173,112753.9,18333.24
2025-01-27,Product B,West,126,105299.76,25736.73
2025-01-27,Product C,North,120,55990.74,9524.31
2025-01-27,Product C,South,131,62091.28,7667.39
2025-01-27,Product C,East,77,37745.45,4889.52
2025-01-27,Product C,West,169,107132.67,22772.61
2025-01-27,Product D,North,101,61071.17,7687.86
2025-01-27,Product D,South,95,49174.3,7679.06
2025-01-27,Product D,East,93,57636.0,7381.05
2025-01-27,Product D,West,89,70615.24,11233.81
2025-01-28,Product A,North,79,42497.28,10128.36
2025-01-28,Product A,South,124,52969.42,11454.14
2025-01-28,Product A,East,115,60554.91,13124.09
2025-01-28,Product A,West,70,53331.93,12679.5
2025-01-28,Product B,North,91,55344.68,11748.28
2025-01-28,Product B,South,55,33269.49,7217.14
2025-01-28,Product B,East,95,77187.5,14995.32
2025-01-28,Product B,West,99,73348.16,14471.43
2025-01-28,Product C,North,165,79800.83,10303.18
2025-01-28,Product C,South,95,39913.89,8936.99
2025-01-28,Product C,East,129,65812.59,14624.76
2025-01-28,Product C,West,98,50433.07,7926.81
2025-01-28,Product D,North,136,77830.63,11370.09
2025-01-28,Product D,South,68,30087.41,3872.81
2025-01-28,Product D,East,126,91933.57,22314.91
2025-01-28,Product D,West,43,26577.81,3431.54
2025-01-29,Product A,North,131,76378.19,13351.14
2025-01-29,Product A,South,104,57711.39,14025.74
2025-01-29,Product A,East,52,31847.86,6316.78
2025-01-29,Product A,West,105,83172.13,19543.74
2025-01-29,Product B,North,96,64093.75,11510.84
2025-01-29,Product B,South,66,41350.96,6575.78
2025-01-29,Product B,East,175,149141.52,28888.85
2025-01-29,Product B,West,54,43385.87,5557.5
2025-01-29,Product C,North,78,34910.94,7347.28
2025-01-29,Product C,South,86,33438.99,7958.6
2025-01-29,Product C,East,172,81361.69,17117.69
2025-01-29,Product C,West,94,55284.91,13405.27
2025-01-29,Product D,North,68,38705.35,6322.79
2025-01-29,Product D,South,96,52815.29,9914.09
2025-01-29,Product D,East,107,75615.68,12236.05
2025-01-29,Product D,West,111,77718.11,11082.6
2025-01-30,Product A,North,157,90774.51,11868.33
2025-01-30,Product A,South,121,60520.18,14538.57
2025-01-30,Product A,East,148,96098.29,14778.41
2025-01-30,Product A,West,178,107183.58,26514.45
2025-01-30,Product B,North,124,86885.02,20723.73
2025-01-30,Product B,South,141,88337.81,21461.32
2025-01-30,Product B,East,72,64607.3,11081.74
2025-01-30,Product B,West,96,84947.98,15232.78
2025-01-30,Product C,North,70,35543.36,6250.88
2025-01-30,Product C,South,70,30101.17,4197.51
2025-01-30,Product C,East,57,33808.87,4216.59
2025-01-30,Product C,West,111,72110.54,11613.62
2025-01-30,Product D,North,169,83929.3,19762.07
2025-01-30,Product D,South,116,54276.31,10020.64
2025-01-30,Product D,East,129,89861.98,12463.55
2025-01-30,Product D,West,140,87473.31,11080.85
2025-01-31,Product A,North,167,78793.66,13689.5
2025-01-31,Product A,South,73,35059.24,6639.21
2025-01-31,Product A,East,81,49525.76,9081.89
2025-01-31,Product A,West,170,108787.09,22051.02
2025-01-31,Product B,North,159,110294.61,22856.27
2025-01-31,Product B,South,122,66895.63,9698.43
2025-01-31,Product B,East,155,108852.03,18919.38
2025-01-31,Product B,West,153,106046.89,18783.82
2025-01-31,Product C,North,97,41081.69,4942.99
2025-01-31,Product C,South,41,17259.34,2249.8
2025-01-31,Product C,East,142,69125.13,10344.56
2025-01-31,Product C,West,61,40065.5,9099.24
2025-01-31,Product D,North,112,71449.17,15716.53
2025-01-31,Product D,South,65,33210.84,4047.07
2025-01-31,Product D,East,50,34846.59,8382.78
2025-01-31,Product D,West,128,101581.38,14195.51
2025-02-01,Product A,North,49,19913.97,3750.74
2025-02-01,Product A,South,166,71665.14,16127.63
2025-02-01,Product A,East,175,90456.99,13459.53
2025-02-01,Product A,West,155,92492.95,15107.0
2025-02-01,Product B,North,155,76080.65,17651.68
2025-02-01,Product B,South,115,60230.37,11718.95
2025-02-01,Product B,East,70,49870.02,9834.26
2025-02-01,Product B,West,178,130452.36,31379.55
2025-02-01,Product C,North,149,59097.08,9624.45
2025-02-01,Product C,South,108,40837.64,6642.25
2025-02-01,Product C,East,46,21189.25,5290.0
2025-02-01,Product C,West,113,60366.69,8358.31
2025-02-01,Product D,North,54,25373.18,5826.28
2025-02-01,Product D,South,53,21698.94,3388.73
2025-02-01,Product D,East,161,84065.37,12482.77
2025-02-01,Product D,West,103,68224.22,14837.2
2025-02-02,Product A,North,53,24626.34,5136.35
2025-02-02,Product A,South,178,74498.44,13960.39
2025-02-02,Product A,East,123,68537.57,16359.54
2025-02-02,Product A,West,54,28199.01,6516.68
2025-02-02,Product B,North,134,73965.03,18378.14
2025-02-02,Product B,South,123,58883.83,7373.24
2025-02-02,Product B,East,69,42478.49,10566.92
2025-02-02,Product B,West,131,107176.57,20351.97
2025-02-02,Product C,North,51,18722.72,3471.16
2025-02-02,Product C,South,131,50282.61,12238.14
2025-02-02,Product C,East,154,73635.74,16041.0
2025-02-02,Product C,West,40,19052.81,4725.81
2025-02-02,Product D,North,126,64152.3,13520.86
2025-02-02,Product D,South,147,52563.34,7974.66
2025-02-02,Product D,East,162,96649.6,19080.7
2025-02-02,Product D,West,70,42478.81,6303.9
2025-02-03,Product A,North,169,99938.88,16524.17
2025-02-03,Product A,South,170,79237.2,9855.91
2025-02-03,Product A,East,174,96313.11,23024.76
2025-02-03,Product A,West,144,99796.44,12792.62
2025-02-03,Product B,North,128,81088.84,9774.09
2025-02-03,Product B,South,165,94299.63,14784.35
2025-02-03,Product B,East,92,72446.57,17452.04
2025-02-03,Product B,West,112,79914.79,14372.64
2025-02-03,Product C,North,130,52330.49,7577.67
2025-02-03,Product C,South,79,36936.24,5891.53
2025-02-03,Product C,East,105,53621.89,12355.87
2025-02-03,Product C,West,97,57299.8,13846.82
2025-02-03,Product D,North,77,42858.04,7064.81
2025-02-03,Product D,South,170,88464.7,15402.09
2025-02-03,Product D,East,156,101874.8,19725.64
2025-02-03,Product D,West,167,104380.33,24145.1
2025-02-04,Product A,North,134,68228.9,8555.49
2025-02-04,Product A,South,113,53984.85,7733.56
2025-02-04,Product A,East,179,107536.71,20981.8
2025-02-04,Product A,West,154,111593.77,13722.13
2025-02-04,Product B,North,175,113160.52,24894.35
2025-02-04,Product B,South,179,103821.76,22402.49
2025-02-04,Product B,East,81,57579.23,11089.67
2025-02-04,Product B,West,55,46874.72,7827.45
2025-02-04,Product C,North,81,33106.71,7086.91
2025-02-04,Product C,South,63,25253.77,5625.59
2025-02-04,Product C,East,79,40811.74,7051.48
2025-02-04,Product C,West,121,73689.72,14543.79
2025-02-04,Product D,North,51,30595.76,5719.63
2025-02-04,Product D,South,157,89615.8,11562.61
2025-02-04,Product D,East,51,31327.12,5334.16
2025-02-04,Product D,West,97,79323.36,13455.73
2025-02-05,Product A,North,105,57590.03,9331.32
2025-02-05,Product A,South,111,64716.51,10141.11
2025-02-05,Product A,East,146,86894.36,13382.98
2025-02-05,Product A,West,101,72064.94,10026.85
2025-02-05,Product B,North,114,76069.22,17675.68
2025-02-05,Product B,South,53,30691.87,7200.34
2025-02-05,Product B,East,105,85229.62,20237.71
2025-02-05,Product B,West,111,89785.77,19324.79
2025-02-05,Product C,North,88,40516.39,5576.39
2025-02-05,Product C,South,109,48904.76,11770.25
2025-02-05,Product C,East,127,67011.44,15068.37
2025-02-05,Product C,West,167,91602.57,21032.53
2025-02-05,Product D,North,177,100284.35,22300.17
2025-02-05,Product D,South,163,94923.39,21977.71
2025-02-05,Product D,East,71,43579.49,5799.08
2025-02-05,Product D,West,99,70461.2,15600.76
2025-02-06,Product A,North,99,60663.05,14857.3
2025-02-06,Product A,South,164,84696.81,15145.99
2025-02-06,Product A,East,109,65265.94,11976.37
2025-02-06,Product A,West,71,41671.28,5220.53
2025-02-06,Product B,North,72,53411.07,10892.47
2025-02-06,Product B,South,65,36440.65,8541.96
2025-02-06,Product B,East,76,45176.92,7223.61
2025-02-06,Product B,West,165,155554.21,30934.85
2025-02-06,Product C,North,167,76267.15,16017.14
2025-02-06,Product C,South,154,65073.37,12011.3
2025-02-06,Product C,East,163,95324.93,13289.92
2025-02-06,Product C,West,70,40837.44,10086.52
2025-02-06,Product D,North,69,39073.0,6192.01
2025-02-06,Product D,South,75,39181.42,5750.79
2025-02-06,Product D,East,60,39535.68,6457.93
2025-02-06,Product D,West,165,125611.98,27312.37
2025-02-07,Product A,North,159,87192.71,19263.29
2025-02-07,Product A,South,98,46839.82,5829.55
2025-02-07,Product A,East,146,98347.32,16990.56
2025-02-07,Product A,West,46,34232.05,4307.51
2025-02-07,Product B,North,41,25082.72,3617.18
2025-02-07,Product B,South,51,28095.44,5868.17
2025-02-07,Product B,East,117,81027.94,15959.52
2025-02-07,Product B,West,147,116662.37,22719.31
2025-02-07,Product C,North,123,54054.34,10751.17
2025-02-07,Product C,South,106,44567.37,8802.3
2025-02-07,Product C,East,134,71169.33,12648.57
2025-02-07,Product C,West,134,73986.52,15788.06
2025-02-07,Product D,North,53,30073.44,4483.48
2025-02-07,Product D,South,135,66234.78,14512.78
2025-02-07,Product D,East,49,38411.63,5570.9
2025-02-07,Product D,West,122,90673.85,16663.0
2025-02-08,Product A,North,128,58816.59,14442.14
2025-02-08,Product A,South,43,14288.72,3325.43
2025-02-08,Product A,East,152,81665.47,17118.25
2025-02-08,Product A,West,146,84615.54,12306.36
2025-02-08,Product B,North,151,79955.4,11248.98
2025-02-08,Product B,South,76,33757.89,5617.81
2025-02-08,Product B,East,125,81738.75,14039.4
2025-02-08,Product B,West,104,76901.72,14963.93
2025-02-08,Product C,North,140,58131.17,13157.38
2025-02-08,Product C,South,98,30778.37,4796.81
2025-02-08,Product C,East,163,68757.23,8510.86
2025-02-08,Product C,West,107,59420.48,14462.15
2025-02-08,Product D,North,48,23438.29,4166.63
2025-02-08,Product D,South,66,31082.56,4896.97
2025-02-08,Product D,East,179,109541.09,25619.53
2025-02-08,Product D,West,116,63330.62,10351.0
2025-02-09,Product A,North,68,31203.28,6849.2
2025-02-09,Product A,South,134,52311.91,6708.6
2025-02-09,Product A,East,93,50445.66,8788.15
2025-02-09,Product A,West,91,60364.45,13412.11
2025-02-09,Product B,North,74,40246.26,7376.65
2025-02-09,Product B,South,48,24680.23,3500.99
2025-02-09,Product B,East,160,100805.98,13915.53
2025-02-09,Product B,West,64,43982.12,10804.87
2025-02-09,Product C,North,108,42964.97,8075.24
2025-02-09,Product C,South,97,35536.42,4623.38
2025-02-09,Product C,East,162,67546.63,13643.95
2025-02-09,Product C,West,43,22062.99,2833.57
2025-02-09,Product D,North,72,36133.97,4522.38
2025-02-09,Product D,South,64,27179.19,5285.9
2025-02-09,Product D,East,144,103306.59,16089.88
2025-02-09,Product D,West,147,83828.25,16402.88
2025-02-10,Product A,North,148,74261.4,11949.95
2025-02-10,Product A,South,141,71972.73,17871.63
2025-02-10,Product A,East,82,55032.92,8658.98
2025-02-10,Product A,West,94,65113.72,15276.33
2025-02-10,Product B,North,104,62883.21,11106.38
2025-02-10,Product B,South,165,99966.16,19503.44
2025-02-10,Product B,East,116,92732.32,12293.86
2025-02-10,Product B,West,47,30156.12,4831.78
2025-02-10,Product C,North,122,62717.79,11338.38
2025-02-10,Product C,South,101,41036.99,10245.15
2025-02-10,Product C,East,69,34617.83,8585.79
2025-02-10,Product C,West,99,61213.91,13472.93
2025-02-10,Product D,North,135,84370.92,13321.85
2025-02-10,Product D,South,89,39286.92,5802.91
2025-02-10,Product D,East,165,123024.91,25228.3
2025-02-10,Product D,West,90,73395.47,14952.5
2025-02-11,Product A,North,62,39160.74,4755.28
2025-02-11,Product A,South,112,57926.3,10496.47
2025-02-11,Product A,East,71,45000.1,10703.96
2025-02-11,Product A,West,140,93220.69,17316.5
2025-02-11,Product B,North,70,49231.19,11300.57
2025-02-11,Product B,South,48,28845.4,4875.47
2025-02-11,Product B,East,131,93609.44,15866.42
2025-02-11,Product B,West,169,116733.87,17581.06
2025-02-11,Product C,North,136,55726.94,11390.76
2025-02-11,Product C,South,151,77000.23,9743.36
2025-02-11,Product C,East,179,109913.88,26580.46
2025-02-11,Product C,West,111,62793.25,14928.4
2025-02-11,Product D,North,101,62156.23,13882.38
2025-02-11,Product D,South,160,77079.32,14280.36
2025-02-11,Product D,East,138,99206.65,12587.97
2025-02-11,Product D,West,172,126641.6,25335.47
2025-02-12,Product A,North,130,76777.47,18534.61
2025-02-12,Product A,South,64,33516.89,7997.93
2025-02-12,Product A,East,162,84879.01,11673.56
2025-02-12,Product A,West,121,88533.73,19988.73
2025-02-12,Product B,North,63,40538.88,9158.19
2025-02-12,Product B,South,45,31413.95,4606.93
2025-02-12,Product B,East,53,41620.6,7586.33
2025-02-12,Product B,West,159,122925.55,22227.18
2025-02-12,Product C,North,113,55959.12,10100.1
2025-02-12,Product C,South,61,24512.85,6022.09
2025-02-12,Product C,East,156,89185.98,12055.65
2025-02-12,Product C,West,145,81568.59,15475.43
2025-02-12,Product D,North,130,70656.55,14791.03
2025-02-12,Product D,South,177,87296.14,14271.53
2025-02-12,Product D,East,124,89030.04,18243.49
2025-02-12,Product D,West,115,73170.83,17126.97
2025-02-13,Product A,North,123,68793.1,10261.13
2025-02-13,Product A,South,86,37543.05,7758.15
2025-02-13,Product A,East,91,56776.09,10617.41
2025-02-13,Product A,West,96,69974.03,12315.69
2025-02-13,Product B,North,153,110798.71,26993.92
2025-02-13,Product B,South,135,75636.11,18509.18
2025-02-13,Product B,East,53,40139.06,9443.84
2025-02-13,Product B,West,122,93230.3,21753.06
2025-02-13,Product C,North,66,28226.78,4424.91
2025-02-13,Product C,South,171,76162.45,15038.93
2025-02-13,Product C,East,137,75125.15,12579.36
2025-02-13,Product C,West,151,91104.81,15956.89
2025-02-13,Product D,North,95,63716.75,11799.09
2025-02-13,Product D,South,155,89015.44,14944.5
2025-02-13,Product D,East,135,92377.39,21085.92
2025-02-13,Product D,West,69,56223.62,7262.29
2025-02-14,Product A,North,99,54027.81,8198.08
2025-02-14,Product A,South,83,42093.82,8839.2
2025-02-14,Product A,East,130,83418.82,20274.63
2025-02-14,Product A,West,128,95366.75,13105.53
2025-02-14,Product B,North,144,89086.1,11988.7
2025-02-14,Product B,South,85,58517.86,10505.34
2025-02-14,Product B,East,84,64026.48,12799.15
2025-02-14,Product B,West,47,37799.96,6168.61
2025-02-14,Product C,North,101,41820.24,10140.83
2025-02-14,Product C,South,147,63669.95,13004.35
2025-02-14,Product C,East,110,57141.07,7217.18
2025-02-14,Product C,West,159,92600.92,22484.63
2025-02-14,Product D,North,172,105263.0,23932.17
2025-02-14,Product D,South,119,76054.34,12680.76
2025-02-14,Product D,East,94,71528.82,15581.94
2025-02-14,Product D,West,93,73451.23,15172.19
2025-02-15,Product A,North,126,66058.1,12356.45
2025-02-15,Product A,South,44,16082.76,2955.36
2025-02-15,Product A,East,178,100383.11,18832.69
2025-02-15,Product A,West,179,115482.02,23729.07
2025-02-15,Product B,North,160,84103.67,13176.7
2025-02-15,Product B,South,123,61371.74,15108.2
2025-02-15,Product B,East,168,107170.32,22835.28
2025-02-15,Product B,West,94,69308.93,15335.06
2025-02-15,Product C,North,157,65389.24,13730.02
2025-02-15,Product C,South,171,61555.23,15167.37
2025-02-15,Product C,East,135,57604.58,7677.31
2025-02-15,Product C,West,81,35808.28,7607.34
2025-02-15,Product D,North,44,23484.89,5605.71
2025-02-15,Product D,South,101,45052.37,10239.41
2025-02-15,Product D,East,143,75982.43,15071.81
2025-02-15,Product D,West,72,48934.78,9196.51
2025-02-16,Product A,North,131,61479.29,8584.07
2025-02-16,Product A,South,163,66320.54,10662.75
2025-02-16,Product A,East,140,73727.17,15649.74
2025-02-16,Product A,West,139,88415.36,13043.71
2025-02-16,Product B,North,140,76172.91,15134.08
2025-02-16,Product B,South,163,76493.38,15554.92
2025-02-16,Product B,East,127,87742.77,12350.86
2025-02-16,Product B,West,99,75452.18,11997.16
2025-02-16,Product C,North,56,24243.56,5827.46
2025-02-16,Product C,South,45,15301.15,3771.49
2025-02-16,Product C,East,141,57012.37,13113.4
2025-02-16,Product C,West,103,52108.82,6978.71
2025-02-16,Product D,North,173,78694.42,16500.7
2025-02-16,Product D,South,97,47266.8,11705.48
2025-02-16,Product D,East,174,104009.49,15235.46
2025-02-16,Product D,West,125,71992.75,13136.95
2025-02-17,Product A,North,80,45272.56,11317.56
2025-02-17,Product A,South,77,38592.56,8443.97
2025-02-17,Product A,East,95,60813.57,9021.07
2025-02-17,Product A,West,151,101251.07,20323.17
2025-02-17,Product B,North,158,117513.81,28769.02
2025-02-17,Product B,South,173,121682.14,30015.27
2025-02-17,Product B,East,62,46107.48,11378.92
2025-02-17,Product B,West,123,100711.41,12243.75
2025-02-17,Product C,North,164,80004.81,12485.58
2025-02-17,Product C,South,114,48079.62,9592.38
2025-02-17,Product C,East,124,69442.06,15334.29
2025-02-17,Product C,West,156,85535.49,12993.13
2025-02-17,Product D,North,84,56270.89,13623.22
2025-02-17,Product D,South,63,36069.81,8664.86
2025-02-17,Product D,East,145,99283.64,12201.63
2025-02-17,Product D,West,179,140052.57,25289.47
2025-02-18,Product A,North,132,67282.66,9823.69
2025-02-18,Product A,South,50,26188.88,6246.17
2025-02-18,Product A,East,94,70836.2,14824.51
2025-02-18,Product A,West,102,68893.86,16306.71
2025-02-18,Product B,North,169,106540.07,14655.9
2025-02-18,Product B,South,146,88608.21,17092.05
2025-02-18,Product B,East,144,111630.76,26640.68
2025-02-18,Product B,West,112,84180.26,12438.68
2025-02-18,Product C,North,129,59751.64,13402.57
2025-02-18,Product C,South,99,38303.61,5281.69
2025-02-18,Product C,East,110,52881.19,9880.96
2025-02-18,Product C,West,46,26125.99,3333.78
2025-02-18,Product D,North,67,39544.24,8824.27
2025-02-18,Product D,South,166,98243.25,16731.68
2025-02-18,Product D,East,102,71544.02,14610.02
2025-02-18,Product D,West,110,82190.53,11744.32
2025-02-19,Product A,North,171,96956.95,19241.66
2025-02-19,Product A,South,176,80514.11,17154.63
2025-02-19,Product A,East,134,88673.61,18552.05
2025-02-19,Product A,West,92,65051.55,11419.33
2025-02-19,Product B,North,58,44276.5,11050.83
2025-02-19,Product B,South,40,25126.94,3228.32
2025-02-19,Product B,East,94,69146.75,13546.72
2025-02-19,Product B,West,105,78650.69,14113.99
2025-02-19,Product C,North,153,77224.82,17053.65
2025-02-19,Product C,South,111,45771.1,8911.52
2025-02-19,Product C,East,83,47693.98,7593.39
2025-02-19,Product C,West,41,23984.42,5072.5
2025-02-19,Product D,North,100,62948.59,13350.8
2025-02-19,Product D,South,160,92862.6,14642.45
2025-02-19,Product D,East,134,94622.56,11498.66
2025-02-19,Product D,West,73,50326.68,11678.9
2025-02-20,Product A,North,111,56806.08,10310.95
2025-02-20,Product A,South,61,27193.54,5402.76
2025-02-20,Product A,East,110,69675.07,13466.99
2025-02-20,Product A,West,115,79240.01,10402.99
2025-02-20,Product B,North,52,37690.64,7386.51
2025-02-20,Product B,South,148,91060.14,12945.39
2025-02-20,Product B,East,90,75186.17,10708.7
2025-02-20,Product B,West,71,63963.75,8486.79
2025-02-20,Product C,North,132,64749.9,8703.32
2025-02-20,Product C,South,80,37458.58,5514.71
2025-02-20,Product C,East,133,78602.99,18129.26
2025-02-20,Product C,West,115,63624.49,7870.43
2025-02-20,Product D,North,47,28683.44,3926.04
2025-02-20,Product D,South,140,81008.01,16663.29
2025-02-20,Product D,East,129,90501.65,19878.04
2025-02-20,Product D,West,153,116979.67,21124.71
2025-02-21,Product A,North,68,41451.34,7077.87
2025-02-21,Product A,South,80,39104.15,6483.67
2025-02-21,Product A,East,120,75737.1,11300.75
2025-02-21,Product A,West,88,64087.58,9233.04
2025-02-21,Product B,North,107,72338.36,11008.67
2025-02-21,Product B,South,94,51854.64,12902.99
2025-02-21,Product B,East,73,59751.2,8297.73
2025-02-21,Product B,West,164,144743.9,26547.28
2025-02-21,Product C,North,100,46459.19,9796.57
2025-02-21,Product C,South,51,23451.72,5106.09
2025-02-21,Product C,East,116,65150.58,13770.18
2025-02-21,Product C,West,175,98170.03,19868.87
2025-02-21,Product D,North,60,36479.05,6979.69
2025-02-21,Product D,South,161,89319.7,10744.52
2025-02-21,Product D,East,114,76194.08,16193.05
2025-02-21,Product D,West,117,83526.89,19206.94
2025-02-22,Product A,North,60,29009.66,4970.85
2025-02-22,Product A,South,122,53699.93,6533.6
2025-02-22,Product A,East,54,27213.66,4455.13
2025-02-22,Product A,West,154,88032.68,13718.46
2025-02-22,Product B,North,71,37424.98,5889.85
2025-02-22,Product B,South,63,29295.27,6382.31
2025-02-22,Product B,East,71,46791.3,6346.43
2025-02-22,Product B,West,129,91443.95,22241.2
2025-02-22,Product C,North,71,28627.78,6429.53
2025-02-22,Product C,South,60,23348.42,5091.72
2025-02-22,Product C,East,111,48653.54,8998.12
2025-02-22,Product C,West,133,70639.59,9717.12
2025-02-22,Product D,North,92,43909.54,9023.78
2025-02-22,Product D,South,124,69408.32,16478.1
2025-02-22,Product D,East,110,65118.43,9764.81
2025-02-22,Product D,West,55,38342.24,5838.43
2025-02-23,Product A,North,132,73607.13,15397.87
2025-02-23,Product A,South,57,24451.42,3105.95
2025-02-23,Product A,East,134,77244.78,12605.36
2025-02-23,Product A,West,107,60443.16,11855.86
2025-02-23,Product B,North,92,53786.49,6886.15
2025-02-23,Product B,South,161,86911.85,16728.34
2025-02-23,Product B,East,49,29256.71,6356.45
2025-02-23,Product B,West,166,110968.84,23944.17
2025-02-23,Product C,North,100,37559.47,9250.44
2025-02-23,Product C,South,63,21717.74,3540.91
2025-02-23,Product C,East,123,55491.38,9090.34
2025-02-23,Product C,West,141,61052.08,15249.96
2025-02-23,Product D,North,161,76231.78,14387.71
2025-02-23,Product D,South,42,21406.5,3728.63
2025-02-23,Product D,East,96,59917.1,10795.74
2025-02-23,Product D,West,136,87342.05,18942.62
2025-02-24,Product A,North,133,76081.31,14876.02
2025-02-24,Product A,South,170,83376.01,15987.05
2025-02-24,Product A,East,165,93632.97,20286.03
2025-02-24,Product A,West,177,125155.55,16802.07
2025-02-24,Product B,North,56,38659.04,5405.85
2025-02-24,Product B,South,106,65884.36,13367.6
2025-02-24,Product B,East,126,99451.93,21379.87
2025-02-24,Product B,West,98,94117.11,17762.28
2025-02-24,Product C,North,168,82884.83,20007.34
2025-02-24,Product C,South,53,23954.41,3842.35
2025-02-24,Product C,East,63,38240.62,8364.12
2025-02-24,Product C,West,77,47056.57,7855.52
2025-02-24,Product D,North,80,47969.61,10381.49
2025-02-24,Product D,South,148,79303.48,17666.62
2025-02-24,Product D,East,152,110790.51,14948.27
2025-02-24,Product D,West,70,52725.31,10435.73
2025-02-25,Product A,North,157,90050.3,21549.06
2025-02-25,Product A,South,162,88528.5,16890.46
2025-02-25,Product A,East,43,25626.8,4659.28
2025-02-25,Product A,West,128,85619.91,16689.92
2025-02-25,Product B,North,104,59344.09,14100.6
2025-02-25,Product B,South,68,41129.83,7647.47
2025-02-25,Product B,East,133,106003.95,14156.0
2025-02-25,Product B,West,71,62636.38,13325.24
2025-02-25,Product C,North,88,39435.22,9466.14
2025-02-25,Product C,South,100,43007.87,8848.33
2025-02-25,Product C,East,169,101636.19,15460.73
2025-02-25,Product C,West,124,73944.19,12396.97
2025-02-25,Product D,North,115,66581.64,14465.87
2025-02-25,Product D,South,143,87417.76,17861.45
2025-02-25,Product D,East,116,84970.6,13712.75
2025-02-25,Product D,West,177,169265.42,32930.33
2025-02-26,Product A,North,56,32912.29,7957.55
2025-02-26,Product A,South,75,38903.08,5911.25
2025-02-26,Product A,East,112,78722.53,12747.21
2025-02-26,Product A,West,136,101734.8,21376.24
2025-02-26,Product B,North,69,46363.17,7171.77
2025-02-26,Product B,South,56,33196.59,3994.36
2025-02-26,Product B,East,165,94833.15,13137.1
2025-02-26,Product B,West,169,136366.83,28173.91
2025-02-26,Product C,North,77,34737.2,5591.28
2025-02-26,Product C,South,96,43271.74,10160.8
2025-02-26,Product C,East,158,84156.4,11447.12
2025-02-26,Product C,West,124,72161.14,8955.4
2025-02-26,Product D,North,120,76737.87,9556.22
2025-02-26,Product D,South,177,94124.88,13840.17
2025-02-26,Product D,East,154,120430.76,28164.37
2025-02-26,Product D,West,124,99615.1,23851.78
2025-02-27,Product A,North,76,43242.59,5408.67
2025-02-27,Product A,South,40,22040.9,4328.89
2025-02-27,Product A,East,89,62904.94,8532.89
2025-02-27,Product A,West,171,120007.8,26885.65
2025-02-27,Product B,North,80,57841.34,11030.11
2025-02-27,Product B,South,64,40705.12,6765.42
2025-02-27,Product B,East,156,111937.2,17802.54
2025-02-27,Product B,West,87,77692.02,10483.08
2025-02-27,Product C,North,170,88916.67,13536.04
2025-02-27,Product C,South,116,43960.85,9325.63
2025-02-27,Product C,East,61,32344.78,8001.85
2025-02-27,Product C,West,78,47243.6,8335.95
2025-02-27,Product D,North,54,38328.83,5051.02
2025-02-27,Product D,South,128,61367.07,12355.25
2025-02-27,Product D,East,137,89211.35,10908.93
2025-02-27,Product D,West,57,44774.47,9147.55
2025-02-28,Product A,North,45,26171.95,3332.9
2025-02-28,Product A,South,145,66434.01,15704.44
2025-02-28,Product A,East,43,28774.43,3734.92
2025-02-28,Product A,West,171,126760.76,29014.01
2025-02-28,Product B,North,67,42995.02,7043.2
2025-02-28,Product B,South,60,40734.82,9735.32
2025-02-28,Product B,East,97,69318.64,10196.19
2025-02-28,Product B,West,171,156655.98,19744.92
2025-02-28,Product C,North,142,69326.89,14029.84
2025-02-28,Product C,South,85,40033.83,9130.06
2025-02-28,Product C,East,160,88660.91,21157.38
2025-02-28,Product C,West,113,73648.16,14493.95
2025-02-28,Product D,North,68,40466.05,6280.68
2025-02-28,Product D,South,83,47430.92,11654.53
2025-02-28,Product D,East,74,47808.52,7041.93
2025-02-28,Product D,West,71,57076.67,11281.08
2025-03-01,Product A,North,95,45690.26,5972.15
2025-03-01,Product A,South,105,45566.46,9158.26
2025-03-01,Product A,East,151,87989.07,11554.59
2025-03-01,Product A,West,143,80511.57,9765.25
2025-03-01,Product B,North,40,22586.73,4913.3
2025-03-01,Product B,South,95,49908.27,7030.73
2025-03-01,Product B,East,82,55000.13,8122.72
2025-03-01,Product B,West,112,83243.92,15783.18
2025-03-01,Product C,North,153,65923.53,15746.15
2025-03-01,Product C,South,75,25448.58,3399.27
2025-03-01,Product C,East,101,50705.01,10440.57
2025-03-01,Product C,West,64,34100.61,5371.37
2025-03-01,Product D,North,63,34426.99,4648.89
2025-03-01,Product D,South,100,43482.8,6896.64
2025-03-01,Product D,East,59,33448.55,4881.0
2025-03-01,Product D,West,81,47175.93,10365.73
2025-03-02,Product A,North,170,79371.92,10648.39
2025-03-02,Product A,South,81,32376.43,5413.87
2025-03-02,Product A,East,64,36488.64,5404.45
2025-03-02,Product A,West,131,82136.67,14827.12
2025-03-02,Product B,North,124,67599.27,8401.34
2025-03-02,Product B,South,44,25645.13,4631.65
2025-03-02,Product B,East,164,102900.69,18945.86
2025-03-02,Product B,West,132,88141.5,16541.88
2025-03-02,Product C,North,126,47357.11,10413.95
2025-03-02,Product C,South,78,27479.47,6815.09
2025-03-02,Product C,East,144,71430.8,15142.03
2025-03-02,Product C,West,93,48407.83,11947.03
2025-03-02,Product D,North,58,30604.29,7530.09
2025-03-02,Product D,South,178,86547.86,13383.01
2025-03-02,Product D,East,166,110547.12,16568.43
2025-03-02,Product D,West,48,28441.22,4886.19
2025-03-03,Product A,North,117,62026.26,11894.77
2025-03-03,Product A,South,45,20042.32,3470.72
2025-03-03,Product A,East,169,101773.45,15661.05
2025-03-03,Product A,West,93,65034.72,12676.87
2025-03-03,Product B,North,172,111993.88,13681.18
2025-03-03,Product B,South,94,52029.97,12705.05
2025-03-03,Product B,East,177,138629.56,25205.89
2025-03-03,Product B,West,40,39237.77,8660.28
2025-03-03,Product C,North,107,42256.21,10484.81
2025-03-03,Product C,South,170,73057.35,10822.8
2025-03-03,Product C,East,52,29573.5,5559.76
2025-03-03,Product C,West,173,104106.66,19793.09
2025-03-03,Product D,North,127,92215.24,17527.25
2025-03-03,Product D,South,145,89893.53,15682.24
2025-03-03,Product D,East,101,73923.64,12589.42
2025-03-03,Product D,West,87,65436.79,15540.41
2025-03-04,Product A,North,89,51223.56,8903.86
2025-03-04,Product A,South,102,53779.27,12258.37
2025-03-04,Product A,East,168,105885.66,12860.99
2025-03-04,Product A,West,66,44825.09,8911.78
2025-03-04,Product B,North,91,57463.52,11340.5
2025-03-04,Product B,South,179,110801.08,13497.51
2025-03-04,Product B,East,169,126307.58,20016.95
2025-03-04,Product B,West,70,58591.08,8814.49
2025-03-04,Product C,North,72,33150.38,6913.4
2025-03-04,Product C,South,170,64486.15,8169.87
2025-03-04,Product C,East,57,27270.12,5004.49
2025-03-04,Product C,West,141,75049.71,10908.74
2025-03-04,Product D,North,99,66386.93,14714.76
2025-03-04,Product D,South,148,87410.35,13654.88
2025-03-04,Product D,East,179,128710.57,16197.91
2025-03-04,Product D,West,55,40429.99,6373.59
2025-03-05,Product A,North,111,68291.6,16150.33
2025-03-05,Product A,South,91,43218.68,6749.14
2025-03-05,Product A,East,60,42749.76,7995.63
2025-03-05,Product A,West,142,113569.46,21321.57
2025-03-05,Product B,North,53,33499.03,5609.32
2025-03-05,Product B,South,40,20821.86,2992.16
2025-03-05,Product B,East,145,122853.74,27888.37
2025-03-05,Product B,West,42,37995.39,6874.25
2025-03-05,Product C,North,92,48023.78,11771.08
2025-03-05,Product C,South,43,19622.32,4243.35
2025-03-05,Product C,East,178,104789.94,21119.99
2025-03-05,Product C,West,143,86992.0,13968.92
2025-03-05,Product D,North,82,45849.85,8561.73
2025-03-05,Product D,South,156,85417.95,10906.86
2025-03-05,Product D,East,59,40510.2,9486.02
2025-03-05,Product D,West,144,115688.43,26556.72
2025-03-06,Product A,North,139,81773.8,14551.43
2025-03-06,Product A,South,145,71907.88,17513.56
2025-03-06,Product A,East,179,109859.1,24560.71
2025-03-06,Product A,West,124,79420.69,15455.63
2025-03-06,Product B,North,70,45580.9,9802.98
2025-03-06,Product B,South,88,61654.81,14149.27
2025-03-06,Product B,East,110,78146.8,17569.4
2025-03-06,Product B,West,103,86321.36,11485.56
2025-03-06,Product C,North,71,31568.44,3988.85
2025-03-06,Product C,South,106,49803.94,12290.18
2025-03-06,Product C,East,99,57596.19,6913.84
2025-03-06,Product C,West,44,27255.43,3587.01
2025-03-06,Product D,North,68,37461.67,6180.58
2025-03-06,Product D,South,155,97963.27,15257.87
2025-03-06,Product D,East,149,107701.85,21609.74
2025-03-06,Product D,West,176,145491.04,24627.84
2025-03-07,Product A,North,72,41937.79,9981.56
2025-03-07,Product A,South,141,78043.13,12193.8
2025-03-07,Product A,East,145,96660.91,20385.89
2025-03-07,Product A,West,88,65400.71,12500.29
2025-03-07,Product B,North,89,53327.19,10769.72
2025-03-07,Product B,South,154,91346.49,21525.72
2025-03-07,Product B,East,59,42604.54,5331.78
2025-03-07,Product B,West,158,138450.05,18720.85
2025-03-07,Product C,North,145,74624.7,10898.6
2025-03-07,Product C,South,178,79223.98,19320.78
2025-03-07,Product C,East,51,34609.36,5310.32
2025-03-07,Product C,West,140,80971.66,19407.27
2025-03-07,Product D,North,94,53002.71,11200.78
2025-03-07,Product D,South,134,63276.36,14897.65
2025-03-07,Product D,East,134,89105.13,20405.95
2025-03-07,Product D,West,147,107397.65,22471.5
2025-03-08,Product A,North,156,71924.26,15780.38
2025-03-08,Product A,South,65,31165.77,5672.68
2025-03-08,Product A,East,105,58017.67,10733.76
2025-03-08,Product A,West,140,89148.31,19966.74
2025-03-08,Product B,North,178,102127.96,18004.86
2025-03-08,Product B,South,150,77991.94,13155.85
2025-03-08,Product B,East,151,105057.38,16318.9
2025-03-08,Product B,West,128,92249.39,16095.13
2025-03-08,Product C,North,77,30042.36,3983.18
2025-03-08,Product C,South,112,44492.98,8498.0
2025-03-08,Product C,East,144,67545.72,15545.72
2025-03-08,Product C,West,98,55306.65,13724.58
2025-03-08,Product D,North,109,56591.42,7315.14
2025-03-08,Product D,South,164,84628.97,17145.99
2025-03-08,Product D,East,158,101829.02,17100.84
2025-03-08,Product D,West,178,124025.25,29246.7
2025-03-09,Product A,North,67,30351.12,4985.42
2025-03-09,Product A,South,163,75921.77,16209.7
2025-03-09,Product A,East,128,83207.87,11686.07
2025-03-09,Product A,West,163,89556.91,15152.76
2025-03-09,Product B,North,78,45141.67,10818.06
2025-03-09,Product B,South,126,65604.87,14031.83
2025-03-09,Product B,East,91,64541.95,9410.88
2025-03-09,Product B,West,56,39249.69,8380.28
2025-03-09,Product C,North,164,62783.43,11176.92
2025-03-09,Product C,South,90,28645.89,5752.56
2025-03-09,Product C,East,49,23642.27,4457.69
2025-03-09,Product C,West,100,54919.19,11045.76
2025-03-09,Product D,North,134,88817.83,15469.76
2025-03-09,Product D,South,87,34405.45,6028.84
2025-03-09,Product D,East,109,68177.17,13423.83
2025-03-09,Product D,West,52,37455.9,8670.04
2025-03-10,Product A,North,97,54022.32,11551.95
2025-03-10,Product A,South,69,36026.71,4618.39
2025-03-10,Product A,East,63,37871.41,6374.2
2025-03-10,Product A,West,47,34744.56,6167.53
2025-03-10,Product B,North,135,90034.68,22070.6
2025-03-10,Product B,South,141,91316.37,17904.54
2025-03-10,Product B,East,111,92168.72,12037.07
2025-03-10,Product B,West,132,119377.37,29258.68
2025-03-10,Product C,North,139,58179.39,7979.3
2025-03-10,Product C,South,149,62664.34,10916.28
2025-03-10,Product C,East,58,28831.69,6706.94
2025-03-10,Product C,West,105,58335.63,8311.57
2025-03-10,Product D,North,145,90974.23,14440.95
2025-03-10,Product D,South,57,34294.88,4678.51
2025-03-10,Product D,East,58,47288.82,6155.64
2025-03-10,Product D,West,172,142515.4,31466.37
2025-03-11,Product A,North,75,48043.9,11452.63
2025-03-11,Product A,South,172,96886.62,15004.63
2025-03-11,Product A,East,69,47175.05,8645.63
2025-03-11,Product A,West,74,59708.21,14646.96
2025-03-11,Product B,North,73,49807.51,9356.29
2025-03-11,Product B,South,68,38256.81,6120.87
2025-03-11,Product B,East,52,43739.17,8478.69
2025-03-11,Product B,West,170,144584.09,23132.43
2025-03-11,Product C,North,49,21113.74,2664.01
2025-03-11,Product C,South,167,79967.17,17790.14
2025-03-11,Product C,East,65,30105.31,6515.65
2025-03-11,Product C,West,60,35517.33,8437.37
2025-03-11,Product D,North,55,33645.08,4815.47
2025-03-11,Product D,South,52,32616.83,5565.77
2025-03-11,Product D,East,177,134715.42,18196.19
2025-03-11,Product D,West,55,39037.89,6765.84
2025-03-12,Product A,North,160,89506.24,16780.89
2025-03-12,Product A,South,65,33523.92,6889.91
2025-03-12,Product A,East,165,96212.81,23478.11
2025-03-12,Product A,West,167,98083.36,18436.22
2025-03-12,Product B,North,55,35218.81,7625.19
2025-03-12,Product B,South,45,26808.11,4887.99
2025-03-12,Product B,East,88,72824.93,11120.3
2025-03-12,Product B,West,71,69001.48,11575.01
2025-03-12,Product C,North,64,34062.18,7910.24
2025-03-12,Product C,South,141,58206.17,10110.03
2025-03-12,Product C,East,127,82904.54,10430.87
2025-03-12,Product C,West,78,47704.28,11271.67
2025-03-12,Product D,North,60,40138.7,9575.32
2025-03-12,Product D,South,40,23110.42,3302.44
2025-03-12,Product D,East,121,98157.8,18844.09
2025-03-12,Product D,West,112,89508.93,19878.57
2025-03-13,Product A,North,91,61313.22,12266.3
2025-03-13,Product A,South,56,28172.91,6820.4
2025-03-13,Product A,East,104,63676.15,11938.26
2025-03-13,Product A,West,100,72309.74,11390.57
2025-03-13,Product B,North,108,75639.04,10662.14
2025-03-13,Product B,South,69,46330.85,9780.64
2025-03-13,Product B,East,102,85394.33,20001.1
2025-03-13,Product B,West,102,81625.61,11116.35
2025-03-13,Product C,North,132,75327.1,18179.7
2025-03-13,Product C,South,85,39688.16,8848.34
2025-03-13,Product C,East,85,47822.36,11937.78
2025-03-13,Product C,West,112,58840.81,10241.74
2025-03-13,Product D,North,138,92374.82,17902.73
2025-03-13,Product D,South,123,67101.04,14351.87
2025-03-13,Product D,East,65,45847.83,5582.62
2025-03-13,Product D,West,58,49130.22,9077.39
2025-03-14,Product A,North,96,59729.31,9693.32
2025-03-14,Product A,South,106,58340.11,12392.1
2025-03-14,Product A,East,57,33376.69,5606.98
2025-03-14,Product A,West,91,58943.6,11862.12
2025-03-14,Product B,North,166,114206.15,20125.73
2025-03-14,Product B,South,172,107317.29,16102.42
2025-03-14,Product B,East,60,41645.62,9378.24
2025-03-14,Product B,West,114,82085.61,13384.83
2025-03-14,Product C,North,102,53459.68,10826.57
2025-03-14,Product C,South,75,30188.38,5840.14
2025-03-14,Product C,East,132,81907.55,18697.8
2025-03-14,Product C,West,154,88240.57,14363.04
2025-03-14,Product D,North,116,72919.26,11306.94
2025-03-14,Product D,South,56,33916.34,7024.06
2025-03-14,Product D,East,65,52984.2,8309.61
2025-03-14,Product D,West,137,97243.97,19964.46
2025-03-15,Product A,North,160,79420.94,18505.62
2025-03-15,Product A,South,113,48359.8,11431.9
2025-03-15,Product A,East,160,94845.72,12227.24
2025-03-15,Product A,West,121,64972.49,11603.71
2025-03-15,Product B,North,113,73288.19,17565.72
2025-03-15,Product B,South,165,89564.95,12587.39
2025-03-15,Product B,East,55,36789.32,6729.76
2025-03-15,Product B,West,125,85278.73,20548.57
2025-03-15,Product C,North,81,33401.43,7779.75
2025-03-15,Product C,South,131,51952.2,8692.72
2025-03-15,Product C,East,165,75144.49,9365.43
2025-03-15,Product C,West,91,48995.7,8682.3
2025-03-15,Product D,North,96,50457.58,7348.45
2025-03-15,Product D,South,72,36759.11,8897.19
2025-03-15,Product D,East,40,25158.25,3701.21
2025-03-15,Product D,West,87,56465.49,7975.03
2025-03-16,Product A,North,122,59199.79,8669.55
2025-03-16,Product A,South,98,42798.56,6442.71
2025-03-16,Product A,East,124,67511.82,14562.76
2025-03-16,Product A,West,123,72107.44,9383.82
2025-03-16,Product B,North,160,100311.5,19550.88
2025-03-16,Product B,South,93,48893.45,10099.46
2025-03-16,Product B,East,64,40970.25,7222.74
2025-03-16,Product B,West,90,63971.79,15490.97
2025-03-16,Product C,North,112,46384.27,9748.49
2025-03-16,Product C,South,121,45599.05,10336.9
2025-03-16,Product C,East,158,63385.86,11987.95
2025-03-16,Product C,West,103,53202.1,8876.01
2025-03-16,Product D,North,165,87265.82,20683.76
2025-03-16,Product D,South,152,72773.58,18156.64
2025-03-16,Product D,East,120,75344.6,13479.62
2025-03-16,Product D,West,102,73386.23,11773.85
2025-03-17,Product A,North,144,81090.3,11579.75
2025-03-17,Product A,South,140,73916.05,14786.84
2025-03-17,Product A,East,138,86381.04,14681.43
2025-03-17,Product A,West,74,45948.01,7678.43
2025-03-17,Product B,North,126,75580.77,18285.9
2025-03-17,Product B,South,158,102574.77,25250.01
2025-03-17,Product B,East,135,114103.8,13924.21
2025-03-17,Product B,West,172,132048.71,16222.5
2025-03-17,Product C,North,60,29007.95,5925.0
2025-03-17,Product C,South,92,41029.49,8985.29
2025-03-17,Product C,East,60,33416.74,6918.71
2025-03-17,Product C,West,122,81302.8,15867.32
2025-03-17,Product D,North,68,39579.17,8842.97
2025-03-17,Product D,South,166,106190.43,22138.77
2025-03-17,Product D,East,98,73830.41,15706.52
2025-03-17,Product D,West,110,87768.3,20853.47
2025-03-18,Product A,North,77,39710.43,8371.56
2025-03-18,Product A,South,102,55883.97,11868.01
2025-03-18,Product A,East,146,95195.09,16642.02
2025-03-18,Product A,West,126,92566.37,14151.22
2025-03-18,Product B,North,84,53725.56,13019.07
2025-03-18,Product B,South,176,116314.13,16721.78
2025-03-18,Product B,East,129,84993.06,21059.38
2025-03-18,Product B,West,90,72403.14,14541.39
2025-03-18,Product C,North,175,93123.9,13882.71
2025-03-18,Product C,South,105,43725.08,9310.11
2025-03-18,Product C,East,89,47177.51,10256.77
2025-03-18,Product C,West,152,81083.03,11738.63
2025-03-18,Product D,North,136,94046.5,13463.88
2025-03-18,Product D,South,69,41379.59,7829.43
2025-03-18,Product D,East,121,97890.45,15987.13
2025-03-18,Product D,West,144,119631.76,29816.64
2025-03-19,Product A,North,157,88298.81,20379.83
2025-03-19,Product A,South,166,75462.31,13245.69
2025-03-19,Product A,East,156,95576.05,20701.76
2025-03-19,Product A,West,160,97020.11,21909.83
2025-03-19,Product B,North,129,89222.64,17036.21
2025-03-19,Product B,South,77,51759.96,9325.3
2025-03-19,Product B,East,167,142598.35,30325.64
2025-03-19,Product B,West,76,65971.72,15839.51
2025-03-19,Product C,North,131,76000.61,11981.8
2025-03-19,Product C,South,50,21424.16,5312.21
2025-03-19,Product C,East,126,63529.99,10281.29
2025-03-19,Product C,West,118,77117.39,14003.11
2025-03-19,Product D,North,167,95474.73,20892.48
2025-03-19,Product D,South,83,49818.25,11009.51
2025-03-19,Product D,East,142,98391.58,20496.07
2025-03-19,Product D,West,114,78104.93,11719.77
2025-03-20,Product A,North,92,53495.31,9825.6
2025-03-20,Product A,South,150,77394.08,13621.23
2025-03-20,Product A,East,159,99048.62,24364.88
2025-03-20,Product A,West,65,47807.84,9527.03
2025-03-20,Product B,North,83,48044.25,11911.04
2025-03-20,Product B,South,166,98998.62,19362.41
2025-03-20,Product B,East,116,81999.02,15209.12
2025-03-20,Product B,West,58,51469.58,11313.54
2025-03-20,Product C,North,76,31154.29,7264.88
2025-03-20,Product C,South,118,57117.2,7989.42
2025-03-20,Product C,East,150,93854.19,16124.26
2025-03-20,Product C,West,79,51896.99,6862.71
2025-03-20,Product D,North,135,85197.15,17331.02
2025-03-20,Product D,South,76,40472.98,6061.25
2025-03-20,Product D,East,178,134183.47,24801.56
2025-03-20,Product D,West,123,88775.18,14763.81
2025-03-21,Product A,North,110,66972.84,10583.24
2025-03-21,Product A,South,140,66181.03,8170.85
2025-03-21,Product A,East,90,65877.73,13040.68
2025-03-21,Product A,West,52,34673.46,7153.38
2025-03-21,Product B,North,172,115180.86,19062.07
2025-03-21,Product B,South,122,78768.45,10264.26
2025-03-21,Product B,East,169,129601.06,18905.66
2025-03-21,Product B,West,42,33203.21,7186.66
2025-03-21,Product C,North,124,58494.85,12751.73
2025-03-21,Product C,South,95,43351.73,10357.38
2025-03-21,Product C,East,130,75817.24,13083.2
2025-03-21,Product C,West,172,90511.28,14148.09
2025-03-21,Product D,North,130,88282.04,15007.38
2025-03-21,Product D,South,44,21215.87,3248.66
2025-03-21,Product D,East,166,137789.64,31063.33
2025-03-21,Product D,West,89,66748.37,12114.02
2025-03-22,Product A,North,97,48645.67,11500.16
2025-03-22,Product A,South,126,57682.54,7256.82
2025-03-22,Product A,East,66,39182.56,5087.67
2025-03-22,Product A,West,176,105767.79,22807.72
2025-03-22,Product B,North,109,72967.52,14325.31
2025-03-22,Product B,South,115,68084.53,9205.6
2025-03-22,Product B,East,107,67436.53,12903.71
2025-03-22,Product B,West,159,109629.21,14294.21
2025-03-22,Product C,North,118,46040.91,10881.36
2025-03-22,Product C,South,114,42608.79,8123.19
2025-03-22,Product C,East,68,30675.21,6029.18
2025-03-22,Product C,West,126,70652.0,9739.94
2025-03-22,Product D,North,106,64893.23,14448.05
2025-03-22,Product D,South,116,57046.79,11132.79
2025-03-22,Product D,East,161,89416.99,10741.57
2025-03-22,Product D,West,177,120672.71,30128.31
2025-03-23,Product A,North,159,79361.21,15833.69
2025-03-23,Product A,South,158,65498.23,8443.44
2025-03-23,Product A,East,102,55847.99,9593.58
2025-03-23,Product A,West,132,83475.59,20527.34
2025-03-23,Product B,North,94,59679.84,14786.54
2025-03-23,Product B,South,62,34835.54,4521.95
2025-03-23,Product B,East,95,69357.14,14420.33
2025-03-23,Product B,West,61,48784.46,5924.24
2025-03-23,Product C,North,41,17556.24,4010.08
2025-03-23,Product C,South,53,19957.45,4775.9
2025-03-23,Product C,East,103,37355.41,8178.32
2025-03-23,Product C,West,112,57934.64,9426.52
2025-03-23,Product D,North,49,21127.74,3505.87
2025-03-23,Product D,South,119,54082.23,10973.42
2025-03-23,Product D,East,55,37092.64,5429.85
2025-03-23,Product D,West,56,35061.32,7381.69
2025-03-24,Product A,North,179,96933.96,20078.88
2025-03-24,Product A,South,60,29529.11,3578.28
2025-03-24,Product A,East,71,54313.82,12976.1
2025-03-24,Product A,West,100,72849.64,17589.2
2025-03-24,Product B,North,143,90511.65,20233.92
2025-03-24,Product B,South,171,96766.22,13669.04
2025-03-24,Product B,East,142,113991.01,26899.66
2025-03-24,Product B,West,114,103207.44,24551.26
2025-03-24,Product C,North,67,31600.78,5992.52
2025-03-24,Product C,South,136,51072.46,9815.43
2025-03-24,Product C,East,176,105419.89,18097.07
2025-03-24,Product C,West,55,35475.04,4735.56
2025-03-24,Product D,North,117,75381.87,9466.1
2025-03-24,Product D,South,107,58732.63,12118.81
2025-03-24,Product D,East,156,112997.96,17052.8
2025-03-24,Product D,West,177,123486.5,27966.91
2025-03-25,Product A,North,93,48257.94,8748.48
2025-03-25,Product A,South,145,75802.09,13169.44
2025-03-25,Product A,East,157,97615.42,14044.29
2025-03-25,Product A,West,121,84823.74,19071.17
2025-03-25,Product B,North,113,70303.26,9770.1
2025-03-25,Product B,South,126,82514.37,12953.35
2025-03-25,Product B,East,41,31197.9,4972.82
2025-03-25,Product B,West,161,128120.94,26226.55
2025-03-25,Product C,North,131,66143.86,15042.3
2025-03-25,Product C,South,66,32459.7,6306.83
2025-03-25,Product C,East,83,41942.62,7299.34
2025-03-25,Product C,West,62,39662.8,4818.45
2025-03-25,Product D,North,164,112698.76,21066.3
2025-03-25,Product D,South,58,35972.17,8382.52
2025-03-25,Product D,East,69,46038.2,8429.62
2025-03-25,Product D,West,105,82719.12,17545.8
2025-03-26,Product A,North,111,58691.34,13808.3
2025-03-26,Product A,South,52,28613.82,6261.71
2025-03-26,Product A,East,98,58799.9,7124.74
2025-03-26,Product A,West,157,122062.73,29815.15
2025-03-26,Product B,North,136,98112.36,24135.83
2025-03-26,Product B,South,96,60603.7,11936.01
2025-03-26,Product B,East,83,66541.72,8624.46
2025-03-26,Product B,West,105,91894.15,14646.51
2025-03-26,Product C,North,67,31594.85,6603.21
2025-03-26,Product C,South,141,68759.15,10686.43
2025-03-26,Product C,East,77,44185.34,6915.33
2025-03-26,Product C,West,138,77344.34,9966.39
2025-03-26,Product D,North,107,68140.9,12708.21
2025-03-26,Product D,South,92,48095.92,10943.12
2025-03-26,Product D,East,177,123406.17,28862.03
2025-03-26,Product D,West,110,88257.28,17680.4
2025-03-27,Product A,North,99,62137.98,9465.51
2025-03-27,Product A,South,63,29953.56,5183.2
2025-03-27,Product A,East,159,102919.24,15642.4
2025-03-27,Product A,West,50,38647.71,8909.26
2025-03-27,Product B,North,121,78042.53,18941.45
2025-03-27,Product B,South,98,56845.1,8660.83
2025-03-27,Product B,East,164,126956.83,28774.38
2025-03-27,Product B,West,98,83264.66,18514.71
2025-03-27,Product C,North,47,21953.5,4573.97
2025-03-27,Product C,South,96,44367.8,10189.92
2025-03-27,Product C,East,45,25912.98,4085.64
2025-03-27,Product C,West,171,102996.19,23167.02
2025-03-27,Product D,North,108,59897.11,11451.18
2025-03-27,Product D,South,76,41988.15,7403.06
2025-03-27,Product D,East,90,67982.23,8794.37
2025-03-27,Product D,West,50,39113.57,7988.7
2025-03-28,Product A,North,52,31067.15,3851.79
2025-03-28,Product A,South,51,26017.49,4059.19
2025-03-28,Product A,East,124,76694.72,14420.3
2025-03-28,Product A,West,157,120004.47,18788.64
2025-03-28,Product B,North,85,58149.39,13642.93
2025-03-28,Product B,South,169,109776.12,23797.92
2025-03-28,Product B,East,52,38815.42,7470.15
2025-03-28,Product B,West,169,134488.33,31082.09
2025-03-28,Product C,North,96,41765.99,8547.26
2025-03-28,Product C,South,53,22737.71,3318.82
2025-03-28,Product C,East,166,89096.19,19534.15
2025-03-28,Product C,West,152,83193.4,17148.5
2025-03-28,Product D,North,43,30905.33,6808.9
2025-03-28,Product D,South,138,82253.61,14257.93
2025-03-28,Product D,East,132,86659.62,14278.11
2025-03-28,Product D,West,164,114544.47,26999.37
2025-03-29,Product A,North,124,63724.79,14621.78
2025-03-29,Product A,South,158,64261.89,8306.22
2025-03-29,Product A,East,84,53708.76,9242.35
2025-03-29,Product A,West,104,48225.17,11387.8
2025-03-29,Product B,North,111,73990.75,10227.03
2025-03-29,Product B,South,49,27463.13,6148.09
2025-03-29,Product B,East,147,96058.18,17998.37
2025-03-29,Product B,West,48,34365.5,5617.86
2025-03-29,Product C,North,84,32915.74,7719.34
2025-03-29,Product C,South,130,48886.61,11497.92
2025-03-29,Product C,East,83,34902.61,7658.88
2025-03-29,Product C,West,46,20780.93,4845.98
2025-03-29,Product D,North,124,64340.15,8507.31
2025-03-29,Product D,South,170,69992.4,13650.28
2025-03-29,Product D,East,144,93459.86,22429.82
2025-03-29,Product D,West,179,108799.09,20317.25
2025-03-30,Product A,North,144,67932.66,15130.08
2025-03-30,Product A,South,171,76024.28,10047.14
2025-03-30,Product A,East,130,61851.48,12807.87
2025-03-30,Product A,West,88,44372.94,9662.02
2025-03-30,Product B,North,74,49112.22,11182.26
2025-03-30,Product B,South,116,55836.37,11938.88
2025-03-30,Product B,East,179,117689.52,14909.31
2025-03-30,Product B,West,167,139153.32,32207.46
2025-03-30,Product C,North,63,27476.97,5008.83
2025-03-30,Product C,South,170,60455.72,11544.5
2025-03-30,Product C,East,129,59864.57,12964.54
2025-03-30,Product C,West,91,37887.75,9097.55
2025-03-30,Product D,North,76,38947.91,5651.32
2025-03-30,Product D,South,46,21553.14,3307.5
2025-03-30,Product D,East,67,40286.77,9543.89
2025-03-30,Product D,West,153,111955.26,23699.59
2025-03-31,Product A,North,149,75836.22,13076.93
2025-03-31,Product A,South,92,49069.35,7922.09
2025-03-31,Product A,East,100,75296.37,17370.21
2025-03-31,Product A,West,83,56756.9,12472.18
2025-03-31,Product B,North,152,103704.7,21990.12
2025-03-31,Product B,South,154,100090.35,24095.79
2025-03-31,Product B,East,123,88754.63,21560.5
2025-03-31,Product B,West,131,113663.82,14436.8
2025-03-31,Product C,North,111,57883.08,13200.49
2025-03-31,Product C,South,86,40018.5,8228.78
2025-03-31,Product C,East,46,29440.22,5292.17
2025-03-31,Product C,West,51,29837.42,5193.48
2025-03-31,Product D,North,178,115582.26,21325.12
2025-03-31,Product D,South,86,48756.65,11229.78
2025-03-31,Product D,East,160,96772.13,12958.53
2025-03-31,Product D,West,146,112248.71,17433.87
2025-04-01,Product A,North,76,44313.94,7297.21
2025-04-01,Product A,South,41,18564.38,2355.24
2025-04-01,Product A,East,92,60043.94,12873.52
2025-04-01,Product A,West,153,112917.7,22024.17
2025-04-01,Product B,North,159,127474.34,17713.99
2025-04-01,Product B,South,50,30802.16,3728.94
2025-04-01,Product B,East,87,69015.52,11637.44
2025-04-01,Product B,West,153,110677.43,16840.01
2025-04-01,Product C,North,93,38793.27,5129.99
2025-04-01,Product C,South,122,49796.09,7424.12
2025-04-01,Product C,East,72,46269.24,6602.72
2025-04-01,Product C,West,57,33310.23,4805.36
2025-04-01,Product D,North,72,42582.49,10275.65
2025-04-01,Product D,South,107,65901.28,14087.53
2025-04-01,Product D,East,64,48829.34,8465.48
2025-04-01,Product D,West,76,65418.37,16075.68
2025-04-02,Product A,North,82,50527.8,8182.45
2025-04-02,Product A,South,121,62432.77,8645.7
2025-04-02,Product A,East,160,104759.72,13575.47
2025-04-02,Product A,West,108,83227.54,12713.19
2025-04-02,Product B,North,101,65242.96,9093.7
2025-04-02,Product B,South,80,47761.41,6423.44
2025-04-02,Product B,East,99,62687.36,14727.41
2025-04-02,Product B,West,157,116254.06,16918.78
2025-04-02,Product C,North,86,42140.01,5375.87
2025-04-02,Product C,South,49,23416.63,4517.02
2025-04-02,Product C,East,136,78379.28,11684.78
2025-04-02,Product C,West,115,64525.87,10530.02
2025-04-02,Product D,North,159,102416.84,20102.48
2025-04-02,Product D,South,155,79436.23,19327.74
2025-04-02,Product D,East,138,93082.01,20731.28
2025-04-02,Product D,West,111,89416.82,10962.42
2025-04-03,Product A,North,150,80073.32,9724.27
2025-04-03,Product A,South,63,36551.74,4830.46
2025-04-03,Product A,East,73,45166.31,11221.44
2025-04-03,Product A,West,42,34606.03,7063.72
2025-04-03,Product B,North,104,82367.66,12138.79
2025-04-03,Product B,South,103,63116.78,8884.29
2025-04-03,Product B,East,107,85759.36,11035.59
2025-04-03,Product B,West,143,114521.42,18101.8
2025-04-03,Product C,North,152,67844.38,14223.41
2025-04-03,Product C,South,60,25811.08,3663.96
2025-04-03,Product C,East,168,98387.44,19877.1
2025-04-03,Product C,West,147,97287.81,18728.69
2025-04-03,Product D,North,71,46749.83,8336.9
2025-04-03,Product D,South,60,35651.76,6681.54
2025-04-03,Product D,East,63,46453.96,10323.06
2025-04-03,Product D,West,62,49982.65,7290.58
2025-04-04,Product A,North,131,74795.91,18410.57
2025-04-04,Product A,South,162,78706.71,11026.78
2025-04-04,Product A,East,164,103850.95,24502.49
2025-04-04,Product A,West,159,111720.06,18414.97
2025-04-04,Product B,North,109,77667.52,14955.14
2025-04-04,Product B,South,90,51728.09,12742.54
2025-04-04,Product B,East,75,51906.11,8074.61
2025-04-04,Product B,West,74,66531.25,8164.18
2025-04-04,Product C,North,93,45279.84,7687.88
2025-04-04,Product C,South,65,26180.27,4979.81
2025-04-04,Product C,East,130,72724.25,16456.73
2025-04-04,Product C,West,63,37694.77,7203.94
2025-04-04,Product D,North,99,65612.93,16135.16
2025-04-04,Product D,South,113,63758.76,14591.01
2025-04-04,Product D,East,49,32635.35,6188.22
2025-04-04,Product D,West,172,141479.03,26013.11
2025-04-05,Product A,North,143,52900.69,12528.78
2025-04-05,Product A,South,171,65140.14,13432.34
2025-04-05,Product A,East,168,93776.29,19270.78
2025-04-05,Product A,West,44,28613.73,4705.54
2025-04-05,Product B,North,119,66867.28,14160.44
2025-04-05,Product B,South,170,96983.25,24166.39
2025-04-05,Product B,East,98,62249.64,10891.47
2025-04-05,Product B,West,177,128245.58,28808.46
2025-04-05,Product C,North,170,67919.79,10960.7
2025-04-05,Product C,South,153,59994.68,11073.99
2025-04-05,Product C,East,49,20098.98,3971.37
2025-04-05,Product C,West,143,69214.33,11237.38
2025-04-05,Product D,North,149,69896.02,9322.4
2025-04-05,Product D,South,116,49600.53,9293.79
2025-04-05,Product D,East,153,91087.85,11596.32
2025-04-05,Product D,West,143,99613.14,15397.84
2025-04-06,Product A,North,98,52532.18,11889.28
2025-04-06,Product A,South,79,31806.71,6677.76
2025-04-06,Product A,East,54,28905.46,3713.81
2025-04-06,Product A,West,144,83832.17,14200.9
2025-04-06,Product B,North,47,27271.86,4913.95
2025-04-06,Product B,South,123,70499.24,13268.01
2025-04-06,Product B,East,104,70609.06,13378.04
2025-04-06,Product B,West,145,92475.97,18140.52
2025-04-06,Product C,North,52,22051.13,5237.46
2025-04-06,Product C,South,120,46714.75,9503.08
2025-04-06,Product C,East,85,37993.34,7633.53
2025-04-06,Product C,West,141,72511.05,17983.51
2025-04-06,Product D,North,59,33983.12,4312.88
2025-04-06,Product D,South,118,54510.29,13132.72
2025-04-06,Product D,East,47,31755.17,6955.97
2025-04-06,Product D,West,119,83033.44,14630.34
2025-04-07,Product A,North,85,40983.89,5154.57
2025-04-07,Product A,South,64,35559.26,6573.44
2025-04-07,Product A,East,107,67582.47,11022.41
2025-04-07,Product A,West,57,45650.13,9707.11
2025-04-07,Product B,North,164,123499.38,29707.19
2025-04-07,Product B,South,176,108471.38,22107.69
2025-04-07,Product B,East,55,46029.54,11467.08
2025-04-07,Product B,West,65,57204.87,11631.42
2025-04-07,Product C,North,89,40788.55,10176.74
2025-04-07,Product C,South,128,52838.06,11800.61
2025-04-07,Product C,East,111,65412.74,11107.41
2025-04-07,Product C,West,140,84892.71,15156.79
2025-04-07,Product D,North,99,68473.07,10904.84
2025-04-07,Product D,South,179,100444.84,14205.6
2025-04-07,Product D,East,58,39828.38,6193.3
2025-04-07,Product D,West,145,120645.01,20796.58
2025-04-08,Product A,North,165,84021.28,18900.15
2025-04-08,Product A,South,157,72052.6,15014.68
2025-04-08,Product A,East,76,52262.13,12924.65
2025-04-08,Product A,West,161,100732.1,20666.72
2025-04-08,Product B,North,106,68068.75,16001.02
2025-04-08,Product B,South,111,63572.64,8421.76
2025-04-08,Product B,East,153,108098.51,20954.27
2025-04-08,Product B,West,45,36512.47,8799.81
2025-04-08,Product C,North,86,43333.27,9128.58
2025-04-08,Product C,South,42,15410.25,1979.2
2025-04-08,Product C,East,43,22999.15,4377.58
2025-04-08,Product C,West,47,26060.76,6328.21
2025-04-08,Product D,North,125,82970.55,16697.97
2025-04-08,Product D,South,132,75037.01,9205.21
2025-04-08,Product D,East,71,48142.75,8669.58
2025-04-08,Product D,West,149,120368.72,19540.17
2025-04-09,Product A,North,58,27712.74,6246.42
2025-04-09,Product A,South,152,65362.33,15314.48
2025-04-09,Product A,East,157,98483.76,16292.44
2025-04-09,Product A,West,51,36035.18,7077.38
2025-04-09,Product B,North,117,94363.45,17938.0
2025-04-09,Product B,South,46,26832.62,6474.55
2025-04-09,Product B,East,50,38736.31,5182.34
2025-04-09,Product B,West,75,64906.24,12364.57
2025-04-09,Product C,North,80,37932.54,6785.42
2025-04-09,Product C,South,146,62561.24,12301.09
2025-04-09,Product C,East,158,85367.39,15494.45
2025-04-09,Product C,West,169,105773.04,24987.05
2025-04-09,Product D,North,162,121320.03,22665.66
2025-04-09,Product D,South,71,36862.21,4475.66
2025-04-09,Product D,East,64,51132.45,9646.1
2025-04-09,Product D,West,75,56750.15,13383.16
2025-04-10,Product A,North,83,51506.42,9641.68
2025-04-10,Product A,South,130,69007.5,12030.59
2025-04-10,Product A,East,170,118514.77,29443.08
2025-04-10,Product A,West,164,127225.14,23790.93
2025-04-10,Product B,North,119,89057.18,11178.2
2025-04-10,Product B,South,123,75862.15,14604.97
2025-04-10,Product B,East,52,35666.25,5314.14
2025-04-10,Product B,West,52,48277.28,10328.63
2025-04-10,Product C,North,99,42264.64,9103.6
2025-04-10,Product C,South,83,31927.93,5236.07
2025-04-10,Product C,East,76,52356.35,7223.47
2025-04-10,Product C,West,97,61797.61,9834.06
2025-04-10,Product D,North,109,71267.19,14698.33
2025-04-10,Product D,South,42,22454.05,3476.19
2025-04-10,Product D,East,138,97903.85,24394.47
2025-04-10,Product D,West,50,34856.02,8411.14
2025-04-11,Product A,North,78,40694.06,5919.38
2025-04-11,Product A,South,44,22305.0,4152.22
2025-04-11,Product A,East,83,50082.5,6036.5
2025-04-11,Product A,West,166,108551.96,21022.62
2025-04-11,Product B,North,107,66783.4,15790.34
2025-04-11,Product B,South,155,82637.47,13990.63
2025-04-11,Product B,East,85,55837.04,7626.76
2025-04-11,Product B,West,48,44155.0,9865.22
2025-04-11,Product C,North,87,40371.67,8292.56
2025-04-11,Product C,South,141,49389.88,6857.74
2025-04-11,Product C,East,138,75898.77,14345.76
2025-04-11,Product C,West,177,112975.88,27336.31
2025-04-11,Product D,North,66,38039.72,4961.09
2025-04-11,Product D,South,47,25253.49,3494.34
2025-04-11,Product D,East,125,90176.27,11523.71
2025-04-11,Product D,West,51,39633.45,9466.61
2025-04-12,Product A,North,65,30545.63,6623.52
2025-04-12,Product A,South,41,19797.06,4587.31
2025-04-12,Product A,East,121,67016.34,9976.86
2025-04-12,Product A,West,69,41260.84,8219.83
2025-04-12,Product B,North,70,42719.04,7446.35
2025-04-12,Product B,South,67,40449.02,6680.84
2025-04-12,Product B,East,100,67974.37,15442.02
2025-04-12,Product B,West,152,102862.44,23521.85
2025-04-12,Product C,North,58,22938.19,3222.32
2025-04-12,Product C,South,139,60100.66,10567.73
2025-04-12,Product C,East,106,48250.04,8859.34
2025-04-12,Product C,West,91,42657.42,6927.45
2025-04-12,Product D,North,44,23342.85,4421.97
2025-04-12,Product D,South,119,53853.49,11542.99
2025-04-12,Product D,East,144,86376.36,11138.97
2025-04-12,Product D,West,173,106344.85,18157.4
2025-04-13,Product A,North,163,74076.48,14575.96
2025-04-13,Product A,South,158,76188.39,18516.94
2025-04-13,Product A,East,148,80267.27,10024.62
2025-04-13,Product A,West,134,80430.15,13608.89
2025-04-13,Product B,North,60,34420.0,7558.62
2025-04-13,Product B,South,74,38085.91,8666.75
2025-04-13,Product B,East,129,79981.03,12914.98
2025-04-13,Product B,West,150,112590.53,19820.96
2025-04-13,Product C,North,102,40199.06,6361.6
2025-04-13,Product C,South,68,25250.44,3896.89
2025-04-13,Product C,East,154,78922.59,13784.39
2025-04-13,Product C,West,149,80526.72,10499.0
2025-04-13,Product D,North,70,39405.52,5725.68
2025-04-13,Product D,South,147,66343.97,15134.05
2025-04-13,Product D,East,121,73665.44,10628.6
2025-04-13,Product D,West,121,76699.4,18652.0
2025-04-14,Product A,North,97,48839.57,10135.62
2025-04-14,Product A,South,42,22480.04,4815.48
2025-04-14,Product A,East,114,83487.58,10678.51
2025-04-14,Product A,West,115,84492.42,14780.52
2025-04-14,Product B,North,133,98868.1,22050.68
2025-04-14,Product B,South,134,80504.83,12755.38
2025-04-14,Product B,East,83,55726.4,11945.71
2025-04-14,Product B,West,94,86092.81,15352.49
2025-04-14,Product C,North,102,45813.12,10673.53
2025-04-14,Product C,South,134,66035.87,13832.16
2025-04-14,Product C,East,143,81786.76,13812.01
2025-04-14,Product C,West,49,27519.94,5293.16
2025-04-14,Product D,North,130,78722.57,15656.74
2025-04-14,Product D,South,129,65681.85,14319.58
2025-04-14,Product D,East,125,89409.19,12316.7
2025-04-14,Product D,West,79,60305.93,7294.74
2025-04-15,Product A,North,129,70529.11,8758.42
2025-04-15,Product A,South,104,51267.37,9839.46
2025-04-15,Product A,East,168,147415.1,18710.16
2025-04-15,Product A,West,144,96333.11,21980.7
2025-04-15,Product B,North,169,104504.42,15846.64
2025-04-15,Product B,South,124,71952.23,16278.43
2025-04-15,Product B,East,65,50678.39,11714.96
2025-04-15,Product B,West,105,85708.66,13720.17
2025-04-15,Product C,North,147,66851.05,8644.83
2025-04-15,Product C,South,119,47293.25,11663.33
2025-04-15,Product C,East,74,43151.92,8732.08
2025-04-15,Product C,West,134,83482.5,11711.32
2025-04-15,Product D,North,108,67371.18,10783.19
2025-04-15,Product D,South,93,58965.64,10924.52
2025-04-15,Product D,East,81,61191.05,10975.11
2025-04-15,Product D,West,157,113103.73,20008.52
2025-04-16,Product A,North,50,29464.79,5404.87
2025-04-16,Product A,South,97,48861.79,9142.8
2025-04-16,Product A,East,132,87050.54,13716.29
2025-04-16,Product A,West,113,82644.15,19807.1
2025-04-16,Product B,North,112,73537.4,18272.0
2025-04-16,Product B,South,75,49822.08,11865.83
2025-04-16,Product B,East,91,79248.45,16258.43
2025-04-16,Product B,West,169,135685.86,16987.08
2025-04-16,Product C,North,50,21793.7,3202.78
2025-04-16,Product C,South,132,52904.99,12260.25
2025-04-16,Product C,East,122,68440.28,14829.69
2025-04-16,Product C,West,161,97672.76,14657.9
2025-04-16,Product D,North,121,80626.96,12110.02
2025-04-16,Product D,South,99,61577.91,14742.14
2025-04-16,Product D,East,175,131186.95,23099.12
2025-04-16,Product D,West,179,118078.92,21170.23
2025-04-17,Product A,North,167,87007.75,12977.11
2025-04-17,Product A,South,153,86125.7,18981.76
2025-04-17,Product A,East,72,44770.93,7815.99
2025-04-17,Product A,West,121,82180.88,17558.84
2025-04-17,Product B,North,173,127079.74,31009.42
2025-04-17,Product B,South,60,30016.06,6219.58
2025-04-17,Product B,East,163,125627.24,21952.24
2025-04-17,Product B,West,42,35263.36,4976.48
2025-04-17,Product C,North,48,23304.37,5698.2
2025-04-17,Product C,South,169,69838.72,16170.74
2025-04-17,Product C,East,124,69395.77,11712.71
2025-04-17,Product C,West,72,44093.5,9251.81
2025-04-17,Product D,North,139,75818.38,10680.55
2025-04-17,Product D,South,68,37152.66,6939.54
2025-04-17,Product D,East,123,83910.93,17629.8
2025-04-17,Product D,West,50,39565.41,8892.93
2025-04-18,Product A,North,152,92204.51,19841.17
2025-04-18,Product A,South,113,64002.19,11771.42
2025-04-18,Product A,East,157,107058.13,19845.77
2025-04-18,Product A,West,81,57132.6,12213.39
2025-04-18,Product B,North,91,65536.85,12818.81
2025-04-18,Product B,South,174,117585.39,14436.18
2025-04-18,Product B,East,115,86308.44,17593.64
2025-04-18,Product B,West,126,109608.91,18782.13
2025-04-18,Product C,North,163,78482.6,13791.58
2025-04-18,Product C,South,117,47058.95,8461.64
2025-04-18,Product C,East,171,88962.95,15049.57
2025-04-18,Product C,West,64,40001.01,8008.24
2025-04-18,Product D,North,163,119525.65,19714.92
2025-04-18,Product D,South,142,88559.52,14937.93
2025-04-18,Product D,East,129,95034.74,11425.23
2025-04-18,Product D,West,49,42699.51,6506.03
2025-04-19,Product A,North,133,56785.86,8719.04
2025-04-19,Product A,South,122,56000.48,8255.09
2025-04-19,Product A,East,107,65424.14,9528.94
2025-04-19,Product A,West,45,26454.29,5862.75
2025-04-19,Product B,North,82,43481.38,8804.7
2025-04-19,Product B,South,97,52201.34,6390.33
2025-04-19,Product B,East,166,113520.92,14604.02
2025-04-19,Product B,West,170,106469.45,14358.78
2025-04-19,Product C,North,150,66540.98,8768.2
2025-04-19,Product C,South,160,64101.92,15295.1
2025-04-19,Product C,East,140,64699.44,13758.84
2025-04-19,Product C,West,97,45529.05,10722.28
2025-04-19,Product D,North,89,48307.06,7322.02
2025-04-19,Product D,South,109,48615.43,10417.07
2025-04-19,Product D,East,65,37561.16,7330.68
2025-04-19,Product D,West,153,111693.69,25033.4
2025-04-20,Product A,North,104,50627.58,6646.83
2025-04-20,Product A,South,66,27953.83,3685.01
2025-04-20,Product A,East,123,69102.43,12983.13
2025-04-20,Product A,West,160,99768.3,22818.32
2025-04-20,Product B,North,153,81575.3,20017.5
2025-04-20,Product B,South,106,45266.74,9195.69
2025-04-20,Product B,East,158,101365.15,13188.56
2025-04-20,Product B,West,98,74167.35,9367.82
2025-04-20,Product C,North,134,59646.26,13420.7
2025-04-20,Product C,South,108,37179.84,6551.05
2025-04-20,Product C,East,105,47148.96,11497.61
2025-04-20,Product C,West,90,46597.3,10707.28
2025-04-20,Product D,North,114,72344.16,9685.13
2025-04-20,Product D,South,146,66883.08,8666.44
2025-04-20,Product D,East,119,78378.33,9602.61
2025-04-20,Product D,West,124,92652.14,14124.06
2025-04-21,Product A,North,128,70669.57,16932.72
2025-04-21,Product A,South,141,71329.9,16513.63
2025-04-21,Product A,East,163,113597.55,20851.52
2025-04-21,Product A,West,130,89598.78,17265.36
2025-04-21,Product B,North,64,39809.79,4919.46
2025-04-21,Product B,South,57,37917.49,6520.71
2025-04-21,Product B,East,101,83440.63,17972.6
2025-04-21,Product B,West,173,141674.87,22098.05
2025-04-21,Product C,North,90,44149.56,7911.97
2025-04-21,Product C,South,97,43824.48,7303.08
2025-04-21,Product C,East,128,70066.09,10860.66
2025-04-21,Product C,West,162,105660.37,19606.81
2025-04-21,Product D,North,100,63539.32,10351.14
2025-04-21,Product D,South,142,74180.18,17603.55
2025-04-21,Product D,East,134,96033.34,23855.15
2025-04-21,Product D,West,62,52079.81,9922.27
2025-04-22,Product A,North,162,91742.38,16737.88
2025-04-22,Product A,South,61,31411.98,4439.18
2025-04-22,Product A,East,178,116155.67,26544.77
2025-04-22,Product A,West,100,79270.44,10229.29
2025-04-22,Product B,North,130,79926.75,10082.02
2025-04-22,Product B,South,120,57995.85,11164.56
2025-04-22,Product B,East,164,143729.69,24224.23
2025-04-22,Product B,West,117,84049.7,15610.32
2025-04-22,Product C,North,55,23617.72,4624.96
2025-04-22,Product C,South,166,78554.67,10394.83
2025-04-22,Product C,East,77,37833.36,5003.27
2025-04-22,Product C,West,43,26381.35,5727.06
2025-04-22,Product D,North,103,60161.21,11977.52
2025-04-22,Product D,South,129,64664.71,14621.2
2025-04-22,Product D,East,116,92388.01,12479.99
2025-04-22,Product D,West,133,93137.91,22502.88
2025-04-23,Product A,North,153,79160.09,13729.01
2025-04-23,Product A,South,137,68958.87,8295.2
2025-04-23,Product A,East,94,60005.8,12430.4
2025-04-23,Product A,West,129,92972.72,14899.23
2025-04-23,Product B,North,44,30349.92,4732.34
2025-04-23,Product B,South,88,55221.37,11421.79
2025-04-23,Product B,East,124,102109.17,17270.25
2025-04-23,Product B,West,159,151930.97,19535.41
2025-04-23,Product C,North,58,26367.41,3919.31
2025-04-23,Product C,South,44,17791.18,3793.86
2025-04-23,Product C,East,65,38807.85,8917.33
2025-04-23,Product C,West,126,90910.64,20738.88
2025-04-23,Product D,North,112,68066.42,8778.0
2025-04-23,Product D,South,98,55794.82,8118.43
2025-04-23,Product D,East,122,96131.51,16283.95
2025-04-23,Product D,West,176,140903.27,33937.85
2025-04-24,Product A,North,127,75420.57,18079.26
2025-04-24,Product A,South,66,35959.43,4806.11
2025-04-24,Product A,East,157,101908.7,19258.97
2025-04-24,Product A,West,112,86990.38,10751.0
2025-04-24,Product B,North,121,79905.55,9798.82
2025-04-24,Product B,South,98,55801.67,10820.43
2025-04-24,Product B,East,143,110702.31,15393.13
2025-04-24,Product B,West,86,67016.18,15061.28
2025-04-24,Product C,North,82,36414.33,7144.08
2025-04-24,Product C,South,46,17061.57,4259.95
2025-04-24,Product C,East,170,83270.41,18202.36
2025-04-24,Product C,West,42,24310.25,3534.16
2025-04-24,Product D,North,70,41500.15,7720.84
2025-04-24,Product D,South,42,25327.9,3418.74
2025-04-24,Product D,East,94,66926.91,16682.59
2025-04-24,Product D,West,79,60080.04,13355.38
2025-04-25,Product A,North,79,42350.85,9851.84
2025-04-25,Product A,South,162,79000.4,10503.87
2025-04-25,Product A,East,40,24130.18,3393.31
2025-04-25,Product A,West,170,141506.17,32406.84
2025-04-25,Product B,North,137,98443.97,13545.67
2025-04-25,Product B,South,141,88641.74,10990.21
2025-04-25,Product B,East,40,30737.19,6898.63
2025-04-25,Product B,West,144,119918.05,25351.92
2025-04-25,Product C,North,161,85691.71,18500.75
2025-04-25,Product C,South,154,65984.18,14224.27
2025-04-25,Product C,East,72,40301.17,6906.13
2025-04-25,Product C,West,55,32421.16,7527.54
2025-04-25,Product D,North,109,72934.98,11994.23
2025-04-25,Product D,South,69,43301.67,6606.35
2025-04-25,Product D,East,45,33937.18,5000.42
2025-04-25,Product D,West,124,104125.21,20166.61
2025-04-26,Product A,North,128,70225.2,15859.14
2025-04-26,Product A,South,82,34370.15,6539.67
2025-04-26,Product A,East,54,29736.24,4561.72
2025-04-26,Product A,West,59,36103.89,8770.32
2025-04-26,Product B,North,118,66175.01,16291.19
2025-04-26,Product B,South,97,53081.63,12932.54
2025-04-26,Product B,East,117,81579.2,12152.0
2025-04-26,Product B,West,106,72682.74,12060.47
2025-04-26,Product C,North,165,62221.11,14687.41
2025-04-26,Product C,South,126,49152.73,10302.1
2025-04-26,Product C,East,178,85652.68,14353.68
2025-04-26,Product C,West,115,63947.03,15816.2
2025-04-26,Product D,North,169,89276.15,13221.8
2025-04-26,Product D,South,94,39174.62,6082.28
2025-04-26,Product D,East,67,39191.59,8840.29
2025-04-26,Product D,West,133,96298.68,20108.68
2025-04-27,Product A,North,98,47133.48,10894.82
2025-04-27,Product A,South,85,38454.34,8165.24
2025-04-27,Product A,East,145,93333.97,13281.21
2025-04-27,Product A,West,41,22804.06,4140.07
2025-04-27,Product B,North,60,38711.67,8629.95
2025-04-27,Product B,South,82,45393.97,10141.01
2025-04-27,Product B,East,44,33337.59,5160.22
2025-04-27,Product B,West,118,80007.94,12648.24
2025-04-27,Product C,North,114,48797.36,11661.21
2025-04-27,Product C,South,47,16409.64,3748.38
2025-04-27,Product C,East,161,78093.64,18968.32
2025-04-27,Product C,West,159,78710.93,18262.25
2025-04-27,Product D,North,166,94457.22,12141.02
2025-04-27,Product D,South,50,23499.26,3647.55
2025-04-27,Product D,East,58,41252.47,9774.17
2025-04-27,Product D,West,179,109041.05,25133.74
2025-04-28,Product A,North,60,35304.38,5559.12
2025-04-28,Product A,South,86,43478.56,7392.57
2025-04-28,Product A,East,58,45524.13,11336.19
2025-04-28,Product A,West,102,65076.3,12518.71
2025-04-28,Product B,North,125,90816.36,21471.89
2025-04-28,Product B,South,167,106824.48,17174.31
2025-04-28,Product B,East,131,102652.39,22273.07
2025-04-28,Product B,West,87,84354.91,17269.89
2025-04-28,Product C,North,116,50902.78,9165.38
2025-04-28,Product C,South,68,26032.2,3238.21
2025-04-28,Product C,East,133,77531.76,15849.2
2025-04-28,Product C,West,80,48318.84,9137.08
2025-04-28,Product D,North,176,115681.77,22124.29
2025-04-28,Product D,South,148,79713.89,9913.79
2025-04-28,Product D,East,145,98384.38,22229.53
2025-04-28,Product D,West,160,123660.08,29607.91
2025-04-29,Product A,North,128,64552.36,15612.76
2025-04-29,Product A,South,109,55236.28,11878.46
2025-04-29,Product A,East,129,79912.58,10146.33
2025-04-29,Product A,West,152,105135.57,15146.85
2025-04-29,Product B,North,161,92152.73,21750.17
2025-04-29,Product B,South,54,35760.28,6910.54
2025-04-29,Product B,East,151,127634.41,27207.49
2025-04-29,Product B,West,158,129889.63,18731.04
2025-04-29,Product C,North,87,40782.34,6542.1
2025-04-29,Product C,South,125,55415.68,11090.42
2025-04-29,Product C,East,129,66175.92,14870.0
2025-04-29,Product C,West,157,101546.58,19088.54
2025-04-29,Product D,North,97,63397.74,11268.14
2025-04-29,Product D,South,116,65576.04,13846.65
2025-04-29,Product D,East,173,137959.22,26546.59
2025-04-29,Product D,West,124,94494.5,18796.3
2025-04-30,Product A,North,65,36488.06,8951.07
2025-04-30,Product A,South,112,62624.92,13812.6
2025-04-30,Product A,East,161,92886.65,16512.56
2025-04-30,Product A,West,128,91677.41,15415.91
2025-04-30,Product B,North,144,94004.68,21677.85
2025-04-30,Product B,South,55,28522.32,5891.27
2025-04-30,Product B,East,104,70892.37,9511.84
2025-04-30,Product B,West,134,120010.4,24259.72
2025-04-30,Product C,North,175,92508.46,15023.04
2025-04-30,Product C,South,42,18550.45,4532.08
2025-04-30,Product C,East,143,73558.99,15812.61
2025-04-30,Product C,West,121,83364.67,15899.91
2025-04-30,Product D,North,109,68223.11,12942.76
2025-04-30,Product D,South,55,34443.44,5854.57
2025-04-30,Product D,East,168,113112.48,27819.68
2025-04-30,Product D,West,76,58806.87,10150.66
2025-05-01,Product A,North,153,97598.82,14543.7
2025-05-01,Product A,South,118,60395.29,13036.02
2025-05-01,Product A,East,54,35106.94,4785.41
2025-05-01,Product A,West,160,107611.49,26578.55
2025-05-01,Product B,North,127,106362.56,26198.65
2025-05-01,Product B,South,171,119832.2,24315.05
2025-05-01,Product B,East,49,41069.96,7386.58
2025-05-01,Product B,West,41,32789.99,6534.52
2025-05-01,Product C,North,108,53282.78,10461.34
2025-05-01,Product C,South,113,49271.88,8356.4
2025-05-01,Product C,East,137,70748.12,16489.39
2025-05-01,Product C,West,42,23928.51,3829.76
2025-05-01,Product D,North,87,51358.94,10930.54
2025-05-01,Product D,South,51,24862.07,5201.98
2025-05-01,Product D,East,92,70896.64,12330.43
2025-05-01,Product D,West,105,86538.67,16185.6
2025-05-02,Product A,North,98,55627.91,11970.78
2025-05-02,Product A,South,101,50729.67,10551.52
2025-05-02,Product A,East,165,110366.27,21420.1
2025-05-02,Product A,West,144,105746.44,16383.49
2025-05-02,Product B,North,168,100030.27,22856.05
2025-05-02,Product B,South,124,74493.8,16836.66
2025-05-02,Product B,East,147,131431.02,22883.27
2025-05-02,Product B,West,154,127723.09,16800.96
2025-05-02,Product C,North,164,85005.99,11255.53
2025-05-02,Product C,South,49,21824.72,4725.63
2025-05-02,Product C,East,150,91323.61,17403.8
2025-05-02,Product C,West,55,34498.65,5730.85
2025-05-02,Product D,North,98,52358.79,8915.13
2025-05-02,Product D,South,95,58445.83,11413.29
2025-05-02,Product D,East,99,62027.98,11277.27
2025-05-02,Product D,West,151,123529.05,25611.74
2025-05-03,Product A,North,174,71036.51,14626.78
2025-05-03,Product A,South,160,71273.52,8878.6
2025-05-03,Product A,East,117,62214.14,11843.08
2025-05-03,Product A,West,40,23986.81,3946.49
2025-05-03,Product B,North,151,95161.51,18500.78
2025-05-03,Product B,South,113,61818.03,9644.15
2025-05-03,Product B,East,152,86414.88,17674.58
2025-05-03,Product B,West,135,97313.12,22530.06
2025-05-03,Product C,North,108,44962.5,10966.93
2025-05-03,Product C,South,53,21716.47,4943.09
2025-05-03,Product C,East,107,42337.27,6421.96
2025-05-03,Product C,West,74,39558.53,5201.1
2025-05-03,Product D,North,63,39283.41,5243.49
2025-05-03,Product D,South,140,65313.82,14689.54
2025-05-03,Product D,East,78,44098.01,6973.33
2025-05-03,Product D,West,109,76319.38,12621.34
2025-05-04,Product A,North,61,30263.01,6780.24
2025-05-04,Product A,South,133,60914.79,8019.64
2025-05-04,Product A,East,156,100328.78,15025.42
2025-05-04,Product A,West,172,104490.06,12621.27
2025-05-04,Product B,North,178,94397.36,13252.09
2025-05-04,Product B,South,160,80101.53,18170.82
2025-05-04,Product B,East,83,55215.83,11793.38
2025-05-04,Product B,West,89,66090.02,10422.36
2025-05-04,Product C,North,55,24834.45,4784.47
2025-05-04,Product C,South,177,54695.02,11544.77
2025-05-04,Product C,East,175,86181.04,11258.39
2025-05-04,Product C,West,123,66882.31,15786.63
2025-05-04,Product D,North,144,69591.88,16290.46
2025-05-04,Product D,South,113,59903.11,12038.37
2025-05-04,Product D,East,72,36927.2,5074.14
2025-05-04,Product D,West,163,125327.01,25103.63
2025-05-05,Product A,North,45,24780.51,6144.73
2025-05-05,Product A,South,97,55709.75,8723.24
2025-05-05,Product A,East,65,42408.9,5193.81
2025-05-05,Product A,West,95,72759.47,13494.1
2025-05-05,Product B,North,64,48636.5,7521.45
2025-05-05,Product B,South,61,38103.0,6896.58
2025-05-05,Product B,East,69,53112.27,6881.51
2025-05-05,Product B,West,116,98869.89,22121.36
2025-05-05,Product C,North,112,53254.24,13026.31
2025-05-05,Product C,South,156,68451.44,16462.12
2025-05-05,Product C,East,163,82711.37,19832.44
2025-05-05,Product C,West,131,65537.97,9575.35
2025-05-05,Product D,North,84,48508.24,10595.05
2025-05-05,Product D,South,165,104478.62,22336.81
2025-05-05,Product D,East,66,49499.89,11914.72
2025-05-05,Product D,West,140,112560.2,24898.57
2025-05-06,Product A,North,164,91282.72,11075.12
2025-05-06,Product A,South,92,46027.61,5908.07
2025-05-06,Product A,East,155,100999.48,18716.96
2025-05-06,Product A,West,159,105329.02,22822.46
2025-05-06,Product B,North,156,113276.64,20991.55
2025-05-06,Product B,South,167,91191.66,18030.52
2025-05-06,Product B,East,52,41646.51,6869.82
2025-05-06,Product B,West,116,94378.66,18783.96
2025-05-06,Product C,North,117,55302.32,11862.66
2025-05-06,Product C,South,159,66479.09,13485.09
2025-05-06,Product C,East,122,69257.91,12837.21
2025-05-06,Product C,West,64,38499.84,7537.78
2025-05-06,Product D,North,151,86437.29,11249.56
2025-05-06,Product D,South,76,45293.93,8681.81
2025-05-06,Product D,East,154,111118.62,19945.68
2025-05-06,Product D,West,79,65046.8,8447.04
2025-05-07,Product A,North,99,61865.14,14909.15
2025-05-07,Product A,South,81,37700.01,6575.73
2025-05-07,Product A,East,131,82501.06,15665.58
2025-05-07,Product A,West,67,44952.43,6073.28
2025-05-07,Product B,North,146,86978.26,15535.5
2025-05-07,Product B,South,157,97361.56,22289.48
2025-05-07,Product B,East,112,90984.35,11127.38
2025-05-07,Product B,West,78,78235.55,10975.95
2025-05-07,Product C,North,87,37615.33,9112.8
2025-05-07,Product C,South,155,67437.41,12788.59
2025-05-07,Product C,East,74,43032.01,5500.33
2025-05-07,Product C,West,86,49323.6,6568.98
2025-05-07,Product D,North,83,51782.17,6946.55
2025-05-07,Product D,South,136,63672.88,11196.3
2025-05-07,Product D,East,63,43217.94,10796.03
2025-05-07,Product D,West,144,126437.93,21560.16
2025-05-08,Product A,North,128,70818.54,11658.94
2025-05-08,Product A,South,77,37829.83,9231.66
2025-05-08,Product A,East,101,65200.47,9718.83
2025-05-08,Product A,West,52,35584.58,5973.24
2025-05-08,Product B,North,122,77782.7,11421.33
2025-05-08,Product B,South,111,60983.87,11784.66
2025-05-08,Product B,East,50,46002.06,8733.55
2025-05-08,Product B,West,47,38645.63,6016.19
2025-05-08,Product C,North,106,51250.07,9460.23
2025-05-08,Product C,South,63,27741.03,6587.28
2025-05-08,Product C,East,176,105140.68,25550.98
2025-05-08,Product C,West,115,71422.2,14449.1
2025-05-08,Product D,North,88,49936.01,9020.15
2025-05-08,Product D,South,108,59820.77,10871.67
2025-05-08,Product D,East,76,53080.02,7152.48
2025-05-08,Product D,West,43,35133.68,5617.93
2025-05-09,Product A,North,150,73937.81,16858.45
2025-05-09,Product A,South,64,29781.93,4267.5
2025-05-09,Product A,East,70,48739.58,11683.46
2025-05-09,Product A,West,153,107556.11,16735.48
2025-05-09,Product B,North,131,92704.28,17884.32
2025-05-09,Product B,South,168,101299.38,20065.77
2025-05-09,Product B,East,157,135640.55,27765.8
2025-05-09,Product B,West,69,54139.61,12548.68
2025-05-09,Product C,North,50,26072.73,6365.18
2025-05-09,Product C,South,138,59575.02,8339.32
2025-05-09,Product C,East,116,65180.19,15812.25
2025-05-09,Product C,West,126,87204.36,15426.98
2025-05-09,Product D,North,132,85893.29,11214.2
2025-05-09,Product D,South,111,57132.42,11878.43
2025-05-09,Product D,East,137,99224.41,20075.49
2025-05-09,Product D,West,116,92446.16,15969.6
2025-05-10,Product A,North,129,60438.86,8291.24
2025-05-10,Product A,South,130,54704.57,9263.38
2025-05-10,Product A,East,43,23263.29,5165.78
2025-05-10,Product A,West,150,97703.99,16633.57
2025-05-10,Product B,North,179,101513.37,13805.47
2025-05-10,Product B,South,80,41687.41,8098.68
2025-05-10,Product B,East,96,54074.57,9940.86
2025-05-10,Product B,West,48,34048.06,5365.1
2025-05-10,Product C,North,167,63660.69,12147.89
2025-05-10,Product C,South,176,60642.85,13185.91
2025-05-10,Product C,East,149,61374.34,11562.05
2025-05-10,Product C,West,74,38549.8,6377.35
2025-05-10,Product D,North,77,44267.01,8985.58
2025-05-10,Product D,South,145,61799.25,7816.34
2025-05-10,Product D,East,126,71888.37,9632.58
2025-05-10,Product D,West,132,87589.89,21143.89
2025-05-11,Product A,North,176,82711.43,20094.12
2025-05-11,Product A,South,144,51521.81,11153.6
2025-05-11,Product A,East,55,27047.9,5675.62
2025-05-11,Product A,West,174,99808.38,22300.38
2025-05-11,Product B,North,68,43414.63,9925.85
2025-05-11,Product B,South,139,69715.89,12904.19
2025-05-11,Product B,East,126,76186.66,13008.0
2025-05-11,Product B,West,117,85406.37,21040.6
2025-05-11,Product C,North,164,61662.73,9342.46
2025-05-11,Product C,South,63,22521.95,3377.7
2025-05-11,Product C,East,131,60405.25,12651.21
2025-05-11,Product C,West,138,70587.99,11718.69
2025-05-11,Product D,North,85,44786.53,8446.27
2025-05-11,Product D,South,139,62385.24,8757.03
2025-05-11,Product D,East,142,96689.27,12019.68
2025-05-11,Product D,West,127,87164.45,18291.6
2025-05-12,Product A,North,72,37925.48,8844.14
2025-05-12,Product A,South,87,40415.27,9911.83
2025-05-12,Product A,East,157,93555.64,17414.25
2025-05-12,Product A,West,60,44701.69,9210.09
2025-05-12,Product B,North,135,77388.9,9347.04
2025-05-12,Product B,South,103,60861.29,8038.34
2025-05-12,Product B,East,100,67960.08,10166.62
2025-05-12,Product B,West,167,140621.5,34760.86
2025-05-12,Product C,North,167,74916.51,16944.93
2025-05-12,Product C,South,113,45079.1,7367.75
2025-05-12,Product C,East,113,62718.57,14451.55
2025-05-12,Product C,West,95,50654.12,7525.3
2025-05-12,Product D,North,74,46700.51,10889.67
2025-05-12,Product D,South,92,46351.23,7333.81
2025-05-12,Product D,East,99,68324.64,14468.26
2025-05-12,Product D,West,50,39023.09,7606.7
2025-05-13,Product A,North,62,32969.47,7970.53
2025-05-13,Product A,South,95,49473.99,11447.58
2025-05-13,Product A,East,112,69834.41,12682.55
2025-05-13,Product A,West,95,58285.17,12340.72
2025-05-13,Product B,North,40,26871.66,5469.31
2025-05-13,Product B,South,139,77901.27,14274.04
2025-05-13,Product B,East,88,67029.03,13881.0
2025-05-13,Product B,West,178,156412.32,29712.8
2025-05-13,Product C,North,150,68110.63,10734.56
2025-05-13,Product C,South,166,74638.07,11180.04
2025-05-13,Product C,East,70,39067.14,8892.3
2025-05-13,Product C,West,158,98843.1,16732.87
2025-05-13,Product D,North,116,71713.81,11661.68
2025-05-13,Product D,South,93,47465.1,10094.66
2025-05-13,Product D,East,140,108266.95,23386.53
2025-05-13,Product D,West,174,128139.22,31788.09
2025-05-14,Product A,North,67,35784.37,5082.77
2025-05-14,Product A,South,168,92287.52,20546.46
2025-05-14,Product A,East,123,74736.94,18545.95
2025-05-14,Product A,West,74,51905.17,12091.06
2025-05-14,Product B,North,62,47059.0,5920.71
2025-05-14,Product B,South,44,27800.73,4768.46
2025-05-14,Product B,East,67,50165.88,8662.76
2025-05-14,Product B,West,169,127771.1,19582.24
2025-05-14,Product C,North,145,63738.19,12391.25
2025-05-14,Product C,South,162,69854.67,14316.81
2025-05-14,Product C,East,61,34148.83,7640.42
2025-05-14,Product C,West,167,99505.99,20281.39
2025-05-14,Product D,North,120,76296.06,13190.72
2025-05-14,Product D,South,113,59126.32,8783.73
2025-05-14,Product D,East,61,42227.93,6919.23
2025-05-14,Product D,West,148,111493.19,18996.75
2025-05-15,Product A,North,58,36417.81,5510.97
2025-05-15,Product A,South,121,61415.47,11892.41
2025-05-15,Product A,East,43,30101.69,5186.53
2025-05-15,Product A,West,169,102913.69,18724.4
2025-05-15,Product B,North,156,97084.06,14395.53
2025-05-15,Product B,South,78,50274.07,8686.65
2025-05-15,Product B,East,43,31090.83,5092.56
2025-05-15,Product B,West,136,135024.73,31703.64
2025-05-15,Product C,North,85,37729.23,9353.23
2025-05-15,Product C,South,46,17416.64,2102.61
2025-05-15,Product C,East,75,43234.18,7466.21
2025-05-15,Product C,West,82,52616.65,7495.01
2025-05-15,Product D,North,132,84992.91,12170.03
2025-05-15,Product D,South,57,33360.39,5836.68
2025-05-15,Product D,East,136,107114.52,23801.36
2025-05-15,Product D,West,118,92653.02,18438.79
2025-05-16,Product A,North,144,88218.49,11610.57
2025-05-16,Product A,South,99,48056.82,7710.73
2025-05-16,Product A,East,132,82245.49,17092.26
2025-05-16,Product A,West,89,54887.05,10976.38
2025-05-16,Product B,North,138,90467.99,16088.82
2025-05-16,Product B,South,50,27454.67,4823.55
2025-05-16,Product B,East,64,43350.37,6016.81
2025-05-16,Product B,West,49,41844.72,8559.1
2025-05-16,Product C,North,93,43353.84,6128.79
2025-05-16,Product C,South,44,18272.12,2926.78
2025-05-16,Product C,East,102,52284.25,10864.24
2025-05-16,Product C,West,46,30105.65,5312.29
2025-05-16,Product D,North,142,82837.68,12296.59
2025-05-16,Product D,South,56,31671.91,5636.28
2025-05-16,Product D,East,125,96342.13,18138.4
2025-05-16,Product D,West,102,74839.06,12391.42
2025-05-17,Product A,North,175,89876.27,14643.54
2025-05-17,Product A,South,96,44350.23,6856.3
2025-05-17,Product A,East,134,77722.0,18027.74
2025-05-17,Product A,West,43,27016.89,3887.42
2025-05-17,Product B,North,172,124963.22,25321.7
2025-05-17,Product B,South,167,85047.79,13128.6
2025-05-17,Product B,East,146,91515.32,14077.72
2025-05-17,Product B,West,129,87313.23,12100.74
2025-05-17,Product C,North,41,14266.61,1917.66
2025-05-17,Product C,South,177,65387.63,12152.51
2025-05-17,Product C,East,96,40737.65,8445.47
2025-05-17,Product C,West,139,79830.85,12116.65
2025-05-17,Product D,North,41,20826.0,3363.63
2025-05-17,Product D,South,110,49083.82,11454.08
2025-05-17,Product D,East,64,33941.79,7678.7
2025-05-17,Product D,West,124,88860.29,10907.73
2025-05-18,Product A,North,119,54969.88,10902.85
2025-05-18,Product A,South,142,59461.34,13483.45
2025-05-18,Product A,East,73,34662.99,4238.34
2025-05-18,Product A,West,40,24063.32,3874.38
2025-05-18,Product B,North,46,29619.0,6307.07
2025-05-18,Product B,South,66,29881.73,7017.82
2025-05-18,Product B,East,100,62433.56,7661.63
2025-05-18,Product B,West,83,59132.76,11777.92
2025-05-18,Product C,North,100,40779.3,5411.39
2025-05-18,Product C,South,80,28431.67,6292.64
2025-05-18,Product C,East,51,21862.24,2754.05
2025-05-18,Product C,West,124,65255.95,10353.62
2025-05-18,Product D,North,124,56024.41,12246.2
2025-05-18,Product D,South,145,71092.1,15286.61
2025-05-18,Product D,East,44,23115.84,3928.69
2025-05-18,Product D,West,100,78105.9,10860.86
2025-05-19,Product A,North,136,78981.62,11468.64
2025-05-19,Product A,South,94,50192.56,9835.86
2025-05-19,Product A,East,70,48937.87,12120.47
2025-05-19,Product A,West,46,25838.73,6136.25
2025-05-19,Product B,North,175,121798.55,21567.15
2025-05-19,Product B,South,46,26668.14,3738.91
2025-05-19,Product B,East,134,103770.71,18951.01
2025-05-19,Product B,West,153,124256.18,25824.89
2025-05-19,Product C,North,138,80745.87,12270.07
2025-05-19,Product C,South,145,64657.51,16117.96
2025-05-19,Product C,East,173,84858.22,16144.08
2025-05-19,Product C,West,173,110388.64,14732.68
2025-05-19,Product D,North,73,41163.58,7487.06
2025-05-19,Product D,South,162,92202.78,16658.04
2025-05-19,Product D,East,105,70298.76,14707.85
2025-05-19,Product D,West,119,90438.41,19820.5
2025-05-20,Product A,North,59,28189.44,3956.88
2025-05-20,Product A,South,134,64407.33,10474.53
2025-05-20,Product A,East,79,47398.33,6650.79
2025-05-20,Product A,West,100,76076.37,14057.82
2025-05-20,Product B,North,150,99133.29,24769.19
2025-05-20,Product B,South,70,33971.16,6743.95
2025-05-20,Product B,East,106,89962.37,17468.33
2025-05-20,Product B,West,134,119521.14,22694.38
2025-05-20,Product C,North,90,41984.43,10457.56
2025-05-20,Product C,South,133,56177.71,7408.35
2025-05-20,Product C,East,49,25504.58,6026.32
2025-05-20,Product C,West,101,53988.7,9399.7
2025-05-20,Product D,North,165,92940.63,21529.69
2025-05-20,Product D,South,55,32214.6,4747.9
2025-05-20,Product D,East,151,100485.43,14427.65
2025-05-20,Product D,West,44,33383.13,6850.02
2025-05-21,Product A,North,83,40271.37,7731.31
2025-05-21,Product A,South,107,57669.52,9532.98
2025-05-21,Product A,East,63,36747.36,7358.25
2025-05-21,Product A,West,164,116315.3,26302.81
2025-05-21,Product B,North,104,74146.47,10961.1
2025-05-21,Product B,South,56,35795.14,4743.96
2025-05-21,Product B,East,147,112601.47,27212.55
2025-05-21,Product B,West,77,68191.64,10588.94
2025-05-21,Product C,North,150,68953.53,16856.76
2025-05-21,Product C,South,58,21322.12,3415.88
2025-05-21,Product C,East,89,41453.08,7366.16
2025-05-21,Product C,West,138,88396.09,21079.52
2025-05-21,Product D,North,81,49538.39,7345.34
2025-05-21,Product D,South,75,40395.12,9166.08
2025-05-21,Product D,East,120,101787.94,17149.8
2025-05-21,Product D,West,69,51680.72,7910.16
2025-05-22,Product A,North,142,84505.3,11260.08
2025-05-22,Product A,South,172,86451.97,12275.13
2025-05-22,Product A,East,145,95550.91,22620.07
2025-05-22,Product A,West,81,54537.52,8730.95
2025-05-22,Product B,North,157,95843.27,14002.74
2025-05-22,Product B,South,171,110175.74,17914.64
2025-05-22,Product B,East,92,88567.94,18642.66
2025-05-22,Product B,West,143,114675.52,19978.22
2025-05-22,Product C,North,123,58622.32,13785.75
2025-05-22,Product C,South,94,35986.6,6539.42
2025-05-22,Product C,East,110,53118.64,12252.63
2025-05-22,Product C,West,116,62770.05,15588.84
2025-05-22,Product D,North,147,88823.59,10708.33
2025-05-22,Product D,South,158,82822.85,16802.33
2025-05-22,Product D,East,150,99200.78,19974.22
2025-05-22,Product D,West,95,68393.89,9464.1
2025-05-23,Product A,North,120,69872.97,16544.99
2025-05-23,Product A,South,137,66311.72,12788.05
2025-05-23,Product A,East,100,65451.83,14653.15
2025-05-23,Product A,West,83,56923.46,12502.62
2025-05-23,Product B,North,52,32712.82,4901.68
2025-05-23,Product B,South,147,91758.16,16804.2
2025-05-23,Product B,East,177,138587.08,19130.81
2025-05-23,Product B,West,71,60476.46,14468.0
2025-05-23,Product C,North,132,59681.05,8343.83
2025-05-23,Product C,South,92,36931.75,8286.53
2025-05-23,Product C,East,61,38324.05,4633.08
2025-05-23,Product C,West,112,73676.41,16563.81
2025-05-23,Product D,North,161,101382.35,16746.69
2025-05-23,Product D,South,41,21023.49,5096.77
2025-05-23,Product D,East,118,91428.22,18836.16
2025-05-23,Product D,West,59,46947.47,6136.78
2025-05-24,Product A,North,92,38424.45,6174.71
2025-05-24,Product A,South,54,24380.9,3953.57
2025-05-24,Product A,East,176,95949.24,20784.61
2025-05-24,Product A,West,57,28291.57,6706.72
2025-05-24,Product B,North,104,52650.6,12120.87
2025-05-24,Product B,South,90,40395.95,8214.3
2025-05-24,Product B,East,54,33238.2,7611.33
2025-05-24,Product B,West,117,86734.01,12806.22
2025-05-24,Product C,North,74,28047.36,5946.17
2025-05-24,Product C,South,124,48305.33,11392.23
2025-05-24,Product C,East,106,48183.55,7437.2
2025-05-24,Product C,West,61,29560.83,5161.77
2025-05-24,Product D,North,170,86215.35,19719.65
2025-05-24,Product D,South,156,71993.99,11941.77
2025-05-24,Product D,East,167,93588.57,12839.53
2025-05-24,Product D,West,124,71028.2,17445.41
2025-05-25,Product A,North,52,20936.98,4202.38
2025-05-25,Product A,South,87,35945.32,6209.15
2025-05-25,Product A,East,131,76714.83,16303.02
2025-05-25,Product A,West,68,38190.72,8234.41
2025-05-25,Product B,North,58,29393.99,5152.74
2025-05-25,Product B,South,81,40199.97,6603.41
2025-05-25,Product B,East,115,77929.42,13289.05
2025-05-25,Product B,West,114,80776.01,12255.2
2025-05-25,Product C,North,54,18208.62,2321.44
2025-05-25,Product C,South,49,16008.23,2057.97
2025-05-25,Product C,East,165,74092.61,16756.72
2025-05-25,Product C,West,98,50554.92,8572.09
2025-05-25,Product D,North,52,26512.57,6408.62
2025-05-25,Product D,South,83,38429.83,7548.83
2025-05-25,Product D,East,118,57988.58,8405.44
2025-05-25,Product D,West,56,32424.13,7934.87
2025-05-26,Product A,North,95,47467.65,11796.63
2025-05-26,Product A,South,76,34785.73,6247.89
2025-05-26,Product A,East,138,94624.86,12469.51
2025-05-26,Product A,West,75,49812.69,9717.08
2025-05-26,Product B,North,81,56296.99,7198.93
2025-05-26,Product B,South,91,56888.13,9549.21
2025-05-26,Product B,East,134,112980.58,22070.08
2025-05-26,Product B,West,42,32108.54,3853.48
2025-05-26,Product C,North,169,77548.63,16293.87
2025-05-26,Product C,South,61,24630.4,4731.52
2025-05-26,Product C,East,119,64809.13,15286.9
2025-05-26,Product C,West,62,36761.74,6835.91
2025-05-26,Product D,North,158,92165.9,15513.65
2025-05-26,Product D,South,177,82679.7,19248.69
2025-05-26,Product D,East,96,66476.12,8753.79
2025-05-26,Product D,West,177,143639.49,31787.51
2025-05-27,Product A,North,77,38352.03,6129.17
2025-05-27,Product A,South,168,71671.53,14957.61
2025-05-27,Product A,East,57,31428.88,7279.1
2025-05-27,Product A,West,64,46751.23,11155.25
2025-05-27,Product B,North,69,43127.21,9683.46
2025-05-27,Product B,South,145,78381.06,11642.65
2025-05-27,Product B,East,47,29955.79,7344.7
2025-05-27,Product B,West,101,78878.44,14187.85
2025-05-27,Product C,North,126,58434.76,9802.31
2025-05-27,Product C,South,166,65206.58,9780.95
2025-05-27,Product C,East,155,84103.74,20779.06
2025-05-27,Product C,West,85,52440.28,8059.51
2025-05-27,Product D,North,129,85751.91,10629.15
2025-05-27,Product D,South,122,61866.66,14306.56
2025-05-27,Product D,East,153,103142.6,12751.34
2025-05-27,Product D,West,143,106286.28,22737.51
2025-05-28,Product A,North,163,86778.2,13814.89
2025-05-28,Product A,South,62,30678.72,5600.04
2025-05-28,Product A,East,55,36185.95,6217.67
2025-05-28,Product A,West,74,50193.73,8154.59
2025-05-28,Product B,North,95,64916.17,8914.28
2025-05-28,Product B,South,77,37547.41,7876.17
2025-05-28,Product B,East,48,38312.5,9212.86
2025-05-28,Product B,West,44,37327.85,8072.79
2025-05-28,Product C,North,99,46008.14,6489.04
2025-05-28,Product C,South,108,44979.32,7075.26
2025-05-28,Product C,East,157,88621.76,15385.84
2025-05-28,Product C,West,124,59872.8,14335.62
2025-05-28,Product D,North,94,56728.16,12675.53
2025-05-28,Product D,South,122,62459.9,7672.19
2025-05-28,Product D,East,42,27531.53,3730.27
2025-05-28,Product D,West,69,53990.79,9361.42
2025-05-29,Product A,North,132,75446.8,14843.96
2025-05-29,Product A,South,120,54387.51,11707.43
2025-05-29,Product A,East,153,91673.95,18063.09
2025-05-29,Product A,West,175,115858.42,28568.2
2025-05-29,Product B,North,67,45112.99,9043.91
2025-05-29,Product B,South,134,71798.22,15730.61
2025-05-29,Product B,East,51,35884.11,8405.89
2025-05-29,Product B,West,106,90943.88,15140.64
2025-05-29,Product C,North,131,60993.17,13624.32
2025-05-29,Product C,South,171,75295.51,10855.46
2025-05-29,Product C,East,77,40812.64,6635.81
2025-05-29,Product C,West,91,52622.54,10165.58
2025-05-29,Product D,North,100,63370.96,11542.9
2025-05-29,Product D,South,150,79413.54,10115.82
2025-05-29,Product D,East,88,60690.7,14156.61
2025-05-29,Product D,West,97,73384.6,13390.69
2025-05-30,Product A,North,178,97580.62,20996.23
2025-05-30,Product A,South,169,83054.87,13141.71
2025-05-30,Product A,East,117,78026.31,15969.21
2025-05-30,Product A,West,45,30129.64,4553.99
2025-05-30,Product B,North,62,37871.87,6262.87
2025-05-30,Product B,South,72,43531.49,9877.04
2025-05-30,Product B,East,134,107786.69,19199.45
2025-05-30,Product B,West,168,143409.98,23312.27
2025-05-30,Product C,North,163,71113.1,11836.79
2025-05-30,Product C,South,177,79297.1,14656.97
2025-05-30,Product C,East,65,37750.11,5373.3
2025-05-30,Product C,West,126,75997.89,15806.34
2025-05-30,Product D,North,109,63018.65,10225.08
2025-05-30,Product D,South,65,32487.41,4147.26
2025-05-30,Product D,East,65,42448.78,8643.32
2025-05-30,Product D,West,63,46922.12,10293.55
2025-05-31,Product A,North,93,41079.32,9047.87
2025-05-31,Product A,South,85,35324.31,5702.88
2025-05-31,Product A,East,128,64181.27,9811.31
2025-05-31,Product A,West,152,86804.41,18016.69
2025-05-31,Product B,North,82,44893.35,9066.4
2025-05-31,Product B,South,143,75064.16,14487.29
2025-05-31,Product B,East,62,43766.16,7395.29
2025-05-31,Product B,West,94,58973.98,12139.88
2025-05-31,Product C,North,109,44229.7,10831.36
2025-05-31,Product C,South,46,17220.23,3719.62
2025-05-31,Product C,East,152,67677.19,11637.62
2025-05-31,Product C,West,179,79895.8,14643.7
2025-05-31,Product D,North,73,35089.24,6133.77
2025-05-31,Product D,South,68,24939.52,3196.48
2025-05-31,Product D,East,95,57637.01,9452.15
2025-05-31,Product D,West,91,64418.18,14213.6
2025-06-01,Product A,North,69,34460.6,6655.25
2025-06-01,Product A,South,119,52990.83,10316.21
2025-06-01,Product A,East,110,56139.01,9936.57
2025-06-01,Product A,West,160,106226.05,14423.63
2025-06-01,Product B,North,107,53941.18,10094.19
2025-06-01,Product B,South,113,60319.51,12442.82
2025-06-01,Product B,East,57,36076.83,8666.97
2025-06-01,Product B,West,76,45234.43,10415.22
2025-06-01,Product C,North,165,55430.37,11505.07
2025-06-01,Product C,South,46,17089.46,2723.01
2025-06-01,Product C,East,113,45784.59,10617.76
2025-06-01,Product C,West,132,59118.3,13225.0
2025-06-01,Product D,North,148,66386.83,9950.47
2025-06-01,Product D,South,164,77136.19,12882.13
2025-06-01,Product D,East,76,39340.93,5288.56
2025-06-01,Product D,West,161,87843.17,20263.58
2025-06-02,Product A,North,157,83165.43,18674.11
2025-06-02,Product A,South,116,62467.41,14247.19
2025-06-02,Product A,East,120,71140.74,16933.07
2025-06-02,Product A,West,75,48228.38,10811.54
2025-06-02,Product B,North,59,42820.11,10412.04
2025-06-02,Product B,South,168,87033.03,11806.33
2025-06-02,Product B,East,63,52713.14,9012.62
2025-06-02,Product B,West,140,112847.1,25672.07
2025-06-02,Product C,North,134,65644.82,8815.51
2025-06-02,Product C,South,110,44243.07,6080.54
2025-06-02,Product C,East,139,70117.85,12286.9
2025-06-02,Product C,West,82,45001.17,10315.63
2025-06-02,Product D,North,156,94421.03,16017.08
2025-06-02,Product D,South,122,62055.98,13681.02
2025-06-02,Product D,East,146,94805.16,13559.95
2025-06-02,Product D,West,103,65799.18,8549.47
2025-06-03,Product A,North,109,57131.02,12350.36
2025-06-03,Product A,South,104,54771.11,8895.84
2025-06-03,Product A,East,47,32215.28,6556.84
2025-06-03,Product A,West,154,119453.0,21216.02
2025-06-03,Product B,North,95,59529.86,11864.23
2025-06-03,Product B,South,152,82717.45,16145.24
2025-06-03,Product B,East,142,117303.89,27209.06
2025-06-03,Product B,West,149,123211.64,16469.09
2025-06-03,Product C,North,169,84340.11,14529.2
2025-06-03,Product C,South,41,14019.37,2179.48
2025-06-03,Product C,East,94,51767.36,11696.83
2025-06-03,Product C,West,143,72207.51,17803.87
2025-06-03,Product D,North,94,43969.31,5837.21
2025-06-03,Product D,South,152,78137.38,11898.26
2025-06-03,Product D,East,84,58119.41,13132.22
2025-06-03,Product D,West,60,47515.33,9405.01
2025-06-04,Product A,North,144,84462.21,20658.24
2025-06-04,Product A,South,57,25232.13,5184.41
2025-06-04,Product A,East,141,82959.1,15607.98
2025-06-04,Product A,West,141,99324.49,20491.0
2025-06-04,Product B,North,44,27631.77,3854.38
2025-06-04,Product B,South,140,76570.3,15847.74
2025-06-04,Product B,East,43,28467.8,4239.36
2025-06-04,Product B,West,175,131333.82,21400.13
2025-06-04,Product C,North,153,62323.27,9672.39
2025-06-04,Product C,South,41,14930.33,2233.98
2025-06-04,Product C,East,94,52840.72,7347.23
2025-06-04,Product C,West,107,56667.95,13954.11
2025-06-04,Product D,North,89,47297.3,7438.48
2025-06-04,Product D,South,154,78072.86,14204.0
2025-06-04,Product D,East,143,110871.72,20860.79
2025-06-04,Product D,West,149,106021.59,18789.42
2025-06-05,Product A,North,149,80687.5,18921.2
2025-06-05,Product A,South,61,31301.15,6710.04
2025-06-05,Product A,East,142,97328.81,16876.74
2025-06-05,Product A,West,44,27624.67,3614.55
2025-06-05,Product B,North,118,74246.05,14641.12
2025-06-05,Product B,South,43,24877.79,5150.52
2025-06-05,Product B,East,94,73611.24,18127.61
2025-06-05,Product B,West,168,148371.49,20307.49
2025-06-05,Product C,North,61,27734.59,5501.86
2025-06-05,Product C,South,155,62533.57,7712.71
2025-06-05,Product C,East,120,60777.4,7634.64
2025-06-05,Product C,West,89,46150.52,5737.23
2025-06-05,Product D,North,58,31497.42,5341.25
2025-06-05,Product D,South,135,71227.5,10673.41
2025-06-05,Product D,East,164,116687.94,25966.96
2025-06-05,Product D,West,68,53775.11,12484.81
2025-06-06,Product A,North,155,87588.0,19270.5
2025-06-06,Product A,South,108,51452.19,10545.89
2025-06-06,Product A,East,54,38757.51,9082.11
2025-06-06,Product A,West,158,100353.81,12325.29
2025-06-06,Product B,North,172,118629.04,18304.41
2025-06-06,Product B,South,104,61116.31,14267.81
2025-06-06,Product B,East,58,41143.5,7616.79
2025-06-06,Product B,West,107,94845.58,18125.24
2025-06-06,Product C,North,46,21225.3,3235.25
2025-06-06,Product C,South,69,28913.87,3755.97
2025-06-06,Product C,East,88,49872.63,8943.61
2025-06-06,Product C,West,161,85517.8,15705.56
2025-06-06,Product D,North,49,27547.25,6403.87
2025-06-06,Product D,South,165,84925.16,17265.12
2025-06-06,Product D,East,153,108145.88,23224.37
2025-06-06,Product D,West,71,48569.72,8135.1
2025-06-07,Product A,North,151,61063.93,10330.6
2025-06-07,Product A,South,72,28963.91,7106.75
2025-06-07,Product A,East,92,48475.27,6716.3
2025-06-07,Product A,West,123,64361.63,12940.77
2025-06-07,Product B,North,125,67868.8,13131.99
2025-06-07,Product B,South,114,53041.3,11018.79
2025-06-07,Product B,East,49,33123.08,7428.28
2025-06-07,Product B,West,171,118849.39,27136.36
2025-06-07,Product C,North,49,18533.48,4129.21
2025-06-07,Product C,South,46,13053.97,1750.7
2025-06-07,Product C,East,154,69860.87,14411.85
2025-06-07,Product C,West,113,49891.07,12161.71
2025-06-07,Product D,North,111,58093.03,12398.91
2025-06-07,Product D,South,128,60708.21,11224.54
2025-06-07,Product D,East,45,30197.76,7378.38
2025-06-07,Product D,West,111,69001.27,10666.04
2025-06-08,Product A,North,68,32194.5,6302.04
2025-06-08,Product A,South,118,47669.51,6968.77
2025-06-08,Product A,East,170,91825.77,16095.45
2025-06-08,Product A,West,107,61872.74,13388.42
2025-06-08,Product B,North,59,32202.46,6289.26
2025-06-08,Product B,South,135,71081.29,11304.06
2025-06-08,Product B,East,157,91399.28,21553.62
2025-06-08,Product B,West,88,47310.99,5939.63
2025-06-08,Product C,North,135,51835.3,6518.71
2025-06-08,Product C,South,122,41614.55,7261.98
2025-06-08,Product C,East,75,33416.14,5551.01
2025-06-08,Product C,West,45,20753.64,4780.71
2025-06-08,Product D,North,44,18584.9,2641.24
2025-06-08,Product D,South,104,39589.38,7924.01
2025-06-08,Product D,East,67,37889.81,5792.25
2025-06-08,Product D,West,53,31087.61,6392.6
2025-06-09,Product A,North,112,59863.96,12845.32
2025-06-09,Product A,South,179,90462.27,14602.29
2025-06-09,Product A,East,166,120818.09,27863.31
2025-06-09,Product A,West,118,88861.83,18736.66
2025-06-09,Product B,North,47,31428.44,4346.58
2025-06-09,Product B,South,169,90508.3,18129.84
2025-06-09,Product B,East,61,46437.69,9349.86
2025-06-09,Product B,West,113,86707.87,13356.15
2025-06-09,Product C,North,47,19084.33,3456.59
2025-06-09,Product C,South,175,73096.0,14491.3
2025-06-09,Product C,East,127,64611.9,9388.02
2025-06-09,Product C,West,82,45690.01,9326.07
2025-06-09,Product D,North,42,26496.08,3227.23
2025-06-09,Product D,South,65,37486.26,8118.68
2025-06-09,Product D,East,111,79994.0,12997.29
2025-06-09,Product D,West,144,121125.49,24821.42
2025-06-10,Product A,North,143,62852.87,9521.99
2025-06-10,Product A,South,117,58056.08,7528.85
2025-06-10,Product A,East,134,85834.25,14487.98
2025-06-10,Product A,West,122,85258.45,10507.18
2025-06-10,Product B,North,158,97222.22,12826.13
2025-06-10,Product B,South,156,94672.18,15877.49
2025-06-10,Product B,East,114,82097.21,20070.61
2025-06-10,Product B,West,140,115322.57,27897.24
2025-06-10,Product C,North,123,56305.03,10723.09
2025-06-10,Product C,South,52,19022.61,2733.14
2025-06-10,Product C,East,126,68691.12,12055.31
2025-06-10,Product C,West,123,66291.15,12811.23
2025-06-10,Product D,North,112,63517.28,10581.62
2025-06-10,Product D,South,161,85657.53,18107.22
2025-06-10,Product D,East,91,60914.14,12397.73
2025-06-10,Product D,West,149,104639.79,16508.32
2025-06-11,Product A,North,59,32200.08,7337.72
2025-06-11,Product A,South,97,43852.25,7705.93
2025-06-11,Product A,East,177,110673.01,17773.47
2025-06-11,Product A,West,167,110179.54,24139.99
2025-06-11,Product B,North,146,96513.06,12049.17
2025-06-11,Product B,South,67,36262.36,4477.09
2025-06-11,Product B,East,145,103971.91,22234.26
2025-06-11,Product B,West,142,109741.39,20461.57
2025-06-11,Product C,North,118,58061.77,9931.11
2025-06-11,Product C,South,77,32444.2,5722.81
2025-06-11,Product C,East,61,32078.39,7694.3
2025-06-11,Product C,West,113,66679.52,14370.5
2025-06-11,Product D,North,171,96922.84,20248.6
2025-06-11,Product D,South,169,83025.81,17140.52
2025-06-11,Product D,East,83,60545.59,12332.47
2025-06-11,Product D,West,156,107301.06,14611.45
2025-06-12,Product A,North,109,59479.68,8989.44
2025-06-12,Product A,South,118,62115.25,10160.72
2025-06-12,Product A,East,140,81290.15,15939.28
2025-06-12,Product A,West,95,63405.98,8755.37
2025-06-12,Product B,North,62,40223.43,9147.61
2025-06-12,Product B,South,66,33487.2,6617.19
2025-06-12,Product B,East,53,43481.1,8786.61
2025-06-12,Product B,West,94,80697.13,11408.69
2025-06-12,Product C,North,128,56373.94,11416.67
2025-06-12,Product C,South,62,24963.59,5870.99
2025-06-12,Product C,East,45,19963.66,3597.18
2025-06-12,Product C,West,73,41480.38,8594.75
2025-06-12,Product D,North,93,52113.88,6780.75
2025-06-12,Product D,South,68,35610.7,8286.17
2025-06-12,Product D,East,102,61158.07,13280.61
2025-06-12,Product D,West,105,71728.6,14984.76
2025-06-13,Product A,North,73,40939.94,6710.85
2025-06-13,Product A,South,155,62744.12,13882.28
2025-06-13,Product A,East,58,35488.1,7239.94
2025-06-13,Product A,West,154,109404.5,20965.19
2025-06-13,Product B,North,101,61498.24,11847.52
2025-06-13,Product B,South,87,54027.07,12947.93
2025-06-13,Product B,East,94,68312.44,9386.4
2025-06-13,Product B,West,142,94642.17,14614.56
2025-06-13,Product C,North,151,63012.97,13325.29
2025-06-13,Product C,South,96,34131.83,7224.38
2025-06-13,Product C,East,61,32523.11,4888.3
2025-06-13,Product C,West,68,42324.33,7541.36
2025-06-13,Product D,North,121,71386.98,10688.61
2025-06-13,Product D,South,83,41716.74,5249.51
2025-06-13,Product D,East,70,48842.26,11817.01
2025-06-13,Product D,West,55,38668.67,6142.26
2025-06-14,Product A,North,158,70183.9,14795.38
2025-06-14,Product A,South,45,19960.87,2420.56
2025-06-14,Product A,East,56,28731.45,3937.0
2025-06-14,Product A,West,129,74152.38,16854.48
2025-06-14,Product B,North,120,54651.04,10231.8
2025-06-14,Product B,South,88,45263.59,9917.3
2025-06-14,Product B,East,57,32558.14,6120.92
2025-06-14,Product B,West,93,65448.88,15329.22
2025-06-14,Product C,North,95,35568.06,7279.24
2025-06-14,Product C,South,64,21654.97,4979.39
2025-06-14,Product C,East,134,61939.45,7549.17
2025-06-14,Product C,West,122,63191.63,15073.2
2025-06-14,Product D,North,172,78987.94,12853.07
2025-06-14,Product D,South,128,62658.77,15303.87
2025-06-14,Product D,East,51,28827.55,3955.09
2025-06-14,Product D,West,42,21653.26,4709.12
2025-06-15,Product A,North,127,59245.63,11983.29
2025-06-15,Product A,South,92,40543.34,8570.84
2025-06-15,Product A,East,64,34509.28,8312.41
2025-06-15,Product A,West,133,64278.74,13587.56
2025-06-15,Product B,North,166,95677.22,12310.4
2025-06-15,Product B,South,170,83351.04,13730.76
2025-06-15,Product B,East,101,61590.41,10935.26
2025-06-15,Product B,West,56,34292.19,5453.66
2025-06-15,Product C,North,82,28551.89,5416.5
2025-06-15,Product C,South,95,30404.38,6514.51
2025-06-15,Product C,East,111,47864.45,7483.75
2025-06-15,Product C,West,154,72351.27,9029.21
2025-06-15,Product D,North,131,61467.63,13789.2
2025-06-15,Product D,South,156,71920.43,12956.06
2025-06-15,Product D,East,104,56501.51,10488.02
2025-06-15,Product D,West,153,91790.0,17550.94
2025-06-16,Product A,North,126,71897.71,13212.23
2025-06-16,Product A,South,70,28625.95,6254.24
2025-06-16,Product A,East,93,54458.4,10011.33
2025-06-16,Product A,West,71,51166.94,7966.45
2025-06-16,Product B,North,84,58836.78,7281.28
2025-06-16,Product B,South,91,45343.11,5578.23
2025-06-16,Product B,East,127,91925.97,12698.99
2025-06-16,Product B,West,125,103466.95,15882.15
2025-06-16,Product C,North,152,65230.58,9090.88
2025-06-16,Product C,South,73,28595.93,6137.46
2025-06-16,Product C,East,71,34921.82,4454.2
2025-06-16,Product C,West,59,33886.7,6918.54
2025-06-16,Product D,North,111,69803.8,13407.22
2025-06-16,Product D,South,49,26697.64,5415.66
2025-06-16,Product D,East,58,39388.8,5414.21
2025-06-16,Product D,West,135,95166.89,22054.64
2025-06-17,Product A,North,131,66119.71,9300.26
2025-06-17,Product A,South,57,29107.39,5352.93
2025-06-17,Product A,East,45,32569.49,6465.1
2025-06-17,Product A,West,121,72857.63,15008.24
2025-06-17,Product B,North,52,35263.1,6538.2
2025-06-17,Product B,South,116,67160.09,9891.61
2025-06-17,Product B,East,173,136101.39,20696.07
2025-06-17,Product B,West,85,58634.95,9907.59
2025-06-17,Product C,North,73,31644.19,7259.58
2025-06-17,Product C,South,103,49313.56,9368.77
2025-06-17,Product C,East,157,80347.35,18872.33
2025-06-17,Product C,West,62,35151.73,5881.67
2025-06-17,Product D,North,155,90017.28,15432.8
2025-06-17,Product D,South,66,31043.08,5917.22
2025-06-17,Product D,East,134,95795.83,12988.23
2025-06-17,Product D,West,124,94322.8,19472.71
2025-06-18,Product A,North,90,50548.51,10647.22
2025-06-18,Product A,South,167,81642.46,15524.66
2025-06-18,Product A,East,135,71020.51,16866.41
2025-06-18,Product A,West,126,81562.23,15016.7
2025-06-18,Product B,North,120,71900.66,16350.07
2025-06-18,Product B,South,52,28530.76,5121.16
2025-06-18,Product B,East,164,117758.88,18379.71
2025-06-18,Product B,West,138,100355.93,17930.9
2025-06-18,Product C,North,78,35809.74,5234.34
2025-06-18,Product C,South,54,21130.81,3602.94
2025-06-18,Product C,East,50,22831.0,5076.74
2025-06-18,Product C,West,132,70515.84,11410.4
2025-06-18,Product D,North,158,87727.45,17514.37
2025-06-18,Product D,South,116,59413.03,11130.58
2025-06-18,Product D,East,92,58785.28,7227.06
2025-06-18,Product D,West,127,91459.85,17729.48
2025-06-19,Product A,North,50,26418.2,5425.11
2025-06-19,Product A,South,144,65262.32,12207.8
2025-06-19,Product A,East,100,70537.2,9730.04
2025-06-19,Product A,West,146,94106.26,21726.18
2025-06-19,Product B,North,155,91915.94,20634.22
2025-06-19,Product B,South,103,56401.64,6956.52
2025-06-19,Product B,East,83,55505.97,13372.37
2025-06-19,Product B,West,75,58914.11,10084.96
2025-06-19,Product C,North,153,69487.95,15922.96
2025-06-19,Product C,South,101,42113.33,5236.92
2025-06-19,Product C,East,77,39712.64,9925.12
2025-06-19,Product C,West,160,80777.72,14869.42
2025-06-19,Product D,North,142,86370.88,17905.44
2025-06-19,Product D,South,174,94100.58,12786.33
2025-06-19,Product D,East,114,77970.7,13753.36
2025-06-19,Product D,West,112,64590.06,10657.59
2025-06-20,Product A,North,85,44931.91,8905.59
2025-06-20,Product A,South,54,23983.17,3641.81
2025-06-20,Product A,East,64,39544.46,8056.06
2025-06-20,Product A,West,161,105456.28,12838.13
2025-06-20,Product B,North,140,72740.33,14950.79
2025-06-20,Product B,South,50,28496.0,6830.84
2025-06-20,Product B,East,170,132640.1,24769.52
2025-06-20,Product B,West,115,85862.82,10356.78
2025-06-20,Product C,North,133,59025.95,13817.79
2025-06-20,Product C,South,80,29575.5,3614.62
2025-06-20,Product C,East,122,59686.69,7669.88
2025-06-20,Product C,West,172,79776.01,18432.55
2025-06-20,Product D,North,86,41016.12,9888.5
2025-06-20,Product D,South,157,77449.52,16647.46
2025-06-20,Product D,East,62,42257.27,8723.15
2025-06-20,Product D,West,123,79249.29,12291.05
2025-06-21,Product A,North,105,49101.03,8343.15
2025-06-21,Product A,South,152,53683.39,7256.45
2025-06-21,Product A,East,121,54622.37,12188.26
2025-06-21,Product A,West,105,62309.61,15282.6
2025-06-21,Product B,North,162,82609.61,17418.38
2025-06-21,Product B,South,43,21543.49,3985.74
2025-06-21,Product B,East,59,31346.57,7648.56
2025-06-21,Product B,West,53,33373.54,6321.66
2025-06-21,Product C,North,87,33419.47,4192.69
2025-06-21,Product C,South,173,54517.31,8143.2
2025-06-21,Product C,East,151,58662.3,11654.92
2025-06-21,Product C,West,49,20739.46,2671.7
2025-06-21,Product D,North,74,36483.86,7735.05
2025-06-21,Product D,South,83,30809.75,7510.77
2025-06-21,Product D,East,159,99107.99,21234.98
2025-06-21,Product D,West,160,98590.63,20113.71
2025-06-22,Product A,North,72,33661.31,5364.25
2025-06-22,Product A,South,164,65833.84,15958.14
2025-06-22,Product A,East,176,88552.87,20928.63
2025-06-22,Product A,West,99,45010.08,6240.74
2025-06-22,Product B,North,45,24197.0,5219.85
2025-06-22,Product B,South,56,26839.72,3642.2
2025-06-22,Product B,East,102,61941.38,14290.44
2025-06-22,Product B,West,148,99307.96,20810.85
2025-06-22,Product C,North,142,46042.05,8102.96
2025-06-22,Product C,South,171,55352.62,10626.77
2025-06-22,Product C,East,61,28919.16,6887.42
2025-06-22,Product C,West,68,34417.33,8191.83
2025-06-22,Product D,North,73,31434.14,5809.84
2025-06-22,Product D,South,51,22435.52,3404.02
2025-06-22,Product D,East,115,65881.65,16088.22
2025-06-22,Product D,West,162,102433.25,12859.44
2025-06-23,Product A,North,40,20621.06,3467.82
2025-06-23,Product A,South,163,84015.46,11830.68
2025-06-23,Product A,East,145,78788.96,12659.14
2025-06-23,Product A,West,56,36421.69,4794.12
2025-06-23,Product B,North,87,57203.65,9629.24
2025-06-23,Product B,South,121,64216.53,8847.43
2025-06-23,Product B,East,178,134821.3,29749.38
2025-06-23,Product B,West,113,83543.19,18261.75
2025-06-23,Product C,North,159,60631.95,14388.79
2025-06-23,Product C,South,105,46607.99,11415.92
2025-06-23,Product C,East,108,53216.77,8592.87
2025-06-23,Product C,West,44,23637.68,4838.61
2025-06-23,Product D,North,112,63056.17,11769.62
2025-06-23,Product D,South,104,58839.94,8685.31
2025-06-23,Product D,East,150,94778.28,20187.39
2025-06-23,Product D,West,116,77738.54,17622.59
2025-06-24,Product A,North,152,79445.92,16519.11
2025-06-24,Product A,South,178,76615.41,13321.54
2025-06-24,Product A,East,73,40531.79,5882.18
2025-06-24,Product A,West,140,100867.58,14956.71
2025-06-24,Product B,North,85,49176.47,7755.72
2025-06-24,Product B,South,44,23962.54,4684.61
2025-06-24,Product B,East,94,62759.87,8634.03
2025-06-24,Product B,West,78,57398.41,10266.01
2025-06-24,Product C,North,66,30360.21,5148.05
2025-06-24,Product C,South,161,72815.04,10471.52
2025-06-24,Product C,East,107,51945.31,9181.93
2025-06-24,Product C,West,124,66544.21,16131.32
2025-06-24,Product D,North,76,37659.19,5171.78
2025-06-24,Product D,South,42,23622.94,5058.25
2025-06-24,Product D,East,98,54789.11,12940.91
2025-06-24,Product D,West,98,66547.63,11545.19
2025-06-25,Product A,North,160,72354.33,14253.65
2025-06-25,Product A,South,176,86457.47,11885.55
2025-06-25,Product A,East,57,23490.62,4155.51
2025-06-25,Product A,West,137,94861.87,13429.98
2025-06-25,Product B,North,44,26559.59,6236.47
2025-06-25,Product B,South,122,69269.59,14531.01
2025-06-25,Product B,East,68,50396.55,7105.92
2025-06-25,Product B,West,69,59155.38,13382.62
2025-06-25,Product C,North,97,40265.37,6424.68
2025-06-25,Product C,South,76,29614.21,5680.51
2025-06-25,Product C,East,76,38110.66,4597.95
2025-06-25,Product C,West,128,71705.94,8787.45
2025-06-25,Product D,North,158,90410.47,17044.67
2025-06-25,Product D,South,73,35259.5,7162.25
2025-06-25,Product D,East,110,64864.71,10903.8
2025-06-25,Product D,West,92,72436.23,10144.62
2025-06-26,Product A,North,115,69214.04,12085.7
2025-06-26,Product A,South,151,70886.45,17167.97
2025-06-26,Product A,East,100,66891.65,9937.95
2025-06-26,Product A,West,48,29308.55,4730.77
2025-06-26,Product B,North,152,87205.49,12264.06
2025-06-26,Product B,South,109,60244.75,8760.16
2025-06-26,Product B,East,177,135223.26,30623.6
2025-06-26,Product B,West,107,74234.33,15669.95
2025-06-26,Product C,North,54,22217.42,4503.68
2025-06-26,Product C,South,151,54247.95,12150.01
2025-06-26,Product C,East,176,77525.53,9497.71
2025-06-26,Product C,West,90,46636.64,8513.02
2025-06-26,Product D,North,129,82512.5,12866.13
2025-06-26,Product D,South,106,55340.49,11634.19
2025-06-26,Product D,East,44,29512.74,4729.17
2025-06-26,Product D,West,122,88647.87,18783.09
2025-06-27,Product A,North,150,81423.95,16629.17
2025-06-27,Product A,South,56,22832.46,5093.81
2025-06-27,Product A,East,82,40769.83,7107.75
2025-06-27,Product A,West,63,42049.79,6762.65
2025-06-27,Product B,North,171,97983.17,13383.44
2025-06-27,Product B,South,70,36900.92,5182.38
2025-06-27,Product B,East,50,36724.43,8522.23
2025-06-27,Product B,West,89,64773.29,9658.29
2025-06-27,Product C,North,139,58548.4,11081.55
2025-06-27,Product C,South,122,42444.65,7230.65
2025-06-27,Product C,East,70,34527.36,6384.38
2025-06-27,Product C,West,42,22474.8,5335.19
2025-06-27,Product D,North,110,55419.87,13385.09
2025-06-27,Product D,South,82,39415.46,8220.74
2025-06-27,Product D,East,174,103376.85,14180.72
2025-06-27,Product D,West,118,91668.34,21701.32
2025-06-28,Product A,North,161,65688.48,13713.07
2025-06-28,Product A,South,79,29044.58,6188.32
2025-06-28,Product A,East,63,34114.85,6901.36
2025-06-28,Product A,West,137,65072.76,11314.39
2025-06-28,Product B,North,66,30561.07,5040.56
2025-06-28,Product B,South,124,52964.02,11051.38
2025-06-28,Product B,East,40,21704.33,3296.07
2025-06-28,Product B,West,54,37585.4,8046.88
2025-06-28,Product C,North,102,33666.04,4583.97
2025-06-28,Product C,South,104,31097.74,4678.31
2025-06-28,Product C,East,80,34730.32,7865.69
2025-06-28,Product C,West,148,67166.11,10243.23
2025-06-28,Product D,North,42,20014.62,4886.16
2025-06-28,Product D,South,141,69723.62,13677.46
2025-06-28,Product D,East,109,66471.29,9623.41
2025-06-28,Product D,West,66,35916.84,6775.85
2025-06-29,Product A,North,85,31721.99,7144.15
2025-06-29,Product A,South,68,24657.43,5453.18
2025-06-29,Product A,East,66,30845.21,6993.32
2025-06-29,Product A,West,129,64437.79,9640.73
2025-06-29,Product B,North,81,37637.8,7190.79
2025-06-29,Product B,South,97,49092.06,10908.76
2025-06-29,Product B,East,177,105711.45,24782.06
2025-06-29,Product B,West,122,83671.24,17456.07
2025-06-29,Product C,North,52,17723.39,3795.12
2025-06-29,Product C,South,53,19182.68,2799.28
2025-06-29,Product C,East,150,62296.75,14181.03
2025-06-29,Product C,West,109,49418.21,8815.11
2025-06-29,Product D,North,118,47688.76,7100.19
2025-06-29,Product D,South,41,15958.81,3358.07
2025-06-29,Product D,East,51,27731.41,5182.72
2025-06-29,Product D,West,112,54365.1,9596.77
2025-06-30,Product A,North,64,34851.76,8238.31
2025-06-30,Product A,South,120,55366.71,11314.56
2025-06-30,Product A,East,42,27185.23,3462.22
2025-06-30,Product A,West,135,89159.87,17578.9
2025-06-30,Product B,North,165,106729.62,24607.98
2025-06-30,Product B,South,111,62798.58,12297.67
2025-06-30,Product B,East,105,73669.6,10558.09
2025-06-30,Product B,West,50,36879.9,6276.86
2025-06-30,Product C,North,179,76574.62,16963.85
2025-06-30,Product C,South,85,34392.95,6241.58
2025-06-30,Product C,East,172,88049.09,12510.06
2025-06-30,Product C,West,122,63144.95,13573.35
2025-06-30,Product D,North,129,72114.55,14736.14
2025-06-30,Product D,South,169,81329.32,11419.88
2025-06-30,Product D,East,111,73300.58,16133.33
2025-06-30,Product D,West,167,117876.21,17875.18
2025-07-01,Product A,North,91,42203.26,6123.57
2025-07-01,Product A,South,86,39730.79,4892.24
2025-07-01,Product A,East,125,72015.31,12200.2
2025-07-01,Product A,West,100,65276.39,15594.18
2025-07-01,Product B,North,153,86180.47,18081.19
2025-07-01,Product B,South,70,39231.28,8229.2
2025-07-01,Product B,East,129,96407.47,19604.57
2025-07-01,Product B,West,134,108775.97,24108.23
2025-07-01,Product C,North,128,55303.07,11631.26
2025-07-01,Product C,South,172,67203.97,15285.5
2025-07-01,Product C,East,95,47916.39,10753.91
2025-07-01,Product C,West,68,35013.75,8723.69
2025-07-01,Product D,North,141,76742.52,11138.54
2025-07-01,Product D,South,157,76878.13,10296.74
2025-07-01,Product D,East,48,25540.22,6350.88
2025-07-01,Product D,West,140,88022.06,16923.45
2025-07-02,Product A,North,127,66280.84,14727.99
2025-07-02,Product A,South,78,35547.8,8425.48
2025-07-02,Product A,East,84,46741.59,6637.19
2025-07-02,Product A,West,148,82838.04,17568.72
2025-07-02,Product B,North,175,99944.8,15653.85
2025-07-02,Product B,South,78,45182.47,6034.53
2025-07-02,Product B,East,141,92421.24,19957.93
2025-07-02,Product B,West,47,34710.95,5032.16
2025-07-02,Product C,North,83,39550.69,6800.52
2025-07-02,Product C,South,91,35917.71,6968.32
2025-07-02,Product C,East,81,38306.09,5162.35
2025-07-02,Product C,West,71,37683.28,7895.25
2025-07-02,Product D,North,105,61298.07,13501.85
2025-07-02,Product D,South,112,59180.02,10013.73
2025-07-02,Product D,East,53,34936.41,6726.14
2025-07-02,Product D,West,91,55064.52,12745.37
2025-07-03,Product A,North,175,87602.36,13420.21
2025-07-03,Product A,South,66,29335.57,5507.99
2025-07-03,Product A,East,179,103013.26,25243.21
2025-07-03,Product A,West,79,48152.09,11057.61
2025-07-03,Product B,North,177,108281.88,20274.6
2025-07-03,Product B,South,71,31772.35,7020.96
2025-07-03,Product B,East,128,79012.24,19043.06
2025-07-03,Product B,West,153,119154.33,25450.52
2025-07-03,Product C,North,69,26081.15,5113.35
2025-07-03,Product C,South,69,26033.57,5338.82
2025-07-03,Product C,East,131,58976.34,11802.91
2025-07-03,Product C,West,179,101099.52,23005.45
2025-07-03,Product D,North,49,23424.92,5710.17
2025-07-03,Product D,South,149,68077.35,11759.81
2025-07-03,Product D,East,173,103230.92,14755.1
2025-07-03,Product D,West,49,36207.34,7252.63
2025-07-04,Product A,North,88,43123.29,9741.39
2025-07-04,Product A,South,178,87762.98,20340.58
2025-07-04,Product A,East,61,33803.79,7617.05
2025-07-04,Product A,West,142,91505.51,20672.5
2025-07-04,Product B,North,126,69964.77,14345.5
2025-07-04,Product B,South,65,37343.19,5200.49
2025-07-04,Product B,East,150,82599.05,20084.4
2025-07-04,Product B,West,90,63625.29,10786.52
2025-07-04,Product C,North,65,26131.86,6167.04
2025-07-04,Product C,South,70,27452.72,6441.18
2025-07-04,Product C,East,84,41946.07,7376.69
2025-07-04,Product C,West,115,58659.0,10428.24
2025-07-04,Product D,North,101,59073.99,7257.88
2025-07-04,Product D,South,61,28465.14,6793.38
2025-07-04,Product D,East,55,36863.63,8886.77
2025-07-04,Product D,West,112,77998.27,13307.83
2025-07-05,Product A,North,113,48384.04,11373.28
2025-07-05,Product A,South,89,33259.51,5763.18
2025-07-05,Product A,East,177,87121.69,15494.69
2025-07-05,Product A,West,117,61661.98,9532.37
2025-07-05,Product B,North,158,74035.03,13453.34
2025-07-05,Product B,South,94,45488.71,8357.71
2025-07-05,Product B,East,88,55248.3,12554.13
2025-07-05,Product B,West,98,53768.0,9787.73
2025-07-05,Product C,North,45,15113.34,2885.67
2025-07-05,Product C,South,86,26905.24,5600.27
2025-07-05,Product C,East,83,41106.52,8833.19
2025-07-05,Product C,West,82,38452.14,9141.32
2025-07-05,Product D,North,107,55974.31,10536.06
2025-07-05,Product D,South,125,52093.9,12065.99
2025-07-05,Product D,East,177,99084.96,15552.86
2025-07-05,Product D,West,146,75994.26,11197.92
2025-07-06,Product A,North,179,76223.38,18247.35
2025-07-06,Product A,South,141,49190.03,8542.92
2025-07-06,Product A,East,129,64473.78,8759.19
2025-07-06,Product A,West,151,77062.04,16147.28
2025-07-06,Product B,North,113,52874.53,10302.91
2025-07-06,Product B,South,142,60666.12,7437.57
2025-07-06,Product B,East,100,42731.8,8577.08
2025-07-06,Product B,West,44,25365.8,5090.4
2025-07-06,Product C,North,148,46838.77,5805.92
2025-07-06,Product C,South,169,52142.61,7232.04
2025-07-06,Product C,East,167,69074.94,14589.63
2025-07-06,Product C,West,152,71611.03,14786.72
2025-07-06,Product D,North,117,51772.84,9424.55
2025-07-06,Product D,South,76,29493.78,5838.15
2025-07-06,Product D,East,87,46333.99,7585.31
2025-07-06,Product D,West,76,40171.39,10027.3
2025-07-07,Product A,North,44,18586.82,3008.4
2025-07-07,Product A,South,59,27894.81,5569.11
2025-07-07,Product A,East,46,27212.58,3722.82
2025-07-07,Product A,West,97,56878.32,14185.46
2025-07-07,Product B,North,129,73344.48,11511.78
2025-07-07,Product B,South,140,63435.74,12963.57
2025-07-07,Product B,East,105,66164.25,9124.92
2025-07-07,Product B,West,178,139912.66,31390.73
2025-07-07,Product C,North,130,56785.27,8098.16
2025-07-07,Product C,South,53,20575.5,4118.69
2025-07-07,Product C,East,160,75157.32,11302.27
2025-07-07,Product C,West,91,49969.1,7925.96
2025-07-07,Product D,North,121,70496.72,10601.19
2025-07-07,Product D,South,179,90582.83,14734.28
2025-07-07,Product D,East,44,26966.51,5506.54
2025-07-07,Product D,West,146,103513.53,25784.97
2025-07-08,Product A,North,41,17810.54,4016.56
2025-07-08,Product A,South,43,20801.14,4909.64
2025-07-08,Product A,East,145,84331.97,16410.7
2025-07-08,Product A,West,168,88067.08,14771.69
2025-07-08,Product B,North,91,55229.61,6706.02
2025-07-08,Product B,South,160,68480.55,10527.75
2025-07-08,Product B,East,54,35657.21,6396.74
2025-07-08,Product B,West,164,115501.23,18662.01
2025-07-08,Product C,North,69,29318.26,7261.4
2025-07-08,Product C,South,168,64517.41,9383.11
2025-07-08,Product C,East,171,73466.19,17028.33
2025-07-08,Product C,West,51,28378.03,4521.42
2025-07-08,Product D,North,168,101542.63,20510.69
2025-07-08,Product D,South,129,71507.59,11236.86
2025-07-08,Product D,East,99,63740.93,9840.39
2025-07-08,Product D,West,99,64777.14,14684.19
2025-07-09,Product A,North,122,51811.26,6527.45
2025-07-09,Product A,South,106,50584.77,9478.43
2025-07-09,Product A,East,45,27259.8,4043.15
2025-07-09,Product A,West,141,87636.24,12678.73
2025-07-09,Product B,North,88,53247.03,8173.89
2025-07-09,Product B,South,141,76692.11,15102.43
2025-07-09,Product B,East,99,67433.05,11033.48
2025-07-09,Product B,West,50,31624.04,4269.18
2025-07-09,Product C,North,62,24782.45,5840.29
2025-07-09,Product C,South,97,35784.85,8573.76
2025-07-09,Product C,East,81,37688.94,5949.73
2025-07-09,Product C,West,86,37106.39,5621.18
2025-07-09,Product D,North,49,27543.69,3643.36
2025-07-09,Product D,South,45,19837.32,4078.13
2025-07-09,Product D,East,86,54681.33,9736.14
2025-07-09,Product D,West,46,29001.69,6629.37
2025-07-10,Product A,North,105,43090.05,5936.79
2025-07-10,Product A,South,124,58900.36,13368.74
2025-07-10,Product A,East,136,66953.91,14418.04
2025-07-10,Product A,West,121,77976.67,14817.8
2025-07-10,Product B,North,169,110569.66,22471.85
2025-07-10,Product B,South,112,63374.65,13243.15
2025-07-10,Product B,East,172,105382.01,24052.76
2025-07-10,Product B,West,66,45612.25,5633.0
2025-07-10,Product C,North,95,41148.28,6588.73
2025-07-10,Product C,South,100,40891.15,6920.09
2025-07-10,Product C,East,145,77309.9,16630.32
2025-07-10,Product C,West,146,80079.66,19894.69
2025-07-10,Product D,North,62,30104.25,5918.66
2025-07-10,Product D,South,104,50920.37,10538.54
2025-07-10,Product D,East,172,94774.21,12939.09
2025-07-10,Product D,West,128,86114.85,16447.41
2025-07-11,Product A,North,93,42386.41,9494.24
2025-07-11,Product A,South,64,27421.28,4798.96
2025-07-11,Product A,East,151,76615.56,11819.22
2025-07-11,Product A,West,62,42856.43,6198.03
2025-07-11,Product B,North,54,34683.76,5217.47
2025-07-11,Product B,South,123,67014.8,9814.96
2025-07-11,Product B,East,43,28971.63,4538.95
2025-07-11,Product B,West,46,35022.38,6943.68
2025-07-11,Product C,North,115,51620.59,6412.08
2025-07-11,Product C,South,107,42228.28,8355.07
2025-07-11,Product C,East,173,69602.08,11208.34
2025-07-11,Product C,West,137,65612.23,10709.8
2025-07-11,Product D,North,114,62751.33,15616.03
2025-07-11,Product D,South,164,79514.86,11438.62
2025-07-11,Product D,East,170,105831.36,15629.26
2025-07-11,Product D,West,157,109256.33,13554.57
2025-07-12,Product A,North,61,22873.02,3473.21
2025-07-12,Product A,South,129,45371.41,8319.06
2025-07-12,Product A,East,171,77936.42,10020.65
2025-07-12,Product A,West,65,36938.34,7137.71
2025-07-12,Product B,North,166,83790.5,17970.38
2025-07-12,Product B,South,97,45216.73,5672.62
2025-07-12,Product B,East,102,57119.39,12346.77
2025-07-12,Product B,West,153,98221.55,24220.38
2025-07-12,Product C,North,41,15894.14,2108.48
2025-07-12,Product C,South,164,57538.44,8026.78
2025-07-12,Product C,East,130,55354.14,12670.4
2025-07-12,Product C,West,133,56752.87,9319.05
2025-07-12,Product D,North,111,47277.61,9277.09
2025-07-12,Product D,South,46,20574.93,3151.89
2025-07-12,Product D,East,172,86530.8,20388.73
2025-07-12,Product D,West,177,87969.09,20282.09
2025-07-13,Product A,North,141,57714.97,10070.12
2025-07-13,Product A,South,84,28820.32,6611.04
2025-07-13,Product A,East,142,69876.03,11870.5
2025-07-13,Product A,West,171,89203.89,14724.85
2025-07-13,Product B,North,45,25129.84,4888.33
2025-07-13,Product B,South,115,58549.43,10332.41
2025-07-13,Product B,East,51,31501.1,4132.39
2025-07-13,Product B,West,68,41663.75,10000.38
2025-07-13,Product C,North,136,47439.78,8377.12
2025-07-13,Product C,South,52,15291.67,3620.99
2025-07-13,Product C,East,179,68618.79,9790.49
2025-07-13,Product C,West,160,63568.22,13661.46
2025-07-13,Product D,North,77,34217.05,4888.59
2025-07-13,Product D,South,167,76790.74,11537.54
2025-07-13,Product D,East,171,96321.1,16688.4
2025-07-13,Product D,West,66,35143.61,5662.83
2025-07-14,Product A,North,80,34257.65,6566.83
2025-07-14,Product A,South,131,64733.41,14003.72
2025-07-14,Product A,East,135,86765.56,19163.8
2025-07-14,Product A,West,64,37070.84,4994.84
2025-07-14,Product B,North,139,73803.59,11516.41
2025-07-14,Product B,South,157,80199.27,11391.86
2025-07-14,Product B,East,77,44560.95,6878.56
2025-07-14,Product B,West,52,42471.33,8040.28
2025-07-14,Product C,North,129,50848.04,7681.39
2025-07-14,Product C,South,78,27098.07,4670.73
2025-07-14,Product C,East,166,85575.76,18169.49
2025-07-14,Product C,West,113,61289.52,8278.19
2025-07-14,Product D,North,161,87596.07,12410.47
2025-07-14,Product D,South,105,52702.06,11504.83
2025-07-14,Product D,East,93,57002.45,11009.49
2025-07-14,Product D,West,147,92350.69,12325.24
2025-07-15,Product A,North,126,58714.02,8322.54
2025-07-15,Product A,South,127,54376.16,9048.35
2025-07-15,Product A,East,163,91196.34,16607.19
2025-07-15,Product A,West,164,103838.85,25105.77
2025-07-15,Product B,North,175,85918.84,16543.35
2025-07-15,Product B,South,139,78589.95,16704.51
2025-07-15,Product B,East,167,126367.8,21194.11
2025-07-15,Product B,West,66,51423.11,10530.72
2025-07-15,Product C,North,68,27418.36,3366.94
2025-07-15,Product C,South,62,23808.27,3547.12
2025-07-15,Product C,East,45,20325.83,3263.27
2025-07-15,Product C,West,79,42456.05,9527.52
2025-07-15,Product D,North,87,45057.23,9134.58
2025-07-15,Product D,South,80,41857.56,10464.25
2025-07-15,Product D,East,106,75777.3,13686.31
2025-07-15,Product D,West,159,101413.28,23517.16
2025-07-16,Product A,North,61,30544.03,4975.52
2025-07-16,Product A,South,82,37914.13,4932.73
2025-07-16,Product A,East,172,97350.06,19979.6
2025-07-16,Product A,West,151,93274.55,12333.3
2025-07-16,Product B,North,173,97873.94,13472.16
2025-07-16,Product B,South,141,69132.78,15145.09
2025-07-16,Product B,East,52,34675.71,7794.14
2025-07-16,Product B,West,178,123472.0,24920.51
2025-07-16,Product C,North,163,65170.83,14572.39
2025-07-16,Product C,South,127,51170.69,9337.25
2025-07-16,Product C,East,98,45923.33,10053.16
2025-07-16,Product C,West,143,76247.5,14289.11
2025-07-16,Product D,North,113,55768.88,7665.45
2025-07-16,Product D,South,94,43895.81,9020.74
2025-07-16,Product D,East,112,73401.02,16812.68
2025-07-16,Product D,West,119,80810.77,15853.4
2025-07-17,Product A,North,137,62884.95,10617.26
2025-07-17,Product A,South,168,73558.4,14469.19
2025-07-17,Product A,East,78,41026.67,5000.02
2025-07-17,Product A,West,52,32083.25,4654.44
2025-07-17,Product B,North,122,71965.44,16894.46
2025-07-17,Product B,South,142,68267.83,15733.01
2025-07-17,Product B,East,55,30731.4,5307.53
2025-07-17,Product B,West,152,109830.64,23600.51
2025-07-17,Product C,North,93,35605.54,8835.5
2025-07-17,Product C,South,69,27447.43,3423.27
2025-07-17,Product C,East,53,23531.35,3362.0
2025-07-17,Product C,West,51,26270.74,5413.65
2025-07-17,Product D,North,144,77801.77,11956.36
2025-07-17,Product D,South,118,46574.86,6592.88
2025-07-17,Product D,East,107,79061.09,16540.49
2025-07-17,Product D,West,97,60290.02,11583.95
2025-07-18,Product A,North,73,35567.25,5092.84
2025-07-18,Product A,South,46,17570.89,3764.94
2025-07-18,Product A,East,59,31083.21,6675.31
2025-07-18,Product A,West,75,47110.87,6400.62
2025-07-18,Product B,North,160,98936.02,24387.36
2025-07-18,Product B,South,55,32047.63,4360.81
2025-07-18,Product B,East,68,48187.27,8750.44
2025-07-18,Product B,West,56,38257.8,8815.06
2025-07-18,Product C,North,71,31815.16,7044.05
2025-07-18,Product C,South,122,42133.55,7988.3
2025-07-18,Product C,East,98,44295.55,8702.52
2025-07-18,Product C,West,41,21235.31,4834.38
2025-07-18,Product D,North,70,38689.82,5957.29
2025-07-18,Product D,South,75,41574.15,9818.48
2025-07-18,Product D,East,57,35158.3,6020.4
2025-07-18,Product D,West,101,62634.17,13632.67
2025-07-19,Product A,North,116,49197.95,7465.94
2025-07-19,Product A,South,124,40824.58,5742.77
2025-07-19,Product A,East,108,44519.46,10620.86
2025-07-19,Product A,West,153,90887.41,20256.47
2025-07-19,Product B,North,118,60362.55,9359.79
2025-07-19,Product B,South,167,62642.06,8101.58
2025-07-19,Product B,East,145,79280.33,18147.08
2025-07-19,Product B,West,138,80775.24,17299.96
2025-07-19,Product C,North,143,50409.36,10987.95
2025-07-19,Product C,South,151,48142.22,9655.14
2025-07-19,Product C,East,67,27250.49,6421.14
2025-07-19,Product C,West,157,59712.87,12200.92
2025-07-19,Product D,North,159,64505.14,15041.5
2025-07-19,Product D,South,117,42065.44,10399.49
2025-07-19,Product D,East,103,55762.54,9477.35
2025-07-19,Product D,West,45,21915.2,3084.95
2025-07-20,Product A,North,130,51767.53,10008.91
2025-07-20,Product A,South,41,15922.8,3096.1
2025-07-20,Product A,East,142,68008.86,14759.75
2025-07-20,Product A,West,72,37434.49,7605.8
2025-07-20,Product B,North,165,88430.01,13066.79
2025-07-20,Product B,South,84,34056.32,5123.45
2025-07-20,Product B,East,142,88267.36,17070.31
2025-07-20,Product B,West,82,45059.71,6084.58
2025-07-20,Product C,North,68,24726.27,4152.59
2025-07-20,Product C,South,152,44323.31,6049.75
2025-07-20,Product C,East,170,65239.96,10302.1
2025-07-20,Product C,West,45,19564.78,3670.97
2025-07-20,Product D,North,161,76744.72,11198.34
2025-07-20,Product D,South,115,41064.27,8715.25
2025-07-20,Product D,East,109,63563.37,10124.4
2025-07-20,Product D,West,62,38792.38,7990.55
2025-07-21,Product A,North,100,56703.46,11338.01
2025-07-21,Product A,South,145,67366.26,15907.02
2025-07-21,Product A,East,168,76556.75,12819.94
2025-07-21,Product A,West,133,71399.28,9099.23
2025-07-21,Product B,North,163,96789.06,21350.94
2025-07-21,Product B,South,127,55143.32,12670.04
2025-07-21,Product B,East,45,31261.82,5520.41
2025-07-21,Product B,West,135,80604.68,12457.96
2025-07-21,Product C,North,85,35072.15,4974.95
2025-07-21,Product C,South,171,64220.8,12080.04
2025-07-21,Product C,East,166,85438.68,13925.47
2025-07-21,Product C,West,160,79140.29,9638.69
2025-07-21,Product D,North,174,95119.55,13849.96
2025-07-21,Product D,South,110,50390.04,10955.9
2025-07-21,Product D,East,98,61346.1,9102.29
2025-07-21,Product D,West,69,38140.81,5944.08
2025-07-22,Product A,North,62,30910.48,3721.76
2025-07-22,Product A,South,142,55818.12,9608.46
2025-07-22,Product A,East,144,80942.37,11511.78
2025-07-22,Product A,West,146,92202.17,22367.02
2025-07-22,Product B,North,179,96652.61,17383.44
2025-07-22,Product B,South,132,73487.24,17311.46
2025-07-22,Product B,East,113,72672.56,14519.58
2025-07-22,Product B,West,89,62735.52,9673.7
2025-07-22,Product C,North,173,73284.16,16143.7
2025-07-22,Product C,South,138,53100.61,8814.94
2025-07-22,Product C,East,121,63189.41,9094.6
2025-07-22,Product C,West,102,48894.06,7239.54
2025-07-22,Product D,North,57,30817.74,5640.0
2025-07-22,Product D,South,87,46439.67,6331.57
2025-07-22,Product D,East,141,82356.37,17478.96
2025-07-22,Product D,West,174,107927.58,19687.72
2025-07-23,Product A,North,149,72304.27,16377.33
2025-07-23,Product A,South,121,55119.37,9939.1
2025-07-23,Product A,East,70,40772.4,6863.04
2025-07-23,Product A,West,163,101496.52,16210.99
2025-07-23,Product B,North,132,75018.89,15088.67
2025-07-23,Product B,South,164,83559.43,16696.61
2025-07-23,Product B,East,43,28532.89,4582.52
2025-07-23,Product B,West,41,29203.69,6794.55
2025-07-23,Product C,North,90,38061.54,8609.39
2025-07-23,Product C,South,70,27946.3,5243.88
2025-07-23,Product C,East,61,28536.04,5661.03
2025-07-23,Product C,West,153,72581.66,14172.23
2025-07-23,Product D,North,68,37150.88,9277.77
2025-07-23,Product D,South,112,54745.6,9744.46
2025-07-23,Product D,East,87,54037.12,13241.94
2025-07-23,Product D,West,45,25868.52,5147.95
2025-07-24,Product A,North,130,64934.2,8879.18
2025-07-24,Product A,South,170,68774.29,10050.27
2025-07-24,Product A,East,125,65103.38,16036.32
2025-07-24,Product A,West,146,87108.21,18230.88
2025-07-24,Product B,North,125,75052.56,15639.09
2025-07-24,Product B,South,159,68396.72,14974.72
2025-07-24,Product B,East,70,41375.86,8074.02
2025-07-24,Product B,West,95,69908.96,9062.47
2025-07-24,Product C,North,145,60036.53,9722.09
2025-07-24,Product C,South,87,29968.39,6470.9
2025-07-24,Product C,East,147,56552.88,9680.63
2025-07-24,Product C,West,67,33423.01,5868.2
2025-07-24,Product D,North,128,65912.0,12549.35
2025-07-24,Product D,South,142,67682.73,12868.84
2025-07-24,Product D,East,62,42743.66,9912.11
2025-07-24,Product D,West,169,106408.55,20127.56
2025-07-25,Product A,North,96,41939.27,10345.24
2025-07-25,Product A,South,132,64265.1,9439.56
2025-07-25,Product A,East,163,95900.07,14878.19
2025-07-25,Product A,West,93,46381.01,8974.85
2025-07-25,Product B,North,148,81386.04,17666.3
2025-07-25,Product B,South,67,29709.21,5258.88
2025-07-25,Product B,East,92,55618.54,9237.88
2025-07-25,Product B,West,144,98182.97,21147.73
2025-07-25,Product C,North,70,29040.26,5980.89
2025-07-25,Product C,South,42,15859.85,2563.63
2025-07-25,Product C,East,54,23611.35,5630.09
2025-07-25,Product C,West,40,23804.95,4937.77
2025-07-25,Product D,North,129,72996.51,11929.08
2025-07-25,Product D,South,108,50875.26,12404.87
2025-07-25,Product D,East,83,47551.42,8578.43
2025-07-25,Product D,West,107,64058.47,11412.13
2025-07-26,Product A,North,80,28434.2,5215.93
2025-07-26,Product A,South,57,20532.49,4671.13
2025-07-26,Product A,East,87,43298.99,8066.77
2025-07-26,Product A,West,48,24319.51,5633.57
2025-07-26,Product B,North,59,26552.5,4395.01
2025-07-26,Product B,South,109,46467.6,6472.48
2025-07-26,Product B,East,143,75156.38,15849.49
2025-07-26,Product B,West,118,68553.72,14563.9
2025-07-26,Product C,North,60,21329.57,3319.9
2025-07-26,Product C,South,63,18981.51,2806.11
2025-07-26,Product C,East,148,59722.52,13581.37
2025-07-26,Product C,West,88,40099.3,6834.07
2025-07-26,Product D,North,127,57312.46,13128.73
2025-07-26,Product D,South,143,60225.53,8824.19
2025-07-26,Product D,East,143,84853.05,19866.05
2025-07-26,Product D,West,178,100313.43,16024.06
2025-07-27,Product A,North,51,17260.62,4153.49
2025-07-27,Product A,South,65,23222.0,4187.49
2025-07-27,Product A,East,99,44139.01,8004.2
2025-07-27,Product A,West,121,58790.07,7743.68
2025-07-27,Product B,North,69,36032.9,5999.02
2025-07-27,Product B,South,69,26736.13,6285.87
2025-07-27,Product B,East,163,85308.65,14659.4
2025-07-27,Product B,West,47,29426.84,3821.04
2025-07-27,Product C,North,118,37364.81,8414.48
2025-07-27,Product C,South,138,37539.04,7112.18
2025-07-27,Product C,East,41,15978.19,3570.2
2025-07-27,Product C,West,142,57025.29,7913.69
2025-07-27,Product D,North,69,31667.96,4937.9
2025-07-27,Product D,South,100,37818.25,8832.41
2025-07-27,Product D,East,164,84917.69,14030.33
2025-07-27,Product D,West,48,21953.73,3639.85
2025-07-28,Product A,North,133,58941.69,8683.32
2025-07-28,Product A,South,169,69481.39,8340.88
2025-07-28,Product A,East,169,102213.79,17855.01
2025-07-28,Product A,West,97,55333.19,9214.96
2025-07-28,Product B,North,161,89552.67,18613.54
2025-07-28,Product B,South,138,68398.55,12251.88
2025-07-28,Product B,East,147,94435.08,13897.04
2025-07-28,Product B,West,66,43696.97,7579.59
2025-07-28,Product C,North,139,53377.88,9877.49
2025-07-28,Product C,South,145,57399.08,12791.17
2025-07-28,Product C,East,123,53287.95,10605.31
2025-07-28,Product C,West,120,70155.31,13138.72
2025-07-28,Product D,North,91,41472.62,7676.89
2025-07-28,Product D,South,171,78444.38,12195.04
2025-07-28,Product D,East,47,30741.69,4156.78
2025-07-28,Product D,West,131,76674.42,9655.88
2025-07-29,Product A,North,155,76589.02,9537.95
2025-07-29,Product A,South,70,28791.97,3570.7
2025-07-29,Product A,East,90,44607.0,9420.15
2025-07-29,Product A,West,80,49281.76,6559.8
2025-07-29,Product B,North,168,93425.32,20779.64
2025-07-29,Product B,South,71,30277.82,5322.7
2025-07-29,Product B,East,75,37546.21,7098.76
2025-07-29,Product B,West,156,100574.23,21356.4
2025-07-29,Product C,North,162,70488.3,10904.81
2025-07-29,Product C,South,136,54472.22,10399.85
2025-07-29,Product C,East,149,59024.76,14272.04
2025-07-29,Product C,West,59,28304.14,4835.95
2025-07-29,Product D,North,91,47264.34,10672.64
2025-07-29,Product D,South,109,47808.92,5921.29
2025-07-29,Product D,East,168,92944.48,13377.34
2025-07-29,Product D,West,83,50937.0,6923.13
2025-07-30,Product A,North,53,23100.07,4251.58
2025-07-30,Product A,South,56,20923.04,3159.89
2025-07-30,Product A,East,170,93299.73,22798.89
2025-07-30,Product A,West,154,95086.65,19429.02
2025-07-30,Product B,North,96,56758.03,7044.14
2025-07-30,Product B,South,142,79383.22,9738.71
2025-07-30,Product B,East,46,25578.59,3957.78
2025-07-30,Product B,West,162,115519.68,23776.64
2025-07-30,Product C,North,154,63011.76,14783.98
2025-07-30,Product C,South,42,13081.64,2837.63
2025-07-30,Product C,East,169,69110.7,10864.39
2025-07-30,Product C,West,114,49145.45,8722.45
2025-07-30,Product D,North,141,69238.26,15993.87
2025-07-30,Product D,South,107,44642.88,10619.88
2025-07-30,Product D,East,116,72065.18,12457.31
2025-07-30,Product D,West,172,105620.03,13880.42
2025-07-31,Product A,North,165,75160.3,17050.4
2025-07-31,Product A,South,65,26265.52,4863.38
2025-07-31,Product A,East,145,78351.7,16941.4
2025-07-31,Product A,West,179,99632.86,18149.26
2025-07-31,Product B,North,152,70521.77,9990.66
2025-07-31,Product B,South,119,56053.79,7047.89
2025-07-31,Product B,East,42,26021.52,3326.41
2025-07-31,Product B,West,57,39707.32,6108.12
2025-07-31,Product C,North,160,56660.4,7654.62
2025-07-31,Product C,South,80,28311.42,6953.44
2025-07-31,Product C,East,176,82298.37,17479.81
2025-07-31,Product C,West,128,67455.97,16358.64
2025-07-31,Product D,North,103,61723.34,11171.69
2025-07-31,Product D,South,62,31786.48,6038.39
2025-07-31,Product D,East,175,96237.74,15503.11
2025-07-31,Product D,West,101,58862.83,9681.44
2025-08-01,Product A,North,160,74538.32,17763.92
2025-08-01,Product A,South,62,28605.87,6999.88
2025-08-01,Product A,East,68,38304.85,9545.03
2025-08-01,Product A,West,40,22652.07,5654.52
2025-08-01,Product B,North,64,36758.1,7144.76
2025-08-01,Product B,South,130,55795.3,12754.58
2025-08-01,Product B,East,160,118201.34,18586.74
2025-08-01,Product B,West,71,55812.2,11293.03
2025-08-01,Product C,North,58,24744.25,3522.89
2025-08-01,Product C,South,49,16445.8,3130.34
2025-08-01,Product C,East,120,56177.11,7780.83
2025-08-01,Product C,West,51,23386.78,3744.52
2025-08-01,Product D,North,71,33821.12,6617.07
2025-08-01,Product D,South,105,49287.17,6371.98
2025-08-01,Product D,East,55,31443.9,5547.33
2025-08-01,Product D,West,178,101995.47,24495.98
2025-08-02,Product A,North,57,21542.33,4744.58
2025-08-02,Product A,South,142,50004.19,9840.02
2025-08-02,Product A,East,148,71287.92,14130.8
2025-08-02,Product A,West,87,38716.89,8692.09
2025-08-02,Product B,North,90,38687.28,8080.66
2025-08-02,Product B,South,102,48082.51,8008.68
2025-08-02,Product B,East,127,68108.78,9507.69
2025-08-02,Product B,West,171,98038.18,20355.55
2025-08-02,Product C,North,109,40228.45,9212.82
2025-08-02,Product C,South,169,50600.26,10389.37
2025-08-02,Product C,East,157,55587.89,8221.4
2025-08-02,Product C,West,88,39089.13,5461.04
2025-08-02,Product D,North,117,51675.16,9081.79
2025-08-02,Product D,South,95,39925.15,6518.14
2025-08-02,Product D,East,43,16969.01,2766.01
2025-08-02,Product D,West,114,57613.51,10542.31
2025-08-03,Product A,North,177,74377.02,12464.99
2025-08-03,Product A,South,90,34139.84,6162.89
2025-08-03,Product A,East,167,61631.92,11200.73
2025-08-03,Product A,West,116,55621.17,9067.01
2025-08-03,Product B,North,104,49184.79,10722.02
2025-08-03,Product B,South,130,57415.48,10204.22
2025-08-03,Product B,East,44,24315.94,4749.38
2025-08-03,Product B,West,132,84144.82,19408.5
2025-08-03,Product C,North,166,51422.27,9291.34
2025-08-03,Product C,South,176,55555.49,10671.81
2025-08-03,Product C,East,92,36721.94,6074.45
2025-08-03,Product C,West,158,71108.57,12335.2
2025-08-03,Product D,North,161,76844.99,16818.25
2025-08-03,Product D,South,178,67231.07,14793.87
2025-08-03,Product D,East,133,64378.25,14594.57
2025-08-03,Product D,West,118,65675.02,10950.48
2025-08-04,Product A,North,147,61121.79,11662.19
2025-08-04,Product A,South,58,22791.34,5156.94
2025-08-04,Product A,East,174,93455.75,14826.21
2025-08-04,Product A,West,42,19122.62,4205.53
2025-08-04,Product B,North,152,77477.54,12328.87
2025-08-04,Product B,South,142,65895.96,10184.72
2025-08-04,Product B,East,114,63992.48,8696.48
2025-08-04,Product B,West,106,64996.62,16182.16
2025-08-04,Product C,North,117,53232.57,13008.23
2025-08-04,Product C,South,134,45669.18,5866.43
2025-08-04,Product C,East,172,69480.81,17182.15
2025-08-04,Product C,West,66,28536.63,3819.99
2025-08-04,Product D,North,128,66677.57,8732.81
2025-08-04,Product D,South,77,34731.3,6932.78
2025-08-04,Product D,East,123,66445.97,9220.63
2025-08-04,Product D,West,65,39862.67,5534.53
2025-08-05,Product A,North,97,47974.65,10470.24
2025-08-05,Product A,South,166,64130.03,13677.41
2025-08-05,Product A,East,146,86641.24,18836.11
2025-08-05,Product A,West,41,25821.14,4918.85
2025-08-05,Product B,North,131,66644.28,11441.49
2025-08-05,Product B,South,112,60553.86,10101.61
2025-08-05,Product B,East,156,101219.57,24280.57
2025-08-05,Product B,West,76,51098.51,9932.91
2025-08-05,Product C,North,101,41770.93,6963.34
2025-08-05,Product C,South,125,44565.08,10396.25
2025-08-05,Product C,East,73,34108.97,5871.96
2025-08-05,Product C,West,134,67703.41,12747.45
2025-08-05,Product D,North,167,80485.77,17268.21
2025-08-05,Product D,South,79,38079.61,9068.5
2025-08-05,Product D,East,103,57657.8,12474.83
2025-08-05,Product D,West,164,92172.71,14149.41
2025-08-06,Product A,North,153,84393.21,10194.77
2025-08-06,Product A,South,163,61688.4,7777.85
2025-08-06,Product A,East,152,78669.91,17615.77
2025-08-06,Product A,West,151,84778.35,17916.39
2025-08-06,Product B,North,119,67263.24,13077.23
2025-08-06,Product B,South,129,64495.21,12111.02
2025-08-06,Product B,East,174,114298.8,27425.48
2025-08-06,Product B,West,80,60197.62,7712.0
2025-08-06,Product C,North,141,52437.07,8632.54
2025-08-06,Product C,South,133,49309.46,9418.63
2025-08-06,Product C,East,143,65928.48,12909.74
2025-08-06,Product C,West,93,39424.84,8893.95
2025-08-06,Product D,North,114,57408.85,12253.79
2025-08-06,Product D,South,118,57196.79,12053.26
2025-08-06,Product D,East,97,61409.85,9448.85
2025-08-06,Product D,West,178,120225.52,22247.37
2025-08-07,Product A,North,93,44432.13,8915.29
2025-08-07,Product A,South,76,30417.67,4470.48
2025-08-07,Product A,East,112,60037.15,11805.2
2025-08-07,Product A,West,54,30722.42,7281.81
2025-08-07,Product B,North,69,40386.84,8566.32
2025-08-07,Product B,South,95,46732.48,11307.43
2025-08-07,Product B,East,61,39754.68,5641.73
2025-08-07,Product B,West,102,83567.05,16182.05
2025-08-07,Product C,North,145,53413.9,11480.66
2025-08-07,Product C,South,158,58317.32,14537.07
2025-08-07,Product C,East,80,36778.43,7505.3
2025-08-07,Product C,West,59,26687.04,5013.01
2025-08-07,Product D,North,175,102161.89,23100.35
2025-08-07,Product D,South,53,23775.98,4757.45
2025-08-07,Product D,East,61,34898.65,4404.48
2025-08-07,Product D,West,173,114927.73,26010.66
2025-08-08,Product A,North,47,18423.54,4196.31
2025-08-08,Product A,South,108,41351.6,8427.55
2025-08-08,Product A,East,64,31472.46,3987.13
2025-08-08,Product A,West,154,81496.51,14611.0
2025-08-08,Product B,North,134,77550.31,16009.51
2025-08-08,Product B,South,130,65790.32,11942.29
2025-08-08,Product B,East,78,48191.93,8902.98
2025-08-08,Product B,West,109,70418.5,13868.68
2025-08-08,Product C,North,40,16896.66,3194.76
2025-08-08,Product C,South,127,41541.74,8443.33
2025-08-08,Product C,East,112,47172.06,7630.46
2025-08-08,Product C,West,93,44986.16,7605.35
2025-08-08,Product D,North,40,21427.46,3414.53
2025-08-08,Product D,South,178,79645.05,12354.13
2025-08-08,Product D,East,87,50409.49,11956.68
2025-08-08,Product D,West,143,90273.4,16863.61
2025-08-09,Product A,North,79,32634.7,6054.39
2025-08-09,Product A,South,147,54593.89,10443.06
2025-08-09,Product A,East,152,72143.06,16543.5
2025-08-09,Product A,West,61,28384.25,4079.37
2025-08-09,Product B,North,53,23719.37,3595.72
2025-08-09,Product B,South,51,20901.07,3355.72
2025-08-09,Product B,East,147,83337.33,13402.72
2025-08-09,Product B,West,175,105633.41,16520.23
2025-08-09,Product C,North,132,40607.46,8405.21
2025-08-09,Product C,South,145,42107.88,8685.96
2025-08-09,Product C,East,85,27673.66,6699.17
2025-08-09,Product C,West,59,22595.8,4667.9
2025-08-09,Product D,North,53,20029.56,2969.82
2025-08-09,Product D,South,92,33387.66,7757.65
2025-08-09,Product D,East,125,63839.76,8776.81
2025-08-09,Product D,West,43,19457.02,4618.08
2025-08-10,Product A,North,131,50204.5,6398.6
2025-08-10,Product A,South,77,22231.38,3638.96
2025-08-10,Product A,East,47,21517.76,3749.43
2025-08-10,Product A,West,73,33051.67,5882.37
2025-08-10,Product B,North,166,71058.65,8688.78
2025-08-10,Product B,South,116,41843.44,10380.38
2025-08-10,Product B,East,162,76321.28,10194.16
2025-08-10,Product B,West,173,105292.26,18708.99
2025-08-10,Product C,North,108,31979.02,5193.12
2025-08-10,Product C,South,158,40240.0,8670.65
2025-08-10,Product C,East,71,26811.43,6117.28
2025-08-10,Product C,West,98,40446.49,6412.65
2025-08-10,Product D,North,160,64526.81,15345.1
2025-08-10,Product D,South,95,39406.96,8760.74
2025-08-10,Product D,East,137,72570.89,13201.57
2025-08-10,Product D,West,165,94063.82,18617.96
2025-08-11,Product A,North,53,27485.6,6073.14
2025-08-11,Product A,South,151,66181.03,16253.76
2025-08-11,Product A,East,134,66920.4,10171.7
2025-08-11,Product A,West,95,49139.12,7052.5
2025-08-11,Product B,North,171,91130.97,16375.84
2025-08-11,Product B,South,55,31998.96,4279.86
2025-08-11,Product B,East,122,77915.83,11128.4
2025-08-11,Product B,West,105,73946.74,14680.8
2025-08-11,Product C,North,86,32641.54,7955.75
2025-08-11,Product C,South,111,40219.26,7215.26
2025-08-11,Product C,East,143,70634.82,8783.92
2025-08-11,Product C,West,113,53210.14,9146.49
2025-08-11,Product D,North,141,76460.1,17391.14
2025-08-11,Product D,South,109,49753.87,6728.65
2025-08-11,Product D,East,122,71019.1,12233.47
2025-08-11,Product D,West,101,65752.05,10894.04
2025-08-12,Product A,North,69,30719.4,5702.7
2025-08-12,Product A,South,160,57909.69,13805.12
2025-08-12,Product A,East,130,67642.62,12515.0
2025-08-12,Product A,West,119,59808.6,14384.32
2025-08-12,Product B,North,72,38717.56,8931.72
2025-08-12,Product B,South,117,56227.32,12758.38
2025-08-12,Product B,East,53,36046.54,5519.82
2025-08-12,Product B,West,44,29144.93,6175.23
2025-08-12,Product C,North,174,65628.67,15070.53
2025-08-12,Product C,South,151,53912.79,12450.2
2025-08-12,Product C,East,110,52468.48,11336.22
2025-08-12,Product C,West,150,69997.41,13929.63
2025-08-12,Product D,North,43,18446.43,3333.77
2025-08-12,Product D,South,58,25389.16,3569.05
2025-08-12,Product D,East,108,58606.08,9895.07
2025-08-12,Product D,West,94,57090.76,12070.26
2025-08-13,Product A,North,166,84606.57,12045.29
2025-08-13,Product A,South,139,60811.9,12832.97
2025-08-13,Product A,East,120,70396.1,11222.28
2025-08-13,Product A,West,162,85034.54,18109.45
2025-08-13,Product B,North,168,98964.71,12208.56
2025-08-13,Product B,South,110,51535.32,10699.04
2025-08-13,Product B,East,112,70381.37,14167.16
2025-08-13,Product B,West,138,90398.88,13917.21
2025-08-13,Product C,North,169,56952.14,12559.66
2025-08-13,Product C,South,138,47013.39,6711.84
2025-08-13,Product C,East,174,77000.57,19108.96
2025-08-13,Product C,West,96,46914.43,7663.37
2025-08-13,Product D,North,109,53776.85,7033.5
2025-08-13,Product D,South,101,43149.2,9483.36
2025-08-13,Product D,East,81,50433.4,7121.33
2025-08-13,Product D,West,159,87147.49,19042.28
2025-08-14,Product A,North,135,59499.42,14741.16
2025-08-14,Product A,South,129,55046.88,13571.38
2025-08-14,Product A,East,154,76237.99,15357.44
2025-08-14,Product A,West,91,51086.89,9975.53
2025-08-14,Product B,North,69,36860.73,4997.09
2025-08-14,Product B,South,87,42280.24,5406.7
2025-08-14,Product B,East,74,43546.2,6993.83
2025-08-14,Product B,West,151,109723.12,27093.57
2025-08-14,Product C,North,154,53957.03,10484.73
2025-08-14,Product C,South,145,50736.73,8209.68
2025-08-14,Product C,East,43,17936.14,2927.87
2025-08-14,Product C,West,133,55832.93,10360.56
2025-08-14,Product D,North,163,80992.45,14937.9
2025-08-14,Product D,South,118,51446.66,7515.3
2025-08-14,Product D,East,83,53813.9,13206.36
2025-08-14,Product D,West,73,46455.44,9920.63
2025-08-15,Product A,North,95,38547.09,5405.2
2025-08-15,Product A,South,97,39873.97,5387.23
2025-08-15,Product A,East,108,66157.92,12091.91
2025-08-15,Product A,West,93,50415.13,8653.51
2025-08-15,Product B,North,98,59708.33,13159.11
2025-08-15,Product B,South,114,60210.47,11569.73
2025-08-15,Product B,East,178,102623.06,14625.47
2025-08-15,Product B,West,159,104917.99,17086.63
2025-08-15,Product C,North,171,60581.59,13547.16
2025-08-15,Product C,South,87,29627.96,6505.68
2025-08-15,Product C,East,148,68661.53,16738.24
2025-08-15,Product C,West,128,62485.49,14721.67
2025-08-15,Product D,North,97,48237.56,6850.57
2025-08-15,Product D,South,135,58927.89,14354.81
2025-08-15,Product D,East,172,93083.96,21219.86
2025-08-15,Product D,West,129,78765.4,17170.48
2025-08-16,Product A,North,137,53974.98,13055.09
2025-08-16,Product A,South,123,44209.14,6791.47
2025-08-16,Product A,East,171,72432.02,9163.43
2025-08-16,Product A,West,57,29066.99,5244.85
2025-08-16,Product B,North,177,76330.82,15839.9
2025-08-16,Product B,South,65,25432.52,5896.98
2025-08-16,Product B,East,105,45279.82,7871.89
2025-08-16,Product B,West,58,32891.68,6828.26
2025-08-16,Product C,North,70,20035.78,2653.94
2025-08-16,Product C,South,140,48455.66,6961.29
2025-08-16,Product C,East,98,41950.23,9132.74
2025-08-16,Product C,West,155,59638.66,11926.68
2025-08-16,Product D,North,157,61818.14,13724.84
2025-08-16,Product D,South,92,38098.3,7772.64
2025-08-16,Product D,East,172,97547.73,20790.88
2025-08-16,Product D,West,95,44432.68,10587.47
2025-08-17,Product A,North,86,31398.93,3814.32
2025-08-17,Product A,South,174,62522.56,11175.63
2025-08-17,Product A,East,133,56619.94,11665.54
2025-08-17,Product A,West,159,77299.26,13748.13
2025-08-17,Product B,North,89,35837.35,7343.17
2025-08-17,Product B,South,80,31523.33,4187.16
2025-08-17,Product B,East,175,91312.04,18282.54
2025-08-17,Product B,West,49,27451.62,5338.15
2025-08-17,Product C,North,144,46321.14,7508.23
2025-08-17,Product C,South,152,41367.95,6187.73
2025-08-17,Product C,East,57,21670.23,4924.56
2025-08-17,Product C,West,41,18849.01,3585.59
2025-08-17,Product D,North,92,41071.63,10052.61
2025-08-17,Product D,South,113,41182.17,10202.88
2025-08-17,Product D,East,170,94495.28,18276.78
2025-08-17,Product D,West,45,24114.24,3090.13
2025-08-18,Product A,North,65,29644.97,5769.3
2025-08-18,Product A,South,98,42439.56,10358.2
2025-08-18,Product A,East,60,35619.5,6279.41
2025-08-18,Product A,West,49,25773.93,4055.7
2025-08-18,Product B,North,75,42819.03,7950.6
2025-08-18,Product B,South,55,25689.34,3951.74
2025-08-18,Product B,East,84,49920.15,9489.64
2025-08-18,Product B,West,155,104239.41,13540.69
2025-08-18,Product C,North,156,64445.88,9009.25
2025-08-18,Product C,South,83,25643.02,4106.08
2025-08-18,Product C,East,163,78323.77,13211.8
2025-08-18,Product C,West,85,40122.29,8622.37
2025-08-18,Product D,North,65,31726.71,7183.56
2025-08-18,Product D,South,138,61887.73,8151.85
2025-08-18,Product D,East,114,62181.44,9242.68
2025-08-18,Product D,West,153,96709.7,21514.36
2025-08-19,Product A,North,174,72358.97,13851.31
2025-08-19,Product A,South,144,55348.1,13453.19
2025-08-19,Product A,East,169,87608.48,10920.01
2025-08-19,Product A,West,40,21067.72,3231.98
2025-08-19,Product B,North,53,31482.13,6500.84
2025-08-19,Product B,South,111,51531.1,12251.54
2025-08-19,Product B,East,146,91648.15,22448.03
2025-08-19,Product B,West,95,62693.76,9577.03
2025-08-19,Product C,North,46,18037.43,2197.61
2025-08-19,Product C,South,169,59623.72,12646.74
2025-08-19,Product C,East,61,22840.82,5384.64
2025-08-19,Product C,West,179,99297.68,12574.56
2025-08-19,Product D,North,161,72758.67,13669.67
2025-08-19,Product D,South,116,45503.68,6680.13
2025-08-19,Product D,East,104,61696.59,11268.12
2025-08-19,Product D,West,167,110941.74,26213.32
2025-08-20,Product A,North,179,76143.22,16197.73
2025-08-20,Product A,South,66,27552.49,3878.67
2025-08-20,Product A,East,125,63212.5,13868.91
2025-08-20,Product A,West,179,98134.79,20542.29
2025-08-20,Product B,North,84,43740.71,10182.03
2025-08-20,Product B,South,176,92145.98,16278.01
2025-08-20,Product B,East,49,27807.6,6190.93
2025-08-20,Product B,West,169,118695.78,16207.72
2025-08-20,Product C,North,56,19488.65,4425.8
2025-08-20,Product C,South,57,18241.21,4491.21
2025-08-20,Product C,East,97,44446.83,8534.74
2025-08-20,Product C,West,79,38122.26,8923.41
2025-08-20,Product D,North,144,74378.39,16865.04
2025-08-20,Product D,South,145,74419.92,9005.41
2025-08-20,Product D,East,90,45313.24,7433.3
2025-08-20,Product D,West,72,41738.96,8265.59
2025-08-21,Product A,North,52,22928.21,5116.77
2025-08-21,Product A,South,168,64899.3,8233.43
2025-08-21,Product A,East,155,80021.55,19509.8
2025-08-21,Product A,West,71,36167.94,7723.98
2025-08-21,Product B,North,147,81282.93,10526.58
2025-08-21,Product B,South,54,26933.3,6111.05
2025-08-21,Product B,East,60,38566.63,4930.11
2025-08-21,Product B,West,119,85085.68,18891.48
2025-08-21,Product C,North,144,52865.82,7155.12
2025-08-21,Product C,South,140,50105.24,8976.28
2025-08-21,Product C,East,103,41232.62,5353.43
2025-08-21,Product C,West,89,47550.39,10550.9
2025-08-21,Product D,North,42,19503.14,4828.7
2025-08-21,Product D,South,154,72186.96,11439.66
2025-08-21,Product D,East,169,100189.42,21597.9
2025-08-21,Product D,West,72,43943.29,10745.35
2025-08-22,Product A,North,54,25220.22,4756.02
2025-08-22,Product A,South,152,65151.06,8665.93
2025-08-22,Product A,East,40,23711.87,4629.87
2025-08-22,Product A,West,54,29297.41,5571.2
2025-08-22,Product B,North,80,47368.36,11648.48
2025-08-22,Product B,South,56,26438.68,3747.36
2025-08-22,Product B,East,131,65679.51,16119.1
2025-08-22,Product B,West,101,55922.33,9968.75
2025-08-22,Product C,North,173,63093.24,11197.08
2025-08-22,Product C,South,123,39906.58,7083.37
2025-08-22,Product C,East,143,58230.98,9148.55
2025-08-22,Product C,West,93,46610.07,7429.64
2025-08-22,Product D,North,103,53224.8,6843.95
2025-08-22,Product D,South,110,50264.64,7416.33
2025-08-22,Product D,East,168,96760.93,20107.76
2025-08-22,Product D,West,74,40052.82,9734.68
2025-08-23,Product A,North,99,42556.16,8319.7
2025-08-23,Product A,South,134,44020.57,7056.35
2025-08-23,Product A,East,142,66043.63,14959.34
2025-08-23,Product A,West,47,22028.02,4290.68
2025-08-23,Product B,North,92,43232.5,5303.07
2025-08-23,Product B,South,163,66007.32,12608.85
2025-08-23,Product B,East,109,50950.14,12283.19
2025-08-23,Product B,West,161,94747.12,18563.14
2025-08-23,Product C,North,105,36061.81,6100.52
2025-08-23,Product C,South,71,19542.3,3990.6
2025-08-23,Product C,East,105,40024.27,7223.74
2025-08-23,Product C,West,109,41627.61,5033.58
2025-08-23,Product D,North,175,71523.14,8915.96
2025-08-23,Product D,South,56,18836.51,3286.34
2025-08-23,Product D,East,55,25804.96,5804.11
2025-08-23,Product D,West,56,26713.93,5263.61
2025-08-24,Product A,North,145,60835.91,13317.87
2025-08-24,Product A,South,90,31693.66,7552.02
2025-08-24,Product A,East,103,42281.49,7087.32
2025-08-24,Product A,West,53,22500.71,4453.42
2025-08-24,Product B,North,48,24375.76,5045.66
2025-08-24,Product B,South,175,70052.58,12915.08
2025-08-24,Product B,East,40,21948.35,4947.08
2025-08-24,Product B,West,43,23029.89,5351.21
2025-08-24,Product C,North,47,14596.81,2667.39
2025-08-24,Product C,South,64,18142.1,4041.35
2025-08-24,Product C,East,157,58268.59,13313.43
2025-08-24,Product C,West,163,61821.12,13324.37
2025-08-24,Product D,North,79,31879.94,4755.13
2025-08-24,Product D,South,74,28409.1,7032.92
2025-08-24,Product D,East,106,52107.41,11577.04
2025-08-24,Product D,West,120,61850.19,14528.53
2025-08-25,Product A,North,59,21609.0,4146.53
2025-08-25,Product A,South,57,26386.62,6278.84
2025-08-25,Product A,East,102,59002.29,11957.9
2025-08-25,Product A,West,123,64858.87,13032.94
2025-08-25,Product B,North,52,30967.53,4594.87
2025-08-25,Product B,South,95,49405.44,8694.54
2025-08-25,Product B,East,93,55603.99,7353.59
2025-08-25,Product B,West,49,30474.34,5232.64
2025-08-25,Product C,North,87,33588.81,5617.42
2025-08-25,Product C,South,69,20774.76,4383.71
2025-08-25,Product C,East,77,34651.92,4785.38
2025-08-25,Product C,West,56,26695.34,4606.18
2025-08-25,Product D,North,134,68430.97,8462.34
2025-08-25,Product D,South,109,40751.23,7632.51
2025-08-25,Product D,East,97,54223.18,11817.71
2025-08-25,Product D,West,174,105317.28,25778.53
2025-08-26,Product A,North,92,46418.98,10186.58
2025-08-26,Product A,South,43,16984.99,2779.13
2025-08-26,Product A,East,114,61788.71,13194.7
2025-08-26,Product A,West,152,81975.21,20378.62
2025-08-26,Product B,North,129,73232.35,17861.9
2025-08-26,Product B,South,177,86584.42,12637.39
2025-08-26,Product B,East,112,73835.4,10080.96
2025-08-26,Product B,West,87,53871.85,13357.88
2025-08-26,Product C,North,83,32566.95,7236.23
2025-08-26,Product C,South,159,48741.1,10789.64
2025-08-26,Product C,East,71,33595.88,6357.55
2025-08-26,Product C,West,123,59753.62,8894.9
2025-08-26,Product D,North,73,42513.2,8804.75
2025-08-26,Product D,South,80,37057.86,5609.77
2025-08-26,Product D,East,59,32856.34,4901.16
2025-08-26,Product D,West,83,48433.17,9244.63
2025-08-27,Product A,North,74,31233.89,5244.78
2025-08-27,Product A,South,58,24135.79,3860.69
2025-08-27,Product A,East,164,84782.47,13454.05
2025-08-27,Product A,West,52,27700.03,5207.04
2025-08-27,Product B,North,57,31837.18,5034.41
2025-08-27,Product B,South,164,70755.13,12402.69
2025-08-27,Product B,East,176,106725.7,19950.49
2025-08-27,Product B,West,171,104384.2,25876.35
2025-08-27,Product C,North,178,75109.25,18095.5
2025-08-27,Product C,South,142,42842.37,8969.2
2025-08-27,Product C,East,41,15598.66,2330.69
2025-08-27,Product C,West,74,32798.92,4001.33
2025-08-27,Product D,North,65,31575.94,7752.77
2025-08-27,Product D,South,157,75192.76,14326.96
2025-08-27,Product D,East,160,86172.67,12361.54
2025-08-27,Product D,West,68,42933.92,6176.49
2025-08-28,Product A,North,104,44450.46,9570.56
2025-08-28,Product A,South,84,30660.05,6826.29
2025-08-28,Product A,East,85,42775.64,5570.13
2025-08-28,Product A,West,155,93816.36,20546.69
2025-08-28,Product B,North,114,59448.15,8379.06
2025-08-28,Product B,South,122,60449.58,8658.42
2025-08-28,Product B,East,51,28036.44,4751.13
2025-08-28,Product B,West,76,51601.21,9639.49
2025-08-28,Product C,North,108,38711.34,9656.6
2025-08-28,Product C,South,88,27880.91,5957.64
2025-08-28,Product C,East,84,38462.84,5379.49
2025-08-28,Product C,West,71,31915.46,4762.23
2025-08-28,Product D,North,97,37592.34,5978.32
2025-08-28,Product D,South,69,29489.73,4893.76
2025-08-28,Product D,East,55,30783.69,7527.25
2025-08-28,Product D,West,43,26744.28,4375.47
2025-08-29,Product A,North,124,56663.93,8697.06
2025-08-29,Product A,South,111,40321.9,8799.02
2025-08-29,Product A,East,81,42046.0,5610.5
2025-08-29,Product A,West,158,81889.09,11073.86
2025-08-29,Product B,North,130,66245.15,7950.0
2025-08-29,Product B,South,158,59370.26,13095.83
2025-08-29,Product B,East,61,42404.2,7608.36
2025-08-29,Product B,West,47,29797.6,5656.78
2025-08-29,Product C,North,74,24899.31,4097.32
2025-08-29,Product C,South,110,40092.67,5820.65
2025-08-29,Product C,East,119,55493.11,10877.21
2025-08-29,Product C,West,107,52995.2,6365.79
2025-08-29,Product D,North,156,77319.55,16981.7
2025-08-29,Product D,South,63,26694.53,6553.76
2025-08-29,Product D,East,86,45494.94,6706.55
2025-08-29,Product D,West,115,73522.47,15894.67
2025-08-30,Product A,North,107,34669.65,7091.28
2025-08-30,Product A,South,134,50192.25,11282.4
2025-08-30,Product A,East,60,20851.87,2600.87
2025-08-30,Product A,West,150,75968.14,9337.31
2025-08-30,Product B,North,111,54744.58,13016.06
2025-08-30,Product B,South,93,31855.31,7065.57
2025-08-30,Product B,East,59,28971.45,6843.4
2025-08-30,Product B,West,92,52305.97,10780.54
2025-08-30,Product C,North,75,24832.98,3569.01
2025-08-30,Product C,South,42,12831.08,2717.11
2025-08-30,Product C,East,73,26450.57,5617.93
2025-08-30,Product C,West,127,50101.93,7878.41
2025-08-30,Product D,North,56,24219.26,6047.71
2025-08-30,Product D,South,143,57596.54,10608.41
2025-08-30,Product D,East,121,54407.16,9762.43
2025-08-30,Product D,West,133,74388.83,9238.93
2025-08-31,Product A,North,159,58350.68,13822.49
2025-08-31,Product A,South,76,25300.61,3197.89
2025-08-31,Product A,East,149,67972.91,15415.94
2025-08-31,Product A,West,81,33649.9,8378.74
2025-08-31,Product B,North,99,35173.54,6767.86
2025-08-31,Product B,South,52,20794.73,3400.29
2025-08-31,Product B,East,120,67123.46,13751.64
2025-08-31,Product B,West,67,42670.52,9972.86
2025-08-31,Product C,North,175,51382.99,6395.41
2025-08-31,Product C,South,62,16640.41,3827.36
2025-08-31,Product C,East,81,27052.24,3932.58
2025-08-31,Product C,West,155,59031.79,11561.14
2025-08-31,Product D,North,55,20284.42,4221.82
2025-08-31,Product D,South,94,33957.44,4708.01
2025-08-31,Product D,East,43,21387.46,4596.07
2025-08-31,Product D,West,65,30254.59,5428.95
2025-09-01,Product A,North,136,57930.41,7876.92
2025-09-01,Product A,South,40,15111.67,2875.49
2025-09-01,Product A,East,93,39587.12,6869.2
2025-09-01,Product A,West,83,42803.66,9644.52
2025-09-01,Product B,North,61,31953.62,7111.0
2025-09-01,Product B,South,91,43031.78,5428.06
2025-09-01,Product B,East,151,89282.57,11200.78
2025-09-01,Product B,West,59,40401.21,8211.94
2025-09-01,Product C,North,149,48998.54,11633.47
2025-09-01,Product C,South,116,40604.07,6623.75
2025-09-01,Product C,East,118,54650.22,7493.87
2025-09-01,Product C,West,171,69573.45,13661.07
2025-09-01,Product D,North,45,21550.51,4608.21
2025-09-01,Product D,South,85,37534.38,8872.19
2025-09-01,Product D,East,125,71769.06,11698.77
2025-09-01,Product D,West,122,63361.95,13287.74
2025-09-02,Product A,North,139,56234.44,10148.49
2025-09-02,Product A,South,52,20813.55,3976.7
2025-09-02,Product A,East,119,54344.55,9631.46
2025-09-02,Product A,West,145,72782.71,10919.92
2025-09-02,Product B,North,56,30578.93,7280.06
2025-09-02,Product B,South,118,54325.57,7745.89
2025-09-02,Product B,East,56,31579.8,5929.49
2025-09-02,Product B,West,48,33075.13,8035.6
2025-09-02,Product C,North,114,45639.63,6850.64
2025-09-02,Product C,South,98,29494.79,4245.48
2025-09-02,Product C,East,158,77414.08,18797.66
2025-09-02,Product C,West,91,36772.38,4898.65
2025-09-02,Product D,North,100,41188.77,7090.44
2025-09-02,Product D,South,78,37003.61,7113.13
2025-09-02,Product D,East,179,101273.31,17598.93
2025-09-02,Product D,West,106,59991.35,11871.78
2025-09-03,Product A,North,168,73659.95,10132.39
2025-09-03,Product A,South,82,34046.18,4886.53
2025-09-03,Product A,East,166,89302.9,18118.27
2025-09-03,Product A,West,62,37619.9,6575.75
2025-09-03,Product B,North,116,62972.43,10360.78
2025-09-03,Product B,South,94,54482.77,12479.0
2025-09-03,Product B,East,57,37984.27,4942.4
2025-09-03,Product B,West,82,46859.59,9605.39
2025-09-03,Product C,North,97,38350.08,7469.37
2025-09-03,Product C,South,113,37310.36,6174.81
2025-09-03,Product C,East,53,20449.71,4574.05
2025-09-03,Product C,West,143,66334.53,14604.62
2025-09-03,Product D,North,160,76128.96,10072.69
2025-09-03,Product D,South,55,25986.78,5838.72
2025-09-03,Product D,East,62,34830.82,5794.21
2025-09-03,Product D,West,50,30692.23,4429.0
2025-09-04,Product A,North,63,27033.11,4269.16
2025-09-04,Product A,South,106,41434.25,7255.0
2025-09-04,Product A,East,151,81238.79,13939.92
2025-09-04,Product A,West,102,58375.27,9381.45
2025-09-04,Product B,North,80,39453.0,7974.18
2025-09-04,Product B,South,67,32024.09,6078.85
2025-09-04,Product B,East,168,94020.1,19331.94
2025-09-04,Product B,West,66,41846.37,8856.01
2025-09-04,Product C,North,163,58984.46,7218.27
2025-09-04,Product C,South,58,16512.83,3978.19
2025-09-04,Product C,East,58,25170.4,3352.75
2025-09-04,Product C,West,118,59465.52,13567.61
2025-09-04,Product D,North,44,20784.96,3866.18
2025-09-04,Product D,South,107,44514.53,10290.48
2025-09-04,Product D,East,177,90843.58,13043.12
2025-09-04,Product D,West,171,99754.72,16603.92
2025-09-05,Product A,North,164,73236.63,8984.73
2025-09-05,Product A,South,40,13939.54,3057.41
2025-09-05,Product A,East,85,38714.35,6556.59
2025-09-05,Product A,West,131,72570.59,12209.44
2025-09-05,Product B,North,103,48424.69,10174.11
2025-09-05,Product B,South,96,46046.5,10741.03
2025-09-05,Product B,East,125,77539.96,14478.01
2025-09-05,Product B,West,160,102562.37,19966.57
2025-09-05,Product C,North,50,17556.57,3131.7
2025-09-05,Product C,South,137,46953.47,5759.51
2025-09-05,Product C,East,172,76465.36,10346.74
2025-09-05,Product C,West,164,68788.73,11696.67
2025-09-05,Product D,North,83,41679.36,6775.06
2025-09-05,Product D,South,96,45289.28,7810.08
2025-09-05,Product D,East,83,42034.07,5880.12
2025-09-05,Product D,West,123,73569.02,12921.49
2025-09-06,Product A,North,131,46438.52,7289.48
2025-09-06,Product A,South,134,38986.38,6431.31
2025-09-06,Product A,East,41,16377.09,3285.2
2025-09-06,Product A,West,63,28274.0,5705.34
2025-09-06,Product B,North,81,39290.33,5591.37
2025-09-06,Product B,South,43,18319.2,3849.83
2025-09-06,Product B,East,80,47385.13,10363.85
2025-09-06,Product B,West,130,73801.9,14015.93
2025-09-06,Product C,North,174,59552.41,12853.22
2025-09-06,Product C,South,172,43427.55,5836.12
2025-09-06,Product C,East,100,33284.48,6652.88
2025-09-06,Product C,West,167,61565.68,10645.56
2025-09-06,Product D,North,179,73729.21,10823.12
2025-09-06,Product D,South,148,45297.36,11322.56
2025-09-06,Product D,East,113,58650.01,13153.52
2025-09-06,Product D,West,43,23531.79,3872.24
2025-09-07,Product A,North,65,26461.45,4112.17
2025-09-07,Product A,South,96,33232.8,4882.98
2025-09-07,Product A,East,87,38700.53,5040.45
2025-09-07,Product A,West,49,24611.52,4196.21
2025-09-07,Product B,North,83,38589.9,7939.23
2025-09-07,Product B,South,52,24178.24,4331.36
2025-09-07,Product B,East,109,58586.1,9895.2
2025-09-07,Product B,West,175,90474.96,20712.36
2025-09-07,Product C,North,131,41725.11,6173.15
2025-09-07,Product C,South,169,44954.53,9690.17
2025-09-07,Product C,East,144,53021.35,7759.76
2025-09-07,Product C,West,114,42503.83,5649.13
2025-09-07,Product D,North,138,49177.91,9041.65
2025-09-07,Product D,South,146,48962.21,8219.49
2025-09-07,Product D,East,117,46720.74,10942.59
2025-09-07,Product D,West,157,68732.8,15898.22
2025-09-08,Product A,North,65,25685.25,4653.46
2025-09-08,Product A,South,114,41662.39,6441.01
2025-09-08,Product A,East,147,74227.36,10746.42
2025-09-08,Product A,West,170,87771.99,18935.9
2025-09-08,Product B,North,173,96347.53,20354.67
2025-09-08,Product B,South,132,56971.28,12201.81
2025-09-08,Product B,East,135,84702.66,13426.28
2025-09-08,Product B,West,94,62440.17,8196.75
2025-09-08,Product C,North,141,48234.31,6722.73
2025-09-08,Product C,South,173,51144.03,10363.49
2025-09-08,Product C,East,109,46299.5,10680.75
2025-09-08,Product C,West,105,41424.73,5533.2
2025-09-08,Product D,North,110,48674.89,7786.54
2025-09-08,Product D,South,160,66983.21,14074.74
2025-09-08,Product D,East,101,54194.34,13399.99
2025-09-08,Product D,West,159,100587.87,17264.99
2025-09-09,Product A,North,160,68902.59,14621.46
2025-09-09,Product A,South,54,21010.85,4348.48
2025-09-09,Product A,East,43,22896.32,4005.88
2025-09-09,Product A,West,97,54748.79,9310.29
2025-09-09,Product B,North,63,32509.01,3951.88
2025-09-09,Product B,South,81,38763.22,8810.33
2025-09-09,Product B,East,139,83690.79,11149.4
2025-09-09,Product B,West,61,43237.93,5383.81
2025-09-09,Product C,North,42,13700.45,2620.74
2025-09-09,Product C,South,154,56785.55,10538.44
2025-09-09,Product C,East,105,47575.02,8255.7
2025-09-09,Product C,West,164,69091.39,10283.32
2025-09-09,Product D,North,158,67710.43,16636.48
2025-09-09,Product D,South,42,19129.69,3199.83
2025-09-09,Product D,East,130,62257.82,7546.63
2025-09-09,Product D,West,81,47832.63,9810.76
2025-09-10,Product A,North,108,47269.05,10037.27
2025-09-10,Product A,South,164,58065.11,10897.4
2025-09-10,Product A,East,154,76096.09,17940.12
2025-09-10,Product A,West,136,66423.54,15281.09
2025-09-10,Product B,North,113,58382.0,12637.99
2025-09-10,Product B,South,138,64241.69,10175.62
2025-09-10,Product B,East,77,51384.74,9118.44
2025-09-10,Product B,West,96,58984.19,13330.86
2025-09-10,Product C,North,143,51895.63,6690.42
2025-09-10,Product C,South,154,48660.59,7852.63
2025-09-10,Product C,East,90,33744.11,5039.91
2025-09-10,Product C,West,107,52486.01,7549.2
2025-09-10,Product D,North,136,61047.97,8541.59
2025-09-10,Product D,South,139,65621.61,11064.85
2025-09-10,Product D,East,100,59162.72,10969.73
2025-09-10,Product D,West,120,73118.59,13371.92
2025-09-11,Product A,North,155,57745.13,8607.89
2025-09-11,Product A,South,129,48913.3,6164.84
2025-09-11,Product A,East,101,54325.42,13440.17
2025-09-11,Product A,West,149,78305.12,15303.31
2025-09-11,Product B,North,100,55728.15,10858.44
2025-09-11,Product B,South,164,73845.67,9065.29
2025-09-11,Product B,East,124,69110.07,9298.69
2025-09-11,Product B,West,59,37625.51,7965.91
2025-09-11,Product C,North,103,41443.28,10056.6
2025-09-11,Product C,South,73,25252.08,5742.93
2025-09-11,Product C,East,101,36463.37,5149.95
2025-09-11,Product C,West,103,49771.16,9466.31
2025-09-11,Product D,North,99,46989.88,10460.42
2025-09-11,Product D,South,118,48210.33,5907.54
2025-09-11,Product D,East,97,41531.35,9950.77
2025-09-11,Product D,West,172,83221.73,11920.73
2025-09-12,Product A,North,119,51207.62,10485.36
2025-09-12,Product A,South,173,69332.06,12443.89
2025-09-12,Product A,East,78,35317.99,8729.19
2025-09-12,Product A,West,75,39008.32,5656.45
2025-09-12,Product B,North,122,66735.98,12398.42
2025-09-12,Product B,South,41,18316.61,2415.7
2025-09-12,Product B,East,168,104173.89,18712.73
2025-09-12,Product B,West,164,104846.79,22055.28
2025-09-12,Product C,North,46,17817.79,3103.99
2025-09-12,Product C,South,177,64832.59,12156.86
2025-09-12,Product C,East,41,18613.3,3813.95
2025-09-12,Product C,West,142,65993.96,12228.76
2025-09-12,Product D,North,144,69039.77,13994.77
2025-09-12,Product D,South,76,28817.05,4353.5
2025-09-12,Product D,East,48,23806.42,3087.5
2025-09-12,Product D,West,109,66531.92,8303.76
2025-09-13,Product A,North,165,52968.65,9156.8
2025-09-13,Product A,South,81,23558.8,4867.38
2025-09-13,Product A,East,175,72823.4,9202.65
2025-09-13,Product A,West,175,83556.75,15141.28
2025-09-13,Product B,North,76,31099.38,4612.57
2025-09-13,Product B,South,152,60643.32,10225.68
2025-09-13,Product B,East,107,59868.33,13352.92
2025-09-13,Product B,West,145,80176.83,9669.04
2025-09-13,Product C,North,140,42112.32,8919.46
2025-09-13,Product C,South,87,24832.97,5173.44
2025-09-13,Product C,East,57,20347.56,3683.37
2025-09-13,Product C,West,121,45832.76,6655.63
2025-09-13,Product D,North,179,77384.07,16020.32
2025-09-13,Product D,South,119,47523.32,11614.58
2025-09-13,Product D,East,122,59928.63,10684.13
2025-09-13,Product D,West,46,25562.1,5830.33
2025-09-14,Product A,North,117,39091.14,5241.5
2025-09-14,Product A,South,96,32660.17,4677.7
2025-09-14,Product A,East,70,28618.79,5336.64
2025-09-14,Product A,West,138,67629.37,9863.77
2025-09-14,Product B,North,122,51181.47,8839.61
2025-09-14,Product B,South,45,16005.45,2991.65
2025-09-14,Product B,East,115,59687.29,8651.72
2025-09-14,Product B,West,145,73846.87,16343.34
2025-09-14,Product C,North,69,19961.18,2773.77
2025-09-14,Product C,South,111,32812.6,6852.35
2025-09-14,Product C,East,105,35887.21,6140.07
2025-09-14,Product C,West,41,16762.63,3643.97
2025-09-14,Product D,North,85,28371.41,6665.52
2025-09-14,Product D,South,116,40869.87,7816.49
2025-09-14,Product D,East,73,33738.17,8382.85
2025-09-14,Product D,West,157,72554.63,10437.63
2025-09-15,Product A,North,62,23178.93,3781.46
2025-09-15,Product A,South,129,45216.75,9690.16
2025-09-15,Product A,East,91,42385.12,7401.27
2025-09-15,Product A,West,158,74978.28,15637.49
2025-09-15,Product B,North,107,53019.03,12760.97
2025-09-15,Product B,South,133,62955.89,13632.67
2025-09-15,Product B,East,42,24428.73,3476.79
2025-09-15,Product B,West,116,80258.28,12294.08
2025-09-15,Product C,North,135,56284.61,9482.03
2025-09-15,Product C,South,49,18329.72,4210.4
2025-09-15,Product C,East,45,18815.75,4264.37
2025-09-15,Product C,West,142,59504.08,13061.7
2025-09-15,Product D,North,121,56592.04,13601.53
2025-09-15,Product D,South,132,49724.73,10727.4
2025-09-15,Product D,East,138,69473.14,15689.6
2025-09-15,Product D,West,149,76684.67,11434.79
2025-09-16,Product A,North,54,19941.03,4654.17
2025-09-16,Product A,South,107,38046.66,7431.16
2025-09-16,Product A,East,72,33022.99,5550.12
2025-09-16,Product A,West,149,74943.63,14938.9
2025-09-16,Product B,North,173,95979.19,21366.31
2025-09-16,Product B,South,58,28724.27,6387.15
2025-09-16,Product B,East,124,69328.02,10005.02
2025-09-16,Product B,West,131,85876.86,21353.47
2025-09-16,Product C,North,88,34315.66,4907.31
2025-09-16,Product C,South,176,51684.45,10423.15
2025-09-16,Product C,East,107,45368.55,10958.46
2025-09-16,Product C,West,118,43815.48,8132.54
2025-09-16,Product D,North,172,74705.49,17551.42
2025-09-16,Product D,South,107,44971.73,7778.15
2025-09-16,Product D,East,85,54797.37,9898.39
2025-09-16,Product D,West,84,51727.54,8343.44
2025-09-17,Product A,North,41,18965.25,2527.61
2025-09-17,Product A,South,77,27656.19,6199.31
2025-09-17,Product A,East,176,77016.81,12452.84
2025-09-17,Product A,West,55,29596.98,4032.35
2025-09-17,Product B,North,62,34080.81,6310.19
2025-09-17,Product B,South,57,27828.86,6916.87
2025-09-17,Product B,East,54,29509.79,4590.86
2025-09-17,Product B,West,110,73353.52,11714.04
2025-09-17,Product C,North,153,55741.7,10789.35
2025-09-17,Product C,South,106,32030.05,7568.02
2025-09-17,Product C,East,71,27040.47,6698.33
2025-09-17,Product C,West,108,48947.02,12041.85
2025-09-17,Product D,North,100,45086.22,10753.41
2025-09-17,Product D,South,109,48466.6,5882.73
2025-09-17,Product D,East,93,50433.44,6706.95
2025-09-17,Product D,West,52,32362.58,5256.14
2025-09-18,Product A,North,96,41650.76,6244.11
2025-09-18,Product A,South,112,37173.24,4886.74
2025-09-18,Product A,East,140,64808.44,9717.5
2025-09-18,Product A,West,155,81476.28,9823.19
2025-09-18,Product B,North,169,69174.7,17009.51
2025-09-18,Product B,South,162,71139.68,8721.94
2025-09-18,Product B,East,66,45344.13,5885.44
2025-09-18,Product B,West,94,68988.49,11140.8
2025-09-18,Product C,North,51,17266.03,3608.87
2025-09-18,Product C,South,87,27214.36,5545.34
2025-09-18,Product C,East,48,20874.86,2848.49
2025-09-18,Product C,West,111,53452.85,11236.35
2025-09-18,Product D,North,149,74358.59,14899.69
2025-09-18,Product D,South,85,32095.76,4213.22
2025-09-18,Product D,East,46,22239.92,5034.4
2025-09-18,Product D,West,58,35340.45,4589.84
2025-09-19,Product A,North,137,46031.36,10077.69
2025-09-19,Product A,South,167,60333.21,8516.11
2025-09-19,Product A,East,120,66897.64,15228.74
2025-09-19,Product A,West,43,24883.1,4682.07
2025-09-19,Product B,North,72,37544.09,5556.26
2025-09-19,Product B,South,167,74362.29,17401.96
2025-09-19,Product B,East,165,99953.99,24252.77
2025-09-19,Product B,West,94,60730.34,7626.7
2025-09-19,Product C,North,162,51202.72,6890.31
2025-09-19,Product C,South,140,48100.13,9265.44
2025-09-19,Product C,East,117,48161.22,8550.36
2025-09-19,Product C,West,162,65735.53,16143.15
2025-09-19,Product D,North,115,54796.0,10157.49
2025-09-19,Product D,South,120,48404.28,11252.65
2025-09-19,Product D,East,104,55139.57,12046.94
2025-09-19,Product D,West,99,65596.95,14153.27
2025-09-20,Product A,North,134,45051.8,7894.86
2025-09-20,Product A,South,106,36844.92,4907.36
2025-09-20,Product A,East,107,44824.97,11095.14
2025-09-20,Product A,West,177,80528.35,17385.51
2025-09-20,Product B,North,62,26623.85,4416.69
2025-09-20,Product B,South,170,76984.81,15940.53
2025-09-20,Product B,East,90,43534.51,7339.06
2025-09-20,Product B,West,141,79157.12,13028.59
2025-09-20,Product C,North,117,30847.78,5121.59
2025-09-20,Product C,South,72,20468.78,3394.89
2025-09-20,Product C,East,117,43653.8,10372.89
2025-09-20,Product C,West,139,50880.1,12542.64
2025-09-20,Product D,North,98,39454.38,9417.02
2025-09-20,Product D,South,173,62342.69,9492.4
2025-09-20,Product D,East,137,70312.67,11255.43
2025-09-20,Product D,West,74,39311.64,7031.5
2025-09-21,Product A,North,126,49558.35,11766.73
2025-09-21,Product A,South,146,49237.15,6071.73
2025-09-21,Product A,East,49,17600.94,3711.44
2025-09-21,Product A,West,102,55319.98,8455.91
2025-09-21,Product B,North,95,44261.99,5821.84
2025-09-21,Product B,South,167,65363.7,11377.11
2025-09-21,Product B,East,178,90636.72,14536.87
2025-09-21,Product B,West,154,83405.0,11482.31
2025-09-21,Product C,North,150,55212.14,12032.53
2025-09-21,Product C,South,161,46079.22,10898.18
2025-09-21,Product C,East,157,54043.68,11602.87
2025-09-21,Product C,West,87,36352.48,8380.41
2025-09-21,Product D,North,43,19580.64,3005.27
2025-09-21,Product D,South,132,43353.29,9576.25
2025-09-21,Product D,East,69,31845.86,7400.21
2025-09-21,Product D,West,82,39242.12,9331.42
2025-09-22,Product A,North,97,47971.45,6824.41
2025-09-22,Product A,South,155,57105.84,7845.89
2025-09-22,Product A,East,62,33579.78,4600.31
2025-09-22,Product A,West,42,20175.15,3269.4
2025-09-22,Product B,North,48,20232.1,4568.66
2025-09-22,Product B,South,87,42522.31,8232.29
2025-09-22,Product B,East,66,34744.14,5757.75
2025-09-22,Product B,West,112,61390.21,14127.51
2025-09-22,Product C,North,106,44151.2,9955.82
2025-09-22,Product C,South,157,53457.37,11955.28
2025-09-22,Product C,East,75,32483.09,4671.58
2025-09-22,Product C,West,144,76601.2,10049.83
2025-09-22,Product D,North,42,18537.32,3247.28
2025-09-22,Product D,South,60,24909.72,3107.13
2025-09-22,Product D,East,143,65502.92,15202.87
2025-09-22,Product D,West,118,67695.84,12265.79
2025-09-23,Product A,North,147,55241.12,10189.63
2025-09-23,Product A,South,45,14949.93,3349.74
2025-09-23,Product A,East,161,60195.9,9950.84
2025-09-23,Product A,West,101,49423.45,9075.14
2025-09-23,Product B,North,119,53061.73,9600.69
2025-09-23,Product B,South,99,38707.59,5742.72
2025-09-23,Product B,East,133,68643.13,10732.45
2025-09-23,Product B,West,83,53164.14,6642.45
2025-09-23,Product C,North,175,56586.09,7471.78
2025-09-23,Product C,South,66,20172.17,3647.0
2025-09-23,Product C,East,78,32251.09,6784.68
2025-09-23,Product C,West,89,40995.2,6406.88
2025-09-23,Product D,North,66,32200.51,7419.87
2025-09-23,Product D,South,67,27980.22,3432.88
2025-09-23,Product D,East,88,46507.09,6740.01
2025-09-23,Product D,West,62,33534.18,4140.36
2025-09-24,Product A,North,99,45275.22,8320.48
2025-09-24,Product A,South,139,52778.48,11737.09
2025-09-24,Product A,East,70,36310.44,8853.84
2025-09-24,Product A,West,73,30955.26,6439.2
2025-09-24,Product B,North,48,26546.51,3381.75
2025-09-24,Product B,South,174,76546.93,14171.45
2025-09-24,Product B,East,44,23487.86,5479.54
2025-09-24,Product B,West,41,29454.79,4016.84
2025-09-24,Product C,North,178,61700.54,9900.77
2025-09-24,Product C,South,59,17184.05,3096.71
2025-09-24,Product C,East,175,80908.14,14211.68
2025-09-24,Product C,West,172,76486.72,15115.15
2025-09-24,Product D,North,58,29714.52,3680.41
2025-09-24,Product D,South,56,22828.73,3868.48
2025-09-24,Product D,East,84,46288.38,11459.31
2025-09-24,Product D,West,152,83893.7,12482.17
2025-09-25,Product A,North,172,79569.27,10813.79
2025-09-25,Product A,South,165,62550.88,10010.44
2025-09-25,Product A,East,155,72647.45,18144.52
2025-09-25,Product A,West,85,46121.67,10557.73
2025-09-25,Product B,North,131,55885.2,7526.74
2025-09-25,Product B,South,56,26131.08,3919.18
2025-09-25,Product B,East,173,96822.69,19524.37
2025-09-25,Product B,West,101,63802.65,9361.15
2025-09-25,Product C,North,95,29409.41,7045.52
2025-09-25,Product C,South,172,49200.8,8736.06
2025-09-25,Product C,East,84,37820.61,6124.25
2025-09-25,Product C,West,171,84437.51,13598.96
2025-09-25,Product D,North,122,59540.0,14598.65
2025-09-25,Product D,South,41,16023.52,3461.6
2025-09-25,Product D,East,44,26365.28,4524.71
2025-09-25,Product D,West,131,82898.46,16485.67
2025-09-26,Product A,North,139,56598.86,8058.1
2025-09-26,Product A,South,100,39602.64,7865.6
2025-09-26,Product A,East,178,82604.41,16580.84
2025-09-26,Product A,West,148,77332.41,11521.49
2025-09-26,Product B,North,56,22509.68,3721.01
2025-09-26,Product B,South,98,43393.46,6362.66
2025-09-26,Product B,East,77,42377.72,8082.01
2025-09-26,Product B,West,89,56744.28,6865.15
2025-09-26,Product C,North,142,55213.53,9531.61
2025-09-26,Product C,South,133,46248.55,8387.91
2025-09-26,Product C,East,55,24354.67,5773.79
2025-09-26,Product C,West,148,72352.1,12926.43
2025-09-26,Product D,North,133,66302.24,13271.05
2025-09-26,Product D,South,179,84261.18,20155.5
2025-09-26,Product D,East,127,72018.02,15095.73
2025-09-26,Product D,West,64,42734.24,8752.08
2025-09-27,Product A,North,158,52961.89,12237.24
2025-09-27,Product A,South,111,40059.22,5722.55
2025-09-27,Product A,East,119,48911.19,9019.64
2025-09-27,Product A,West,148,61004.65,9022.55
2025-09-27,Product B,North,142,60194.93,10097.13
2025-09-27,Product B,South,119,47591.51,7019.65
2025-09-27,Product B,East,155,83483.07,19434.24
2025-09-27,Product B,West,91,50374.96,11970.76
2025-09-27,Product C,North,176,57459.49,7688.61
2025-09-27,Product C,South,133,39509.95,9418.86
2025-09-27,Product C,East,143,49567.2,6473.12
2025-09-27,Product C,West,66,29330.52,4233.5
2025-09-27,Product D,North,58,17784.64,4281.5
2025-09-27,Product D,South,140,53866.41,7507.64
2025-09-27,Product D,East,77,30107.28,6686.29
2025-09-27,Product D,West,164,87868.76,11452.56
2025-09-28,Product A,North,59,20831.76,4247.77
2025-09-28,Product A,South,151,53077.22,7214.59
2025-09-28,Product A,East,178,82039.54,20374.21
2025-09-28,Product A,West,86,44074.83,8245.58
2025-09-28,Product B,North,64,32586.18,6516.12
2025-09-28,Product B,South,69,25139.55,5836.75
2025-09-28,Product B,East,86,49396.08,8991.1
2025-09-28,Product B,West,103,53902.76,13353.57
2025-09-28,Product C,North,76,23950.7,3502.75
2025-09-28,Product C,South,103,28774.28,6446.23
2025-09-28,Product C,East,153,51825.94,6392.13
2025-09-28,Product C,West,97,38957.38,7102.21
2025-09-28,Product D,North,119,45690.3,7453.11
2025-09-28,Product D,South,90,34730.43,6880.56
2025-09-28,Product D,East,136,68165.83,10420.71
2025-09-28,Product D,West,41,18567.8,3234.19
2025-09-29,Product A,North,132,51077.55,10979.36
2025-09-29,Product A,South,158,52984.72,10871.4
2025-09-29,Product A,East,141,70697.0,14939.91
2025-09-29,Product A,West,168,85639.76,13477.81
2025-09-29,Product B,North,57,31150.41,6129.73
2025-09-29,Product B,South,45,18364.68,3829.94
2025-09-29,Product B,East,122,70959.29,11456.27
2025-09-29,Product B,West,165,106787.6,13900.0
2025-09-29,Product C,North,150,53432.73,8925.83
2025-09-29,Product C,South,92,30608.68,4614.09
2025-09-29,Product C,East,131,59220.57,10221.0
2025-09-29,Product C,West,154,60246.25,14652.11
2025-09-29,Product D,North,112,54552.93,11994.92
2025-09-29,Product D,South,149,64818.07,9015.52
2025-09-29,Product D,East,145,66281.51,14803.76
2025-09-29,Product D,West,53,33801.23,7642.3
2025-09-30,Product A,North,157,64187.66,11369.7
2025-09-30,Product A,South,83,31914.91,4342.9
2025-09-30,Product A,East,159,71549.66,17688.52
2025-09-30,Product A,West,133,68039.31,16322.77
2025-09-30,Product B,North,80,43850.58,5393.57
2025-09-30,Product B,South,69,32156.85,6163.99
2025-09-30,Product B,East,88,52983.84,10002.58
2025-09-30,Product B,West,150,97428.41,22629.39
2025-09-30,Product C,North,54,17710.61,2251.94
2025-09-30,Product C,South,111,38823.3,5993.68
2025-09-30,Product C,East,134,54017.79,12563.2
2025-09-30,Product C,West,76,34784.11,6986.74
2025-09-30,Product D,North,139,54970.97,9498.59
2025-09-30,Product D,South,138,59194.56,7789.13
2025-09-30,Product D,East,75,33883.56,4087.64
2025-09-30,Product D,West,123,71558.84,10622.25
2025-10-01,Product A,North,146,52958.16,7178.25
2025-10-01,Product A,South,101,34452.9,7543.26
2025-10-01,Product A,East,159,77466.97,15748.04
2025-10-01,Product A,West,56,29365.03,3760.34
2025-10-01,Product B,North,124,65171.34,12336.56
2025-10-01,Product B,South,85,44519.43,10588.31
2025-10-01,Product B,East,68,42037.95,8683.05
2025-10-01,Product B,West,86,56929.56,8192.63
2025-10-01,Product C,North,146,53262.9,9933.86
2025-10-01,Product C,South,131,42890.01,5245.26
2025-10-01,Product C,East,76,30372.44,4981.71
2025-10-01,Product C,West,178,87230.11,21668.37
2025-10-01,Product D,North,123,53494.85,11281.49
2025-10-01,Product D,South,73,30304.73,4892.08
2025-10-01,Product D,East,179,88845.26,11493.17
2025-10-01,Product D,West,76,41370.82,8452.92
2025-10-02,Product A,North,95,40486.45,7394.43
2025-10-02,Product A,South,49,16997.66,3110.42
2025-10-02,Product A,East,179,83354.46,11740.25
2025-10-02,Product A,West,156,91565.0,21767.23
2025-10-02,Product B,North,98,45624.33,6562.25
2025-10-02,Product B,South,55,25124.0,6153.54
2025-10-02,Product B,East,109,60339.4,11051.84
2025-10-02,Product B,West,42,27560.54,4733.87
2025-10-02,Product C,North,82,29237.91,6793.09
2025-10-02,Product C,South,61,19544.21,4733.29
2025-10-02,Product C,East,151,64847.61,10561.17
2025-10-02,Product C,West,144,65176.86,9282.86
2025-10-02,Product D,North,127,56486.82,7737.63
2025-10-02,Product D,South,59,26703.37,3753.57
2025-10-02,Product D,East,123,64202.09,11829.85
2025-10-02,Product D,West,120,65142.69,10238.6
2025-10-03,Product A,North,156,57393.14,13382.26
2025-10-03,Product A,South,45,18472.24,2733.62
2025-10-03,Product A,East,158,86237.12,11057.63
2025-10-03,Product A,West,153,88826.92,12629.91
2025-10-03,Product B,North,97,57221.28,11700.43
2025-10-03,Product B,South,128,59604.38,9363.8
2025-10-03,Product B,East,114,74672.45,14023.06
2025-10-03,Product B,West,61,42278.19,7062.13
2025-10-03,Product C,North,118,41697.06,7668.55
2025-10-03,Product C,South,122,34589.66,6841.78
2025-10-03,Product C,East,89,40246.98,9871.96
2025-10-03,Product C,West,76,29529.84,5819.74
2025-10-03,Product D,North,52,26102.67,3874.64
2025-10-03,Product D,South,143,61945.11,8247.67
2025-10-03,Product D,East,130,72767.73,11555.6
2025-10-03,Product D,West,93,55105.74,12047.05
2025-10-04,Product A,North,174,57071.19,11286.21
2025-10-04,Product A,South,78,25766.53,4608.49
2025-10-04,Product A,East,144,52647.72,7245.0
2025-10-04,Product A,West,112,49316.37,9947.8
2025-10-04,Product B,North,115,48378.61,10535.52
2025-10-04,Product B,South,82,36929.64,5868.31
2025-10-04,Product B,East,41,21564.62,3417.69
2025-10-04,Product B,West,100,62837.42,9614.97
2025-10-04,Product C,North,44,11456.17,1493.69
2025-10-04,Product C,South,89,27579.98,4503.79
2025-10-04,Product C,East,108,41146.17,5083.86
2025-10-04,Product C,West,169,63448.01,8206.42
2025-10-04,Product D,North,60,27094.89,5386.8
2025-10-04,Product D,South,82,25654.86,3496.23
2025-10-04,Product D,East,121,52023.24,11072.08
2025-10-04,Product D,West,64,29032.43,7254.95
2025-10-05,Product A,North,125,41263.64,6726.35
2025-10-05,Product A,South,136,44830.78,8067.41
2025-10-05,Product A,East,147,54943.01,12945.66
2025-10-05,Product A,West,101,45718.82,5651.11
2025-10-05,Product B,North,110,47100.78,9721.76
2025-10-05,Product B,South,170,69184.01,12723.58
2025-10-05,Product B,East,123,53117.01,9663.9
2025-10-05,Product B,West,107,58128.68,9281.11
2025-10-05,Product C,North,175,55836.8,9844.61
2025-10-05,Product C,South,174,51847.04,7244.34
2025-10-05,Product C,East,80,27716.85,4895.74
2025-10-05,Product C,West,103,37787.53,8716.96
2025-10-05,Product D,North,153,62463.47,15025.65
2025-10-05,Product D,South,149,55518.63,9893.06
2025-10-05,Product D,East,115,61629.35,10384.43
2025-10-05,Product D,West,156,74137.29,15836.68
2025-10-06,Product A,North,113,51839.37,12342.73
2025-10-06,Product A,South,64,21820.29,3416.62
2025-10-06,Product A,East,137,69034.1,13514.51
2025-10-06,Product A,West,178,95661.87,16448.53
2025-10-06,Product B,North,129,63836.44,11529.86
2025-10-06,Product B,South,81,33974.79,5716.84
2025-10-06,Product B,East,154,103913.13,21729.62
2025-10-06,Product B,West,156,115221.68,20256.0
2025-10-06,Product C,North,140,59092.49,13740.02
2025-10-06,Product C,South,53,18727.26,2946.92
2025-10-06,Product C,East,145,60320.11,7572.24
2025-10-06,Product C,West,50,22633.24,5216.04
2025-10-06,Product D,North,40,19194.84,3832.1
2025-10-06,Product D,South,99,46131.35,8651.36
2025-10-06,Product D,East,139,69727.13,12944.33
2025-10-06,Product D,West,131,85317.08,18609.43
2025-10-07,Product A,North,173,61494.45,12997.67
2025-10-07,Product A,South,126,50611.53,12549.23
2025-10-07,Product A,East,55,27192.46,5526.72
2025-10-07,Product A,West,167,86994.53,14397.34
2025-10-07,Product B,North,130,67368.86,16306.58
2025-10-07,Product B,South,173,71215.02,9137.35
2025-10-07,Product B,East,41,23802.42,5436.11
2025-10-07,Product B,West,156,85689.72,15114.92
2025-10-07,Product C,North,46,15172.73,2023.35
2025-10-07,Product C,South,67,22772.24,4228.85
2025-10-07,Product C,East,169,71092.86,14380.48
2025-10-07,Product C,West,67,33501.42,4728.95
2025-10-07,Product D,North,121,59028.83,13851.38
2025-10-07,Product D,South,164,63124.91,11428.6
2025-10-07,Product D,East,156,78190.67,10507.57
2025-10-07,Product D,West,68,38195.39,5645.18
2025-10-08,Product A,North,47,21170.16,2824.24
2025-10-08,Product A,South,105,33981.17,5816.62
2025-10-08,Product A,East,133,70659.16,12456.66
2025-10-08,Product A,West,49,25513.74,4117.13
2025-10-08,Product B,North,106,62274.14,8789.69
2025-10-08,Product B,South,92,39789.99,7875.39
2025-10-08,Product B,East,107,67674.43,13371.1
2025-10-08,Product B,West,149,94702.18,17628.4
2025-10-08,Product C,North,62,24940.98,5304.12
2025-10-08,Product C,South,114,35183.68,4511.24
2025-10-08,Product C,East,159,66878.31,11051.67
2025-10-08,Product C,West,172,69710.25,15598.48
2025-10-08,Product D,North,143,63582.18,11418.64
2025-10-08,Product D,South,71,28824.65,4765.05
2025-10-08,Product D,East,49,27474.72,5572.56
2025-10-08,Product D,West,106,62411.65,11397.3
2025-10-09,Product A,North,137,59903.31,13977.73
2025-10-09,Product A,South,52,21854.46,4869.64
2025-10-09,Product A,East,97,47499.62,9435.81
2025-10-09,Product A,West,175,97866.83,23251.3
2025-10-09,Product B,North,97,52957.35,11176.96
2025-10-09,Product B,South,101,49060.7,11485.85
2025-10-09,Product B,East,49,29509.42,5230.62
2025-10-09,Product B,West,73,49156.91,9600.11
2025-10-09,Product C,North,97,32102.56,5449.53
2025-10-09,Product C,South,75,21762.57,4659.48
2025-10-09,Product C,East,153,63544.45,13711.6
2025-10-09,Product C,West,131,60945.36,15186.84
2025-10-09,Product D,North,140,69215.37,16477.81
2025-10-09,Product D,South,175,74505.97,16813.24
2025-10-09,Product D,East,62,27961.77,4267.36
2025-10-09,Product D,West,120,72057.03,11340.66
2025-10-10,Product A,North,102,44110.19,8488.81
2025-10-10,Product A,South,115,43678.75,9307.55
2025-10-10,Product A,East,48,24681.71,4039.49
2025-10-10,Product A,West,57,28505.92,4460.57
2025-10-10,Product B,North,150,76465.6,10783.83
2025-10-10,Product B,South,172,82170.69,19342.54
2025-10-10,Product B,East,49,26464.66,5496.2
2025-10-10,Product B,West,91,57176.25,11591.44
2025-10-10,Product C,North,156,58415.77,8743.52
2025-10-10,Product C,South,134,42992.42,8494.63
2025-10-10,Product C,East,46,18170.24,4031.33
2025-10-10,Product C,West,112,47670.38,8525.06
2025-10-10,Product D,North,51,24383.11,5471.04
2025-10-10,Product D,South,76,34346.31,5809.5
2025-10-10,Product D,East,119,62197.7,12599.25
2025-10-10,Product D,West,134,84128.56,12335.77
2025-10-11,Product A,North,116,39658.24,7352.92
2025-10-11,Product A,South,78,19869.79,2735.18
2025-10-11,Product A,East,152,66113.75,12268.13
2025-10-11,Product A,West,86,38994.76,8370.8
2025-10-11,Product B,North,111,44179.33,6557.92
2025-10-11,Product B,South,111,44084.52,5711.67
2025-10-11,Product B,East,56,26103.05,3591.61
2025-10-11,Product B,West,56,31714.36,3866.47
2025-10-11,Product C,North,72,21292.99,3935.8
2025-10-11,Product C,South,150,38565.81,4868.31
2025-10-11,Product C,East,137,56581.11,7882.08
2025-10-11,Product C,West,53,20313.14,3570.8
2025-10-11,Product D,North,41,17549.94,3581.85
2025-10-11,Product D,South,74,27395.37,5452.74
2025-10-11,Product D,East,149,55313.85,7919.91
2025-10-11,Product D,West,155,74266.04,12984.65
2025-10-12,Product A,North,128,48477.04,8250.59
2025-10-12,Product A,South,138,46875.71,11360.49
2025-10-12,Product A,East,152,65190.21,11824.38
2025-10-12,Product A,West,70,33256.57,6683.14
2025-10-12,Product B,North,71,30334.92,4110.7
2025-10-12,Product B,South,147,59315.72,14635.08
2025-10-12,Product B,East,167,86807.04,14006.23
2025-10-12,Product B,West,121,56127.84,12325.65
2025-10-12,Product C,North,92,30604.17,7538.14
2025-10-12,Product C,South,89,21612.77,4090.26
2025-10-12,Product C,East,133,45580.22,8269.81
2025-10-12,Product C,West,67,24943.82,4740.01
2025-10-12,Product D,North,125,50415.93,8049.45
2025-10-12,Product D,South,144,51611.0,7020.0
2025-10-12,Product D,East,105,48754.73,11676.71
2025-10-12,Product D,West,115,56183.44,8754.1
2025-10-13,Product A,North,45,21938.83,3299.31
2025-10-13,Product A,South,84,32479.25,5065.18
2025-10-13,Product A,East,41,21004.81,2925.26
2025-10-13,Product A,West,131,73406.02,17751.42
2025-10-13,Product B,North,43,22228.39,4211.91
2025-10-13,Product B,South,147,62468.84,13471.45
2025-10-13,Product B,East,76,45440.51,7166.42
2025-10-13,Product B,West,52,32990.61,4924.19
2025-10-13,Product C,North,88,31040.78,5959.03
2025-10-13,Product C,South,77,24279.18,4669.93
2025-10-13,Product C,East,45,19781.99,3291.26
2025-10-13,Product C,West,64,24696.27,4176.64
2025-10-13,Product D,North,126,66201.08,12797.18
2025-10-13,Product D,South,109,46692.23,6355.67
2025-10-13,Product D,East,84,49778.95,6359.88
2025-10-13,Product D,West,178,98491.79,21817.15
2025-10-14,Product A,North,172,72321.23,9701.29
2025-10-14,Product A,South,153,52010.45,6397.03
2025-10-14,Product A,East,80,36077.62,6895.2
2025-10-14,Product A,West,73,40210.79,6919.97
2025-10-14,Product B,North,139,68629.85,9341.7
2025-10-14,Product B,South,139,56982.96,9291.11
2025-10-14,Product B,East,77,48754.32,7826.5
2025-10-14,Product B,West,56,40241.47,7232.37
2025-10-14,Product C,North,50,18734.43,4425.22
2025-10-14,Product C,South,154,48568.11,11283.4
2025-10-14,Product C,East,84,36188.67,5633.8
2025-10-14,Product C,West,68,30555.24,5103.13
2025-10-14,Product D,North,62,27679.22,4399.79
2025-10-14,Product D,South,50,21456.52,2602.85
2025-10-14,Product D,East,170,85470.92,18577.66
2025-10-14,Product D,West,99,64165.43,13297.62
2025-10-15,Product A,North,65,25953.14,6193.99
2025-10-15,Product A,South,79,34041.04,5470.83
2025-10-15,Product A,East,137,75676.09,16951.38
2025-10-15,Product A,West,71,43295.73,5742.79
2025-10-15,Product B,North,86,45838.76,9392.3
2025-10-15,Product B,South,49,22471.01,3179.68
2025-10-15,Product B,East,137,77957.03,11953.99
2025-10-15,Product B,West,148,90013.35,20834.66
2025-10-15,Product C,North,107,42875.3,8809.73
2025-10-15,Product C,South,99,29801.03,4678.91
2025-10-15,Product C,East,67,29414.35,4858.93
2025-10-15,Product C,West,103,43719.44,5806.21
2025-10-15,Product D,North,48,24299.24,3847.04
2025-10-15,Product D,South,97,37795.12,8734.93
2025-10-15,Product D,East,41,25927.03,3283.33
2025-10-15,Product D,West,163,102743.14,25604.72
2025-10-16,Product A,North,137,59552.79,14528.56
2025-10-16,Product A,South,147,52246.18,7429.31
2025-10-16,Product A,East,115,59112.27,7357.18
2025-10-16,Product A,West,57,33862.46,5700.21
2025-10-16,Product B,North,167,79182.02,9588.4
2025-10-16,Product B,South,108,48021.95,8294.43
2025-10-16,Product B,East,155,84445.95,17115.85
2025-10-16,Product B,West,78,54133.75,8774.99
2025-10-16,Product C,North,51,18402.49,2298.33
2025-10-16,Product C,South,135,43734.35,5815.48
2025-10-16,Product C,East,50,21132.92,4186.83
2025-10-16,Product C,West,52,21846.25,3489.54
2025-10-16,Product D,North,102,42975.63,5972.56
2025-10-16,Product D,South,49,19836.27,3222.72
2025-10-16,Product D,East,121,60500.31,12182.24
2025-10-16,Product D,West,106,56822.98,7467.79
2025-10-17,Product A,North,81,34339.7,7044.07
2025-10-17,Product A,South,67,21809.37,4494.7
2025-10-17,Product A,East,139,61083.54,12171.6
2025-10-17,Product A,West,171,94383.24,12187.72
2025-10-17,Product B,North,122,63393.89,13668.43
2025-10-17,Product B,South,79,32234.82,7928.49
2025-10-17,Product B,East,81,48796.19,11217.77
2025-10-17,Product B,West,164,113372.91,22655.1
2025-10-17,Product C,North,62,22582.19,3512.22
2025-10-17,Product C,South,98,32023.62,5306.46
2025-10-17,Product C,East,133,52136.62,12508.86
2025-10-17,Product C,West,66,30851.1,4740.71
2025-10-17,Product D,North,51,20219.34,3104.61
2025-10-17,Product D,South,152,57425.2,8891.15
2025-10-17,Product D,East,71,41123.51,9737.67
2025-10-17,Product D,West,111,62854.38,7849.65
2025-10-18,Product A,North,77,28546.53,5743.26
2025-10-18,Product A,South,55,18185.93,3076.6
2025-10-18,Product A,East,53,22470.49,3368.63
2025-10-18,Product A,West,129,64704.16,13318.86
2025-10-18,Product B,North,61,23894.74,5538.21
2025-10-18,Product B,South,175,74446.21,13147.77
2025-10-18,Product B,East,45,20945.36,5053.43
2025-10-18,Product B,West,160,91294.79,11575.52
2025-10-18,Product C,North,65,19626.81,3835.48
2025-10-18,Product C,South,71,23450.67,3285.2
2025-10-18,Product C,East,65,25424.86,5329.15
2025-10-18,Product C,West,177,65678.34,8674.08
2025-10-18,Product D,North,145,58933.71,11395.94
2025-10-18,Product D,South,58,20492.38,4260.47
2025-10-18,Product D,East,48,22339.13,2929.92
2025-10-18,Product D,West,122,58873.0,8958.69
2025-10-19,Product A,North,173,74059.09,10427.59
2025-10-19,Product A,South,77,24098.68,3230.98
2025-10-19,Product A,East,90,37871.39,6824.93
2025-10-19,Product A,West,71,31830.35,7063.93
2025-10-19,Product B,North,171,72464.9,16846.07
2025-10-19,Product B,South,103,40693.4,8230.09
2025-10-19,Product B,East,130,62265.87,10330.47
2025-10-19,Product B,West,114,65077.02,11393.34
2025-10-19,Product C,North,45,13582.97,1656.11
2025-10-19,Product C,South,66,18558.7,3751.34
2025-10-19,Product C,East,157,61507.62,9898.19
2025-10-19,Product C,West,120,46244.5,6018.74
2025-10-19,Product D,North,104,40260.72,5508.05
2025-10-19,Product D,South,138,46890.51,11145.39
2025-10-19,Product D,East,80,36474.57,4483.04
2025-10-19,Product D,West,155,71969.7,15182.79
2025-10-20,Product A,North,103,50157.48,10687.89
2025-10-20,Product A,South,48,18975.81,2744.16
2025-10-20,Product A,East,93,42421.35,9611.41
2025-10-20,Product A,West,148,83290.38,19662.64
2025-10-20,Product B,North,64,34025.03,8413.74
2025-10-20,Product B,South,73,31953.35,4272.21
2025-10-20,Product B,East,120,71296.86,15034.76
2025-10-20,Product B,West,94,62556.02,12118.83
2025-10-20,Product C,North,127,47804.39,5979.45
2025-10-20,Product C,South,42,13004.91,2897.97
2025-10-20,Product C,East,69,27233.93,4131.06
2025-10-20,Product C,West,110,47854.61,10640.67
2025-10-20,Product D,North,68,33178.28,6405.41
2025-10-20,Product D,South,57,19829.3,3793.86
2025-10-20,Product D,East,66,30430.07,3863.17
2025-10-20,Product D,West,102,60387.75,10263.96
2025-10-21,Product A,North,123,58348.62,13740.2
2025-10-21,Product A,South,86,29348.39,5640.55
2025-10-21,Product A,East,172,87434.58,17923.95
2025-10-21,Product A,West,154,77124.86,18129.5
2025-10-21,Product B,North,91,44960.14,10791.52
2025-10-21,Product B,South,60,28570.96,3874.73
2025-10-21,Product B,East,130,75915.87,12173.36
2025-10-21,Product B,West,113,75812.32,11829.75
2025-10-21,Product C,North,99,35171.26,6578.75
2025-10-21,Product C,South,176,58713.34,11220.43
2025-10-21,Product C,East,160,59963.04,8035.8
2025-10-21,Product C,West,112,51462.72,6432.96
2025-10-21,Product D,North,84,44385.66,10837.14
2025-10-21,Product D,South,120,49387.56,11630.97
2025-10-21,Product D,East,49,25567.64,4547.03
2025-10-21,Product D,West,110,62784.61,14477.39
2025-10-22,Product A,North,50,20161.62,3182.68
2025-10-22,Product A,South,138,44581.96,7723.43
2025-10-22,Product A,East,47,25805.11,3820.79
2025-10-22,Product A,West,130,87661.87,12825.26
2025-10-22,Product B,North,88,48436.33,6068.68
2025-10-22,Product B,South,124,56495.23,12574.61
2025-10-22,Product B,East,179,98428.78,16608.97
2025-10-22,Product B,West,100,59135.23,9711.02
2025-10-22,Product C,North,65,25501.94,3247.29
2025-10-22,Product C,South,155,51049.91,6727.33
2025-10-22,Product C,East,141,61831.85,13541.49
2025-10-22,Product C,West,42,16653.18,3739.63
2025-10-22,Product D,North,49,22745.83,4804.37
2025-10-22,Product D,South,147,56839.31,12062.75
2025-10-22,Product D,East,169,83240.03,20209.34
2025-10-22,Product D,West,100,65952.3,10623.68
2025-10-23,Product A,North,149,63449.3,10587.35
2025-10-23,Product A,South,179,74195.14,15336.67
2025-10-23,Product A,East,98,50641.35,6906.94
2025-10-23,Product A,West,103,56284.57,13322.24
2025-10-23,Product B,North,111,53601.42,10297.75
2025-10-23,Product B,South,118,61033.37,10988.35
2025-10-23,Product B,East,81,48878.28,6652.41
2025-10-23,Product B,West,118,70682.85,13442.42
2025-10-23,Product C,North,42,15961.36,3411.6
2025-10-23,Product C,South,44,13979.96,2304.15
2025-10-23,Product C,East,97,41018.08,6579.29
2025-10-23,Product C,West,100,49832.08,6918.22
2025-10-23,Product D,North,140,72403.61,9561.48
2025-10-23,Product D,South,89,35798.34,7264.65
2025-10-23,Product D,East,83,46043.25,6494.2
2025-10-23,Product D,West,176,103246.03,23127.63
2025-10-24,Product A,North,70,28281.07,4505.89
2025-10-24,Product A,South,127,51564.14,9493.66
2025-10-24,Product A,East,64,29981.51,4097.75
2025-10-24,Product A,West,58,33008.24,6564.68
2025-10-24,Product B,North,129,70342.71,15218.22
2025-10-24,Product B,South,156,82737.45,20304.65
2025-10-24,Product B,East,139,90546.39,11396.93
2025-10-24,Product B,West,50,29323.35,4603.5
2025-10-24,Product C,North,140,59986.13,9896.52
2025-10-24,Product C,South,158,56819.2,12246.15
2025-10-24,Product C,East,127,55035.71,9196.33
2025-10-24,Product C,West,96,44446.54,10889.47
2025-10-24,Product D,North,142,70179.37,10769.75
2025-10-24,Product D,South,126,51625.36,12899.43
2025-10-24,Product D,East,175,96730.2,16251.55
2025-10-24,Product D,West,121,71537.55,13363.14
2025-10-25,Product A,North,50,16768.83,2934.84
2025-10-25,Product A,South,63,19537.59,3353.96
2025-10-25,Product A,East,135,50169.95,7617.12
2025-10-25,Product A,West,154,63716.89,10048.07
2025-10-25,Product B,North,166,73145.31,14021.46
2025-10-25,Product B,South,42,16358.24,3393.72
2025-10-25,Product B,East,150,77009.39,9985.98
2025-10-25,Product B,West,68,37535.32,6378.86
2025-10-25,Product C,North,103,31000.51,4300.86
2025-10-25,Product C,South,66,20208.95,2433.91
2025-10-25,Product C,East,97,33682.44,7232.28
2025-10-25,Product C,West,154,60091.72,10796.21
2025-10-25,Product D,North,43,17863.25,2172.12
2025-10-25,Product D,South,168,61156.16,8921.05
2025-10-25,Product D,East,151,81412.68,16889.73
2025-10-25,Product D,West,142,73283.43,15205.59
2025-10-26,Product A,North,47,16952.89,3162.18
2025-10-26,Product A,South,147,44707.89,6567.22
2025-10-26,Product A,East,48,20493.04,2583.08
2025-10-26,Product A,West,50,22922.11,4071.37
2025-10-26,Product B,North,169,70254.38,10181.45
2025-10-26,Product B,South,82,33360.64,5773.47
2025-10-26,Product B,East,141,70206.19,13521.74
2025-10-26,Product B,West,114,61463.13,9504.14
2025-10-26,Product C,North,148,50837.92,10363.34
2025-10-26,Product C,South,160,48554.38,11278.36
2025-10-26,Product C,East,114,44178.08,8957.95
2025-10-26,Product C,West,143,57878.76,9847.91
2025-10-26,Product D,North,109,45010.22,8883.42
2025-10-26,Product D,South,90,31168.94,5679.21
2025-10-26,Product D,East,95,47356.15,6945.3
2025-10-26,Product D,West,70,34914.23,5376.47
2025-10-27,Product A,North,101,38554.26,7991.0
2025-10-27,Product A,South,84,29990.13,3704.2
2025-10-27,Product A,East,166,78047.62,14793.87
2025-10-27,Product A,West,75,43908.2,6968.56
2025-10-27,Product B,North,147,68981.2,10209.12
2025-10-27,Product B,South,146,70758.24,9758.61
2025-10-27,Product B,East,173,111002.27,26149.4
2025-10-27,Product B,West,51,30198.08,6991.28
2025-10-27,Product C,North,143,51293.08,7559.25
2025-10-27,Product C,South,132,43868.05,10596.98
2025-10-27,Product C,East,147,57133.62,9329.43
2025-10-27,Product C,West,144,68459.49,9947.56
2025-10-27,Product D,North,137,74120.54,11293.63
2025-10-27,Product D,South,135,62544.48,9940.73
2025-10-27,Product D,East,95,52858.58,10388.3
2025-10-27,Product D,West,41,24213.44,3041.8
2025-10-28,Product A,North,162,77554.25,13564.12
2025-10-28,Product A,South,95,39606.49,8242.34
2025-10-28,Product A,East,87,44968.34,9312.3
2025-10-28,Product A,West,71,32650.25,7214.83
2025-10-28,Product B,North,124,66992.38,15643.83
2025-10-28,Product B,South,96,41850.6,9375.99
2025-10-28,Product B,East,160,97180.13,20216.18
2025-10-28,Product B,West,110,68249.4,11685.48
2025-10-28,Product C,North,166,61976.92,15182.39
2025-10-28,Product C,South,149,50633.48,9553.41
2025-10-28,Product C,East,57,25043.0,4055.69
2025-10-28,Product C,West,157,81823.76,12985.48
2025-10-28,Product D,North,149,68459.02,15375.19
2025-10-28,Product D,South,156,64626.38,11320.57
2025-10-28,Product D,East,134,71463.73,15032.96
2025-10-28,Product D,West,101,62973.18,12668.49
2025-10-29,Product A,North,163,66857.11,9449.2
2025-10-29,Product A,South,168,53872.13,10275.69
2025-10-29,Product A,East,86,40830.26,6897.4
2025-10-29,Product A,West,109,56565.85,6798.21
2025-10-29,Product B,North,47,23124.79,3297.77
2025-10-29,Product B,South,106,49275.48,8469.58
2025-10-29,Product B,East,103,73972.2,16459.36
2025-10-29,Product B,West,60,37638.85,5363.39
2025-10-29,Product C,North,63,23448.31,3096.19
2025-10-29,Product C,South,100,34985.81,8189.31
2025-10-29,Product C,East,173,74857.11,9418.99
2025-10-29,Product C,West,55,23593.28,3857.1
2025-10-29,Product D,North,49,23269.38,3223.53
2025-10-29,Product D,South,166,76422.78,15848.97
2025-10-29,Product D,East,89,53212.26,11812.47
2025-10-29,Product D,West,137,76585.49,10705.41
2025-10-30,Product A,North,171,78365.7,12839.08
2025-10-30,Product A,South,144,58831.36,12364.45
2025-10-30,Product A,East,149,68544.23,9862.91
2025-10-30,Product A,West,79,43704.69,8508.89
2025-10-30,Product B,North,97,53969.21,13395.97
2025-10-30,Product B,South,128,68882.67,15975.02
2025-10-30,Product B,East,163,100264.44,23019.61
2025-10-30,Product B,West,163,110089.17,23836.03
2025-10-30,Product C,North,53,19816.38,4196.41
2025-10-30,Product C,South,97,31881.42,4403.34
2025-10-30,Product C,East,145,69419.44,10774.25
2025-10-30,Product C,West,154,67752.08,11473.53
2025-10-30,Product D,North,64,32430.78,5470.04
2025-10-30,Product D,South,170,76758.72,10866.54
2025-10-30,Product D,East,170,90555.85,13896.29
2025-10-30,Product D,West,84,57050.69,12119.24
2025-10-31,Product A,North,86,37824.25,9420.94
2025-10-31,Product A,South,114,46947.9,10468.15
2025-10-31,Product A,East,41,21157.4,4244.56
2025-10-31,Product A,West,142,78419.17,11565.91
2025-10-31,Product B,North,77,39541.73,9510.33
2025-10-31,Product B,South,107,46590.22,10367.76
2025-10-31,Product B,East,51,28862.89,4399.23
2025-10-31,Product B,West,123,88594.86,16900.63
2025-10-31,Product C,North,86,28950.47,5343.24
2025-10-31,Product C,South,177,57417.24,13937.83
2025-10-31,Product C,East,169,59395.56,14010.99
2025-10-31,Product C,West,58,28408.08,6205.21
2025-10-31,Product D,North,173,76482.12,14795.08
2025-10-31,Product D,South,177,76780.65,18929.87
2025-10-31,Product D,East,162,86786.02,21013.29
2025-10-31,Product D,West,149,91853.03,15676.5
2025-11-01,Product A,North,100,40997.17,9444.82
2025-11-01,Product A,South,47,16203.01,2159.79
2025-11-01,Product A,East,61,23004.48,3799.67
2025-11-01,Product A,West,69,30658.7,4024.72
2025-11-01,Product B,North,129,59281.39,8911.03
2025-11-01,Product B,South,156,58145.85,13758.55
2025-11-01,Product B,East,95,46270.3,6908.26
2025-11-01,Product B,West,115,66211.88,16337.48
2025-11-01,Product C,North,174,53634.94,12815.29
2025-11-01,Product C,South,145,34949.37,4634.8
2025-11-01,Product C,East,104,32244.35,5741.88
2025-11-01,Product C,West,98,35604.74,8418.36
2025-11-01,Product D,North,70,32742.94,6606.07
2025-11-01,Product D,South,127,42086.46,10089.16
2025-11-01,Product D,East,48,19727.29,3943.13
2025-11-01,Product D,West,171,86798.63,14094.2
2025-11-02,Product A,North,147,56639.57,7043.66
2025-11-02,Product A,South,155,49747.53,6335.15
2025-11-02,Product A,East,88,35360.58,5144.01
2025-11-02,Product A,West,69,33862.11,7143.2
2025-11-02,Product B,North,89,36057.59,6488.76
2025-11-02,Product B,South,177,70917.48,12560.58
2025-11-02,Product B,East,93,49895.86,8020.79
2025-11-02,Product B,West,90,47198.09,6130.27
2025-11-02,Product C,North,47,14956.09,3259.75
2025-11-02,Product C,South,176,47502.69,6912.69
2025-11-02,Product C,East,98,35933.29,5045.4
2025-11-02,Product C,West,75,29530.2,6205.84
2025-11-02,Product D,North,138,53253.67,12850.24
2025-11-02,Product D,South,166,58976.26,14054.55
2025-11-02,Product D,East,166,82661.16,19002.17
2025-11-02,Product D,West,160,71070.03,15917.18
2025-11-03,Product A,North,105,49869.02,7760.38
2025-11-03,Product A,South,165,69519.7,15481.44
2025-11-03,Product A,East,144,67036.56,8688.63
2025-11-03,Product A,West,179,104060.51,21708.23
2025-11-03,Product B,North,92,51103.51,12024.37
2025-11-03,Product B,South,122,56231.06,12792.57
2025-11-03,Product B,East,96,51036.33,6263.85
2025-11-03,Product B,West,142,92620.25,15852.6
2025-11-03,Product C,North,73,24793.82,5681.21
2025-11-03,Product C,South,52,18034.86,2750.1
2025-11-03,Product C,East,172,70161.98,16273.55
2025-11-03,Product C,West,145,71037.27,11968.69
2025-11-03,Product D,North,132,58469.21,10628.13
2025-11-03,Product D,South,176,73328.0,13467.31
2025-11-03,Product D,East,61,33044.87,4449.68
2025-11-03,Product D,West,53,27305.05,4109.89
2025-11-04,Product A,North,92,41129.74,9897.93
2025-11-04,Product A,South,50,19201.85,4765.92
2025-11-04,Product A,East,125,67638.32,9656.2
2025-11-04,Product A,West,49,25731.24,3778.39
2025-11-04,Product B,North,78,38185.97,6403.03
2025-11-04,Product B,South,146,79638.31,17373.3
2025-11-04,Product B,East,51,32788.29,4440.47
2025-11-04,Product B,West,49,28909.74,5936.62
2025-11-04,Product C,North,62,24967.47,5195.93
2025-11-04,Product C,South,113,35963.59,6696.41
2025-11-04,Product C,East,87,28121.24,6474.55
2025-11-04,Product C,West,160,72721.99,8765.08
2025-11-04,Product D,North,68,30695.86,5646.92
2025-11-04,Product D,South,109,47393.75,8298.08
2025-11-04,Product D,East,78,41919.11,8459.32
2025-11-04,Product D,West,104,62965.36,11843.74
2025-11-05,Product A,North,130,55347.06,11262.41
2025-11-05,Product A,South,144,48022.82,10201.89
2025-11-05,Product A,East,46,22098.01,5320.09
2025-11-05,Product A,West,131,63479.02,14092.11
2025-11-05,Product B,North,129,77008.02,18253.32
2025-11-05,Product B,South,165,84316.57,14628.13
2025-11-05,Product B,East,42,22995.91,5479.22
2025-11-05,Product B,West,174,131125.6,31148.52
2025-11-05,Product C,North,110,37043.47,6877.6
2025-11-05,Product C,South,66,25298.22,3709.65
2025-11-05,Product C,East,57,24753.86,5911.1
2025-11-05,Product C,West,175,77608.05,9339.81
2025-11-05,Product D,North,86,46294.93,10907.08
2025-11-05,Product D,South,118,53776.45,9648.81
2025-11-05,Product D,East,139,75263.95,9701.75
2025-11-05,Product D,West,154,87486.33,17844.33
2025-11-06,Product A,North,64,22653.74,3933.58
2025-11-06,Product A,South,176,70268.7,10864.78
2025-11-06,Product A,East,47,22743.75,3934.14
2025-11-06,Product A,West,122,63641.16,12411.98
2025-11-06,Product B,North,129,74038.62,10834.89
2025-11-06,Product B,South,174,74422.58,15676.49
2025-11-06,Product B,East,120,66253.62,10136.45
2025-11-06,Product B,West,117,72966.6,11552.08
2025-11-06,Product C,North,75,29667.22,3964.48
2025-11-06,Product C,South,160,55362.33,8293.45
2025-11-06,Product C,East,137,58707.69,7263.04
2025-11-06,Product C,West,148,68755.93,12417.52
2025-11-06,Product D,North,69,31138.31,5375.75
2025-11-06,Product D,South,109,41257.27,5709.28
2025-11-06,Product D,East,159,96922.71,11977.92
2025-11-06,Product D,West,141,93326.87,20563.39
2025-11-07,Product A,North,171,66522.0,15804.41
2025-11-07,Product A,South,166,62202.17,10272.03
2025-11-07,Product A,East,119,63929.32,13798.28
2025-11-07,Product A,West,123,63249.76,15789.47
2025-11-07,Product B,North,156,62881.44,14187.01
2025-11-07,Product B,South,63,36414.7,5108.99
2025-11-07,Product B,East,87,59926.62,7425.71
2025-11-07,Product B,West,60,39064.57,7515.03
2025-11-07,Product C,North,51,17911.75,3498.86
2025-11-07,Product C,South,107,35427.58,6131.14
2025-11-07,Product C,East,86,35275.41,5045.9
2025-11-07,Product C,West,111,48421.92,6514.06
2025-11-07,Product D,North,144,74738.35,17316.8
2025-11-07,Product D,South,159,78325.98,19559.19
2025-11-07,Product D,East,86,48835.92,8987.23
2025-11-07,Product D,West,110,70830.62,11220.59
2025-11-08,Product A,North,124,42785.65,9940.65
2025-11-08,Product A,South,71,21992.32,4102.54
2025-11-08,Product A,East,127,52838.29,7455.31
2025-11-08,Product A,West,129,58706.45,9362.5
2025-11-08,Product B,North,105,45632.66,10690.92
2025-11-08,Product B,South,170,65895.64,12181.43
2025-11-08,Product B,East,49,27090.44,3797.83
2025-11-08,Product B,West,149,71295.69,16724.55
2025-11-08,Product C,North,52,15273.31,2044.25
2025-11-08,Product C,South,135,38507.28,9523.54
2025-11-08,Product C,East,100,35129.34,6918.1
2025-11-08,Product C,West,57,20604.19,3312.63
2025-11-08,Product D,North,151,62869.0,12914.18
2025-11-08,Product D,South,116,41313.1,9174.2
2025-11-08,Product D,East,142,61307.2,11913.81
2025-11-08,Product D,West,170,82995.62,17891.32
2025-11-09,Product A,North,67,25301.78,4538.05
2025-11-09,Product A,South,95,33436.29,7474.49
2025-11-09,Product A,East,143,58890.13,13871.61
2025-11-09,Product A,West,172,90883.29,21002.17
2025-11-09,Product B,North,49,20071.28,3151.81
2025-11-09,Product B,South,154,64812.54,9322.89
2025-11-09,Product B,East,166,79780.83,18852.32
2025-11-09,Product B,West,170,95346.29,21205.27
2025-11-09,Product C,North,128,44827.81,10560.91
2025-11-09,Product C,South,68,20338.76,3800.69
2025-11-09,Product C,East,97,33177.71,4615.93
2025-11-09,Product C,West,138,52104.48,10092.06
2025-11-09,Product D,North,128,56052.0,12307.17
2025-11-09,Product D,South,126,51608.75,12829.66
2025-11-09,Product D,East,96,40942.05,5147.59
2025-11-09,Product D,West,46,21996.61,5249.02
2025-11-10,Product A,North,100,43173.33,7235.9
2025-11-10,Product A,South,100,40786.8,5677.78
2025-11-10,Product A,East,170,81241.33,15619.35
2025-11-10,Product A,West,58,30297.1,3920.68
2025-11-10,Product B,North,89,43370.19,8538.66
2025-11-10,Product B,South,144,66752.82,15561.68
2025-11-10,Product B,East,146,90384.1,18507.28
2025-11-10,Product B,West,96,69941.56,14784.37
2025-11-10,Product C,North,144,53636.36,12556.91
2025-11-10,Product C,South,68,23883.33,5898.03
2025-11-10,Product C,East,53,22523.64,4524.0
2025-11-10,Product C,West,142,70103.95,15336.79
2025-11-10,Product D,North,178,90182.65,16076.66
2025-11-10,Product D,South,59,28486.37,6591.78
2025-11-10,Product D,East,47,28307.47,6683.52
2025-11-10,Product D,West,51,29791.79,7268.63
2025-11-11,Product A,North,79,41299.3,8451.55
2025-11-11,Product A,South,89,39329.2,9028.0
2025-11-11,Product A,East,148,82812.42,20669.26
2025-11-11,Product A,West,120,65938.13,8229.65
2025-11-11,Product B,North,115,65502.07,10037.84
2025-11-11,Product B,South,98,48691.09,6226.55
2025-11-11,Product B,East,172,111185.3,20844.84
2025-11-11,Product B,West,76,47032.98,11005.87
2025-11-11,Product C,North,118,46448.54,6629.18
2025-11-11,Product C,South,88,27870.56,4438.86
2025-11-11,Product C,East,174,72262.83,16573.33
2025-11-11,Product C,West,68,33925.13,6625.02
2025-11-11,Product D,North,149,64707.33,9026.71
2025-11-11,Product D,South,122,50243.02,11851.54
2025-11-11,Product D,East,67,39921.23,5545.18
2025-11-11,Product D,West,131,81011.3,10328.94
2025-11-12,Product A,North,119,38443.66,6424.88
2025-11-12,Product A,South,66,29967.01,4949.14
2025-11-12,Product A,East,52,27568.38,6092.2
2025-11-12,Product A,West,153,89492.37,19799.21
2025-11-12,Product B,North,57,32570.16,7540.49
2025-11-12,Product B,South,117,55328.12,13589.42
2025-11-12,Product B,East,46,30413.97,6983.75
2025-11-12,Product B,West,172,108827.08,14812.69
2025-11-12,Product C,North,83,35868.03,8489.15
2025-11-12,Product C,South,159,64450.73,13883.87
2025-11-12,Product C,East,123,55159.6,9819.36
2025-11-12,Product C,West,127,71542.06,9278.83
2025-11-12,Product D,North,84,43951.25,10085.44
2025-11-12,Product D,South,136,63968.03,8378.67
2025-11-12,Product D,East,99,54555.72,12349.38
2025-11-12,Product D,West,87,48774.96,6899.11
2025-11-13,Product A,North,66,25171.93,6009.74
2025-11-13,Product A,South,86,35454.2,7492.33
2025-11-13,Product A,East,76,36895.2,6840.41
2025-11-13,Product A,West,71,41599.77,8081.73
2025-11-13,Product B,North,94,50553.34,8254.76
2025-11-13,Product B,South,148,70018.81,12897.27
2025-11-13,Product B,East,155,93434.63,17736.66
2025-11-13,Product B,West,115,80234.69,15129.93
2025-11-13,Product C,North,115,44802.13,6049.56
2025-11-13,Product C,South,121,39991.71,7546.37
2025-11-13,Product C,East,59,23485.86,5087.23
2025-11-13,Product C,West,179,78647.48,17330.88
2025-11-13,Product D,North,119,53935.24,10869.16
2025-11-13,Product D,South,171,70516.61,13469.41
2025-11-13,Product D,East,98,53892.11,6684.9
2025-11-13,Product D,West,121,70240.8,9130.22
2025-11-14,Product A,North,123,51352.18,12277.59
2025-11-14,Product A,South,124,53348.74,9055.67
2025-11-14,Product A,East,49,24405.75,3857.64
2025-11-14,Product A,West,162,79133.93,13601.78
2025-11-14,Product B,North,134,76398.93,12562.93
2025-11-14,Product B,South,135,63787.21,8339.03
2025-11-14,Product B,East,52,29322.55,4414.37
2025-11-14,Product B,West,157,105538.43,16402.28
2025-11-14,Product C,North,114,49881.08,6228.62
2025-11-14,Product C,South,147,51375.27,9042.15
2025-11-14,Product C,East,132,59796.97,10089.66
2025-11-14,Product C,West,175,76443.71,10690.36
2025-11-14,Product D,North,70,36845.9,4862.99
2025-11-14,Product D,South,131,57847.55,9487.38
2025-11-14,Product D,East,149,79320.11,18066.97
2025-11-14,Product D,West,142,97232.89,15035.06
2025-11-15,Product A,North,117,57004.83,10543.19
2025-11-15,Product A,South,96,32875.31,4573.8
2025-11-15,Product A,East,156,70898.93,10876.23
2025-11-15,Product A,West,173,82928.86,19460.11
2025-11-15,Product B,North,59,26181.03,4659.43
2025-11-15,Product B,South,49,18630.02,2689.26
2025-11-15,Product B,East,103,55458.25,8888.95
2025-11-15,Product B,West,60,35548.13,4923.11
2025-11-15,Product C,North,66,23480.94,4685.64
2025-11-15,Product C,South,79,22237.15,3404.76
2025-11-15,Product C,East,46,16737.31,2697.89
2025-11-15,Product C,West,50,19441.5,4207.35
2025-11-15,Product D,North,89,42397.58,7903.25
2025-11-15,Product D,South,58,25465.99,3449.56
2025-11-15,Product D,East,74,31619.87,6075.34
2025-11-15,Product D,West,134,62666.04,9472.56
2025-11-16,Product A,North,74,26507.61,5381.2
2025-11-16,Product A,South,138,44564.33,6339.34
2025-11-16,Product A,East,132,53477.2,7278.81
2025-11-16,Product A,West,75,29670.05,4408.85
2025-11-16,Product B,North,76,34617.2,6450.49
2025-11-16,Product B,South,146,62499.17,11584.91
2025-11-16,Product B,East,86,44181.17,8655.19
2025-11-16,Product B,West,41,22880.93,5453.26
2025-11-16,Product C,North,150,48500.26,8538.54
2025-11-16,Product C,South,166,47471.91,9614.87
2025-11-16,Product C,East,133,54183.56,12977.74
2025-11-16,Product C,West,148,65905.23,13909.89
2025-11-16,Product D,North,72,29087.36,5218.73
2025-11-16,Product D,South,90,34971.54,5779.9
2025-11-16,Product D,East,143,60543.8,14263.96
2025-11-16,Product D,West,69,30206.65,6774.91
2025-11-17,Product A,North,90,41403.4,6494.37
2025-11-17,Product A,South,166,66965.57,15332.64
2025-11-17,Product A,East,133,67111.49,15123.14
2025-11-17,Product A,West,54,29540.44,5053.53
2025-11-17,Product B,North,136,81272.28,15276.48
2025-11-17,Product B,South,130,67179.98,15617.9
2025-11-17,Product B,East,70,39449.87,6858.46
2025-11-17,Product B,West,114,69189.24,12923.71
2025-11-17,Product C,North,124,41900.84,9024.43
2025-11-17,Product C,South,109,31472.8,4128.03
2025-11-17,Product C,East,43,18250.0,3049.05
2025-11-17,Product C,West,55,24990.03,3950.36
2025-11-17,Product D,North,65,31167.29,4294.89
2025-11-17,Product D,South,90,42104.24,10167.98
2025-11-17,Product D,East,174,106357.45,23260.09
2025-11-17,Product D,West,113,74459.96,15631.32
2025-11-18,Product A,North,118,53654.47,13170.89
2025-11-18,Product A,South,83,32864.07,7256.65
2025-11-18,Product A,East,119,62922.01,10031.51
2025-11-18,Product A,West,63,34953.51,5248.11
2025-11-18,Product B,North,62,30150.18,3752.9
2025-11-18,Product B,South,156,77878.61,11053.49
2025-11-18,Product B,East,145,85177.84,12390.16
2025-11-18,Product B,West,78,43278.71,8913.66
2025-11-18,Product C,North,130,47999.05,8652.55
2025-11-18,Product C,South,115,34539.41,4622.99
2025-11-18,Product C,East,105,46935.46,5869.63
2025-11-18,Product C,West,130,66100.6,8702.6
2025-11-18,Product D,North,105,51412.49,9247.68
2025-11-18,Product D,South,138,64526.12,12006.46
2025-11-18,Product D,East,82,46178.21,6542.83
2025-11-18,Product D,West,129,84511.81,11718.31
2025-11-19,Product A,North,143,64821.13,7824.87
2025-11-19,Product A,South,106,39265.35,7067.0
2025-11-19,Product A,East,144,75784.89,9583.08
2025-11-19,Product A,West,111,62185.57,9162.15
2025-11-19,Product B,North,169,92159.2,15852.86
2025-11-19,Product B,South,167,76173.99,9685.76
2025-11-19,Product B,East,123,70912.08,14074.01
2025-11-19,Product B,West,158,103191.91,18466.76
2025-11-19,Product C,North,148,56318.72,7207.33
2025-11-19,Product C,South,48,14272.37,2090.75
2025-11-19,Product C,East,116,46395.4,6641.69
2025-11-19,Product C,West,114,54077.33,7966.11
2025-11-19,Product D,North,161,82282.34,19345.6
2025-11-19,Product D,South,53,22551.03,3506.34
2025-11-19,Product D,East,102,51380.09,10409.37
2025-11-19,Product D,West,107,75188.76,18702.79
2025-11-20,Product A,North,167,71037.85,9128.26
2025-11-20,Product A,South,42,17326.98,2386.76
2025-11-20,Product A,East,168,94115.18,12814.86
2025-11-20,Product A,West,43,25697.74,4095.22
2025-11-20,Product B,North,49,21452.7,3206.81
2025-11-20,Product B,South,136,57287.8,12245.42
2025-11-20,Product B,East,77,45386.72,9743.79
2025-11-20,Product B,West,76,49330.04,11479.17
2025-11-20,Product C,North,137,51611.72,9903.22
2025-11-20,Product C,South,121,36696.58,6682.45
2025-11-20,Product C,East,105,48828.8,6485.8
2025-11-20,Product C,West,102,50700.75,10390.25
2025-11-20,Product D,North,168,95294.86,13529.8
2025-11-20,Product D,South,62,27046.18,4055.32
2025-11-20,Product D,East,128,71308.93,11184.11
2025-11-20,Product D,West,63,37420.44,7639.94
2025-11-21,Product A,North,109,42978.94,5494.44
2025-11-21,Product A,South,84,37772.58,4994.51
2025-11-21,Product A,East,69,38102.38,5407.6
2025-11-21,Product A,West,122,69900.01,10822.63
2025-11-21,Product B,North,118,65686.95,14694.34
2025-11-21,Product B,South,173,90042.23,21018.5
2025-11-21,Product B,East,109,68679.4,13467.24
2025-11-21,Product B,West,157,114266.64,24645.21
2025-11-21,Product C,North,153,63049.89,8096.45
2025-11-21,Product C,South,72,26431.3,4949.15
2025-11-21,Product C,East,150,67993.06,15077.46
2025-11-21,Product C,West,142,63327.43,14648.38
2025-11-21,Product D,North,125,67212.9,10095.49
2025-11-21,Product D,South,127,58485.39,11737.13
2025-11-21,Product D,East,162,76469.38,12395.18
2025-11-21,Product D,West,158,87140.17,20433.91
2025-11-22,Product A,North,163,66281.77,16523.15
2025-11-22,Product A,South,152,58765.13,11880.31
2025-11-22,Product A,East,95,35723.54,7258.58
2025-11-22,Product A,West,67,33989.31,5900.37
2025-11-22,Product B,North,135,65732.75,10145.33
2025-11-22,Product B,South,164,74906.77,11881.73
2025-11-22,Product B,East,113,57076.76,11427.72
2025-11-22,Product B,West,161,89540.64,17568.09
2025-11-22,Product C,North,58,18816.26,2952.53
2025-11-22,Product C,South,173,52509.46,6835.88
2025-11-22,Product C,East,132,56170.45,9848.82
2025-11-22,Product C,West,71,28873.55,4446.52
2025-11-22,Product D,North,48,22903.83,4643.39
2025-11-22,Product D,South,58,22144.1,4057.6
2025-11-22,Product D,East,65,34954.77,6544.99
2025-11-22,Product D,West,116,60002.66,14450.67
2025-11-23,Product A,North,135,42879.18,6230.8
2025-11-23,Product A,South,145,52312.92,12780.96
2025-11-23,Product A,East,85,38174.69,8602.07
2025-11-23,Product A,West,104,52445.92,8971.98
2025-11-23,Product B,North,118,50082.65,11448.05
2025-11-23,Product B,South,155,62693.0,12062.92
2025-11-23,Product B,East,128,74838.93,11031.58
2025-11-23,Product B,West,93,60051.3,11743.78
2025-11-23,Product C,North,43,14222.61,2789.14
2025-11-23,Product C,South,120,36081.47,5029.48
2025-11-23,Product C,East,107,44550.12,8266.76
2025-11-23,Product C,West,177,82971.07,14997.82
2025-11-23,Product D,North,102,46114.99,11014.81
2025-11-23,Product D,South,64,24697.84,3308.55
2025-11-23,Product D,East,157,82863.49,19668.32
2025-11-23,Product D,West,95,44926.72,6562.37
2025-11-24,Product A,North,79,34336.17,5878.9
2025-11-24,Product A,South,151,54860.6,9461.88
2025-11-24,Product A,East,62,34785.43,5456.49
2025-11-24,Product A,West,159,79856.74,13533.73
2025-11-24,Product B,North,56,33913.82,7560.03
2025-11-24,Product B,South,128,65770.97,9672.8
2025-11-24,Product B,East,97,61658.5,8840.57
2025-11-24,Product B,West,59,38047.94,6222.55
2025-11-24,Product C,North,43,15919.69,3427.27
2025-11-24,Product C,South,55,21068.71,4183.79
2025-11-24,Product C,East,100,49379.69,12254.5
2025-11-24,Product C,West,64,27012.64,6351.51
2025-11-24,Product D,North,43,20913.66,4258.22
2025-11-24,Product D,South,176,82190.42,19897.26
2025-11-24,Product D,East,112,67189.15,8439.16
2025-11-24,Product D,West,177,100508.45,12410.65
2025-11-25,Product A,North,43,20580.51,3311.69
2025-11-25,Product A,South,151,67299.11,8766.0
2025-11-25,Product A,East,66,33800.33,4733.48
2025-11-25,Product A,West,121,65791.67,15995.31
2025-11-25,Product B,North,130,73009.83,10714.6
2025-11-25,Product B,South,67,34541.9,7329.46
2025-11-25,Product B,East,90,61120.11,9315.37
2025-11-25,Product B,West,107,81261.07,16619.98
2025-11-25,Product C,North,150,58578.22,11396.97
2025-11-25,Product C,South,128,41035.93,9862.16
2025-11-25,Product C,East,157,77709.9,11266.05
2025-11-25,Product C,West,93,47495.18,7136.01
2025-11-25,Product D,North,61,36640.68,8626.7
2025-11-25,Product D,South,81,33428.44,7384.06
2025-11-25,Product D,East,170,100768.53,22299.43
2025-11-25,Product D,West,144,102226.62,13488.41
2025-11-26,Product A,North,159,70612.71,16887.6
2025-11-26,Product A,South,59,26870.21,4548.05
2025-11-26,Product A,East,158,80947.95,19605.87
2025-11-26,Product A,West,82,37610.59,6193.66
2025-11-26,Product B,North,171,91635.89,16376.56
2025-11-26,Product B,South,85,37893.93,7285.33
2025-11-26,Product B,East,160,94440.78,12713.33
2025-11-26,Product B,West,52,29787.68,7017.9
2025-11-26,Product C,North,53,18821.36,2824.62
2025-11-26,Product C,South,171,71956.65,9998.69
2025-11-26,Product C,East,128,61228.48,8705.1
2025-11-26,Product C,West,101,48295.64,10387.96
2025-11-26,Product D,North,157,81523.77,14540.91
2025-11-26,Product D,South,84,34985.07,7164.37
2025-11-26,Product D,East,42,23282.1,5609.1
2025-11-26,Product D,West,78,50598.21,7786.59
2025-11-27,Product A,North,139,58610.83,12513.1
2025-11-27,Product A,South,110,47785.54,9538.26
2025-11-27,Product A,East,116,63014.6,12364.11
2025-11-27,Product A,West,155,81377.78,18982.45
2025-11-27,Product B,North,129,76811.03,9778.32
2025-11-27,Product B,South,155,83999.92,19380.98
2025-11-27,Product B,East,59,40048.24,9139.73
2025-11-27,Product B,West,101,66358.4,11599.84
2025-11-27,Product C,North,130,54273.06,8747.96
2025-11-27,Product C,South,178,63003.39,14207.52
2025-11-27,Product C,East,142,64934.38,13343.54
2025-11-27,Product C,West,175,84321.68,12043.45
2025-11-27,Product D,North,107,54795.71,11344.24
2025-11-27,Product D,South,169,69217.12,9518.52
2025-11-27,Product D,East,86,49751.2,7600.38
2025-11-27,Product D,West,105,70179.06,9447.71
2025-11-28,Product A,North,75,32565.52,4190.04
2025-11-28,Product A,South,127,55003.54,11602.1
2025-11-28,Product A,East,69,36780.74,5728.6
2025-11-28,Product A,West,161,85415.41,10771.29
2025-11-28,Product B,North,100,62888.54,11680.71
2025-11-28,Product B,South,42,22434.81,3152.04
2025-11-28,Product B,East,87,55058.38,12266.22
2025-11-28,Product B,West,102,75054.29,13253.02
2025-11-28,Product C,North,114,54162.13,9800.41
2025-11-28,Product C,South,102,35728.18,5498.63
2025-11-28,Product C,East,164,76472.32,14214.79
2025-11-28,Product C,West,165,88055.31,18254.27
2025-11-28,Product D,North,100,47557.98,6966.49
2025-11-28,Product D,South,154,66983.43,12832.48
2025-11-28,Product D,East,126,80742.4,19232.74
2025-11-28,Product D,West,116,70048.96,11879.73
2025-11-29,Product A,North,55,25423.72,3870.92
2025-11-29,Product A,South,161,62344.11,8028.92
2025-11-29,Product A,East,153,65356.7,8164.57
2025-11-29,Product A,West,157,81588.74,20145.56
2025-11-29,Product B,North,114,50849.58,8111.28
2025-11-29,Product B,South,152,63605.46,12997.72
2025-11-29,Product B,East,65,36202.17,6260.98
2025-11-29,Product B,West,62,36259.68,4869.12
2025-11-29,Product C,North,102,34390.34,4907.15
2025-11-29,Product C,South,75,26527.22,4079.68
2025-11-29,Product C,East,71,29681.03,5295.89
2025-11-29,Product C,West,114,37868.62,5040.02
2025-11-29,Product D,North,126,48596.79,9366.16
2025-11-29,Product D,South,165,69547.61,11614.47
2025-11-29,Product D,East,89,46757.16,8868.17
2025-11-29,Product D,West,84,45353.76,9497.18
2025-11-30,Product A,North,92,31904.26,4543.52
2025-11-30,Product A,South,111,36198.18,6705.56
2025-11-30,Product A,East,105,45909.18,8538.95
2025-11-30,Product A,West,132,64648.61,15546.08
2025-11-30,Product B,North,83,39001.71,6865.96
2025-11-30,Product B,South,57,19797.79,3921.45
2025-11-30,Product B,East,157,84018.14,12472.77
2025-11-30,Product B,West,120,70677.83,8637.74
2025-11-30,Product C,North,146,51079.59,6326.53
2025-11-30,Product C,South,60,17453.33,4260.1
2025-11-30,Product C,East,44,15678.06,3527.38
2025-11-30,Product C,West,98,38057.4,9126.14
2025-11-30,Product D,North,100,42779.59,9054.75
2025-11-30,Product D,South,138,44573.75,6402.2
2025-11-30,Product D,East,70,38897.08,6040.66
2025-11-30,Product D,West,113,66533.48,13350.35
2025-12-01,Product A,North,79,29568.29,5375.67
2025-12-01,Product A,South,88,37076.78,7910.6
2025-12-01,Product A,East,177,87955.49,19706.88
2025-12-01,Product A,West,140,86306.13,12582.51
2025-12-01,Product B,North,46,26425.62,4615.75
2025-12-01,Product B,South,113,54308.27,7072.83
2025-12-01,Product B,East,56,35816.81,6482.58
2025-12-01,Product B,West,132,95710.2,19721.6
2025-12-01,Product C,North,131,49433.64,11304.41
2025-12-01,Product C,South,114,35187.68,5070.26
2025-12-01,Product C,East,94,38844.73,4722.78
2025-12-01,Product C,West,160,75383.96,14565.38
2025-12-01,Product D,North,111,52512.1,8580.2
2025-12-01,Product D,South,48,22662.7,3763.72
2025-12-01,Product D,East,135,77393.61,11105.7
2025-12-01,Product D,West,82,51732.13,12268.05
2025-12-02,Product A,North,114,51515.57,8249.66
2025-12-02,Product A,South,168,80436.3,19916.84
2025-12-02,Product A,East,115,62423.53,9405.02
2025-12-02,Product A,West,74,37754.13,5249.65
2025-12-02,Product B,North,178,91185.84,22241.36
2025-12-02,Product B,South,90,41860.19,8927.17
2025-12-02,Product B,East,81,52825.1,11248.06
2025-12-02,Product B,West,162,110252.81,16380.03
2025-12-02,Product C,North,63,23392.39,4468.49
2025-12-02,Product C,South,118,40151.67,6485.77
2025-12-02,Product C,East,153,69007.03,11082.89
2025-12-02,Product C,West,145,69383.1,11769.6
2025-12-02,Product D,North,47,23741.17,5011.51
2025-12-02,Product D,South,175,92304.12,18034.94
2025-12-02,Product D,East,71,41121.59,6097.24
2025-12-02,Product D,West,116,75386.48,10037.6
2025-12-03,Product A,North,166,67636.56,9311.42
2025-12-03,Product A,South,90,38019.5,9091.55
2025-12-03,Product A,East,64,33490.67,7551.37
2025-12-03,Product A,West,88,48966.6,8610.51
2025-12-03,Product B,North,47,24223.62,4387.58
2025-12-03,Product B,South,53,26063.23,4377.33
2025-12-03,Product B,East,43,24585.43,4334.6
2025-12-03,Product B,West,106,63764.98,8691.42
2025-12-03,Product C,North,156,58156.65,7300.47
2025-12-03,Product C,South,120,46089.61,8838.75
2025-12-03,Product C,East,140,62112.54,14842.88
2025-12-03,Product C,West,145,70642.0,14864.93
2025-12-03,Product D,North,115,58056.31,14214.77
2025-12-03,Product D,South,158,71920.74,13632.29
2025-12-03,Product D,East,148,86341.84,18700.7
2025-12-03,Product D,West,49,37554.67,4805.72
2025-12-04,Product A,North,99,47127.91,8578.04
2025-12-04,Product A,South,130,50997.97,12466.32
2025-12-04,Product A,East,166,78770.71,15717.62
2025-12-04,Product A,West,54,32325.63,7166.14
2025-12-04,Product B,North,118,70731.4,13130.58
2025-12-04,Product B,South,119,73076.66,11299.37
2025-12-04,Product B,East,98,56223.44,8345.04
2025-12-04,Product B,West,120,93983.68,14550.69
2025-12-04,Product C,North,179,70240.82,14159.66
2025-12-04,Product C,South,128,47074.96,7076.74
2025-12-04,Product C,East,102,41143.76,8363.74
2025-12-04,Product C,West,110,58891.21,7380.92
2025-12-04,Product D,North,110,52360.86,9351.86
2025-12-04,Product D,South,82,41354.23,8961.86
2025-12-04,Product D,East,80,43631.35,8472.28
2025-12-04,Product D,West,112,72107.69,13351.94
2025-12-05,Product A,North,158,68820.5,11310.57
2025-12-05,Product A,South,101,38574.3,6784.07
2025-12-05,Product A,East,132,73913.8,16182.14
2025-12-05,Product A,West,136,78570.76,15608.53
2025-12-05,Product B,North,102,60265.13,12180.82
2025-12-05,Product B,South,136,64938.45,8836.51
2025-12-05,Product B,East,95,62552.27,13964.23
2025-12-05,Product B,West,80,54822.22,7259.71
2025-12-05,Product C,North,70,28553.39,6265.35
2025-12-05,Product C,South,74,22673.06,5652.83
2025-12-05,Product C,East,144,70402.1,16316.79
2025-12-05,Product C,West,60,29497.81,5474.35
2025-12-05,Product D,North,144,68159.76,15720.14
2025-12-05,Product D,South,135,61651.5,7655.43
2025-12-05,Product D,East,49,28150.5,5724.98
2025-12-05,Product D,West,138,87578.27,10973.83
2025-12-06,Product A,North,128,50187.98,8568.17
2025-12-06,Product A,South,169,55125.48,8483.37
2025-12-06,Product A,East,122,57337.79,13260.59
2025-12-06,Product A,West,90,45092.66,6563.99
2025-12-06,Product B,North,121,51786.12,10021.13
2025-12-06,Product B,South,154,58524.81,7901.65
2025-12-06,Product B,East,55,28026.78,4099.37
2025-12-06,Product B,West,47,28440.93,7024.0
2025-12-06,Product C,North,158,56864.21,7004.55
2025-12-06,Product C,South,162,49372.54,5992.31
2025-12-06,Product C,East,62,22644.33,2844.9
2025-12-06,Product C,West,160,65585.87,12578.75
2025-12-06,Product D,North,170,82805.99,15485.48
2025-12-06,Product D,South,82,27968.61,4403.75
2025-12-06,Product D,East,51,24013.1,2883.2
2025-12-06,Product D,West,54,29692.4,5772.83
2025-12-07,Product A,North,169,59643.84,8371.82
2025-12-07,Product A,South,107,35490.26,5108.39
2025-12-07,Product A,East,135,59572.67,10727.45
2025-12-07,Product A,West,130,61436.02,12166.33
2025-12-07,Product B,North,63,31126.03,6408.62
2025-12-07,Product B,South,45,19485.01,4858.48
2025-12-07,Product B,East,161,85918.12,18282.97
2025-12-07,Product B,West,50,27546.02,6700.06
2025-12-07,Product C,North,40,13528.19,3152.16
2025-12-07,Product C,South,96,29730.67,3738.37
2025-12-07,Product C,East,45,20480.53,4451.2
2025-12-07,Product C,West,164,83109.55,18204.57
2025-12-07,Product D,North,135,58745.12,12397.77
2025-12-07,Product D,South,132,57652.6,13032.46
2025-12-07,Product D,East,168,71244.85,10775.83
2025-12-07,Product D,West,62,35835.82,8093.15
2025-12-08,Product A,North,82,42017.14,7768.68
2025-12-08,Product A,South,124,49734.28,8016.78
2025-12-08,Product A,East,97,58327.78,13469.75
2025-12-08,Product A,West,105,62634.54,10439.16
2025-12-08,Product B,North,127,65397.66,15471.84
2025-12-08,Product B,South,141,64539.76,12969.54
2025-12-08,Product B,East,92,63328.57,13935.73
2025-12-08,Product B,West,98,66566.49,10608.49
2025-12-08,Product C,North,107,42058.42,10313.02
2025-12-08,Product C,South,96,37466.59,5170.06
2025-12-08,Product C,East,80,35929.55,7919.26
2025-12-08,Product C,West,50,27092.77,5724.91
2025-12-08,Product D,North,59,30257.92,6427.09
2025-12-08,Product D,South,53,22527.43,5373.93
2025-12-08,Product D,East,64,41455.27,5174.19
2025-12-08,Product D,West,49,30852.36,5796.93
2025-12-09,Product A,North,61,28679.03,6223.48
2025-12-09,Product A,South,74,30009.24,5717.23
2025-12-09,Product A,East,133,82426.68,17688.4
2025-12-09,Product A,West,149,87757.07,14772.02
2025-12-09,Product B,North,126,63306.83,15716.91
2025-12-09,Product B,South,154,85729.25,16114.95
2025-12-09,Product B,East,145,91841.69,14609.62
2025-12-09,Product B,West,116,84219.42,12527.26
2025-12-09,Product C,North,146,66865.03,13434.87
2025-12-09,Product C,South,58,19745.59,3144.53
2025-12-09,Product C,East,65,31699.53,4913.74
2025-12-09,Product C,West,175,94514.94,16543.83
2025-12-09,Product D,North,73,38495.25,5505.84
2025-12-09,Product D,South,58,29840.31,7154.87
2025-12-09,Product D,East,119,63907.37,8321.38
2025-12-09,Product D,West,61,42895.65,7390.08
2025-12-10,Product A,North,130,61495.93,11786.64
2025-12-10,Product A,South,124,53263.56,11953.1
2025-12-10,Product A,East,162,91900.53,15993.48
2025-12-10,Product A,West,178,99628.57,24121.73
2025-12-10,Product B,North,108,57719.0,12406.9
2025-12-10,Product B,South,156,80480.41,11493.17
2025-12-10,Product B,East,165,100192.17,24881.34
2025-12-10,Product B,West,52,35592.74,4791.42
2025-12-10,Product C,North,61,25060.63,3587.09
2025-12-10,Product C,South,56,19329.49,4431.22
2025-12-10,Product C,East,61,26358.53,6278.83
2025-12-10,Product C,West,129,70041.64,16923.68
2025-12-10,Product D,North,46,23968.87,3921.87
2025-12-10,Product D,South,141,65401.05,12921.97
2025-12-10,Product D,East,159,104333.86,18546.68
2025-12-10,Product D,West,41,26024.61,5175.68
2025-12-11,Product A,North,93,40492.57,5114.76
2025-12-11,Product A,South,78,35764.16,6692.96
2025-12-11,Product A,East,145,76322.82,12870.5
2025-12-11,Product A,West,116,71519.78,17770.15
2025-12-11,Product B,North,60,32411.06,4358.94
2025-12-11,Product B,South,145,77452.47,14353.78
2025-12-11,Product B,East,120,70319.09,11896.06
2025-12-11,Product B,West,99,67808.72,11685.61
2025-12-11,Product C,North,130,57356.59,8136.7
2025-12-11,Product C,South,66,21325.94,5253.72
2025-12-11,Product C,East,102,43476.8,7587.21
2025-12-11,Product C,West,75,32212.45,8027.26
2025-12-11,Product D,North,95,51765.15,8104.22
2025-12-11,Product D,South,144,70038.31,11972.09
2025-12-11,Product D,East,76,42078.0,7198.83
2025-12-11,Product D,West,175,120108.51,20496.14
2025-12-12,Product A,North,109,56604.31,9000.28
2025-12-12,Product A,South,106,43200.53,8373.55
2025-12-12,Product A,East,177,95480.6,15872.49
2025-12-12,Product A,West,139,78291.49,9960.44
2025-12-12,Product B,North,86,49206.01,9754.33
2025-12-12,Product B,South,107,48814.75,6028.03
2025-12-12,Product B,East,76,43016.17,5396.33
2025-12-12,Product B,West,99,76944.09,15975.93
2025-12-12,Product C,North,116,44188.72,7482.33
2025-12-12,Product C,South,119,46220.6,11523.48
2025-12-12,Product C,East,70,33238.34,7674.61
2025-12-12,Product C,West,166,77173.16,15731.6
2025-12-12,Product D,North,125,69000.59,15104.88
2025-12-12,Product D,South,161,79551.54,19034.68
2025-12-12,Product D,East,148,94951.78,22335.8
2025-12-12,Product D,West,128,84818.27,16937.53
2025-12-13,Product A,North,161,57651.07,14015.19
2025-12-13,Product A,South,163,61041.61,12838.59
2025-12-13,Product A,East,75,35559.67,5769.52
2025-12-13,Product A,West,42,23304.62,5657.66
2025-12-13,Product B,North,148,81145.72,18756.52
2025-12-13,Product B,South,95,42803.91,9749.19
2025-12-13,Product B,East,118,62173.38,15502.58
2025-12-13,Product B,West,53,33059.79,8030.72
2025-12-13,Product C,North,48,15638.78,3014.07
2025-12-13,Product C,South,42,12489.07,2110.69
2025-12-13,Product C,East,75,27488.77,4556.76
2025-12-13,Product C,West,82,35851.4,5117.37
2025-12-13,Product D,North,86,40441.7,6585.57
2025-12-13,Product D,South,167,66870.19,13449.63
2025-12-13,Product D,East,104,58481.85,13382.41
2025-12-13,Product D,West,72,36256.71,7626.65
2025-12-14,Product A,North,140,55784.33,8318.07
2025-12-14,Product A,South,160,54122.62,9859.79
2025-12-14,Product A,East,149,76745.9,15961.86
2025-12-14,Product A,West,63,33994.01,8154.56
2025-12-14,Product B,North,120,53278.13,8000.81
2025-12-14,Product B,South,44,17304.91,3235.41
2025-12-14,Product B,East,161,91565.6,20803.3
2025-12-14,Product B,West,55,33023.46,4435.18
2025-12-14,Product C,North,102,33873.04,6882.39
2025-12-14,Product C,South,115,35362.75,6877.76
2025-12-14,Product C,East,125,49728.31,8404.91
2025-12-14,Product C,West,164,68359.84,13219.43
2025-12-14,Product D,North,43,20557.37,4234.03
2025-12-14,Product D,South,140,48836.02,7217.7
2025-12-14,Product D,East,178,89277.78,21003.44
2025-12-14,Product D,West,103,57858.07,7300.68
2025-12-15,Product A,North,166,88568.66,19144.63
2025-12-15,Product A,South,154,70255.14,12579.79
2025-12-15,Product A,East,156,84687.51,17905.49
2025-12-15,Product A,West,134,78452.73,12820.45
2025-12-15,Product B,North,134,71967.03,17025.1
2025-12-15,Product B,South,76,35709.97,7028.58
2025-12-15,Product B,East,83,51042.52,8949.55
2025-12-15,Product B,West,167,126012.0,31321.49
2025-12-15,Product C,North,82,34158.37,5736.56
2025-12-15,Product C,South,150,59643.15,12261.91
2025-12-15,Product C,East,71,34035.36,5198.02
2025-12-15,Product C,West,149,66849.07,15605.57
2025-12-15,Product D,North,139,62776.56,15531.02
2025-12-15,Product D,South,177,84380.42,18283.01
2025-12-15,Product D,East,151,92095.55,19204.35
2025-12-15,Product D,West,84,48261.59,10662.42
2025-12-16,Product A,North,46,21724.06,5272.72
2025-12-16,Product A,South,132,56661.86,7273.1
2025-12-16,Product A,East,108,56659.68,10120.36
2025-12-16,Product A,West,101,61192.41,8505.17
2025-12-16,Product B,North,146,78290.85,18690.4
2025-12-16,Product B,South,67,33783.42,4521.2
2025-12-16,Product B,East,159,97411.64,23895.41
2025-12-16,Product B,West,78,54495.51,11594.9
2025-12-16,Product C,North,125,46585.94,10885.83
2025-12-16,Product C,South,169,71136.65,13972.04
2025-12-16,Product C,East,67,31382.72,4494.78
2025-12-16,Product C,West,128,64000.81,14654.06
2025-12-16,Product D,North,144,73667.16,11290.44
2025-12-16,Product D,South,121,70198.79,14447.0
2025-12-16,Product D,East,53,32708.71,7425.8
2025-12-16,Product D,West,118,83834.43,13406.24
2025-12-17,Product A,North,57,29156.34,6197.32
2025-12-17,Product A,South,85,35836.92,4753.88
2025-12-17,Product A,East,76,39157.38,5772.61
2025-12-17,Product A,West,161,90660.01,14475.39
2025-12-17,Product B,North,67,39857.07,6136.82
2025-12-17,Product B,South,47,20348.71,2639.27
2025-12-17,Product B,East,129,88702.78,14341.89
2025-12-17,Product B,West,59,42006.13,7552.61
2025-12-17,Product C,North,75,29865.66,6807.24
2025-12-17,Product C,South,165,57179.13,10371.08
2025-12-17,Product C,East,145,72652.44,17175.53
2025-12-17,Product C,West,137,63872.94,12318.12
2025-12-17,Product D,North,48,24900.32,5618.17
2025-12-17,Product D,South,67,36282.88,8998.55
2025-12-17,Product D,East,152,95143.68,12238.67
2025-12-17,Product D,West,147,87256.45,17867.0
2025-12-18,Product A,North,82,39613.36,9557.84
2025-12-18,Product A,South,94,47526.37,11381.77
2025-12-18,Product A,East,47,27373.09,4674.27
2025-12-18,Product A,West,99,59083.95,10348.91
2025-12-18,Product B,North,95,54732.32,8328.0
2025-12-18,Product B,South,95,51483.87,6367.7
2025-12-18,Product B,East,162,113618.76,16244.13
2025-12-18,Product B,West,70,39977.02,4954.04
2025-12-18,Product C,North,126,50324.72,6457.42
2025-12-18,Product C,South,110,41507.11,9146.57
2025-12-18,Product C,East,110,54769.28,8738.04
2025-12-18,Product C,West,94,39420.03,8556.74
2025-12-18,Product D,North,98,53675.93,11725.91
2025-12-18,Product D,South,166,70942.05,12953.54
2025-12-18,Product D,East,66,36923.24,9084.84
2025-12-18,Product D,West,80,50111.85,8916.74
2025-12-19,Product A,North,54,23660.89,5093.47
2025-12-19,Product A,South,87,44465.45,7541.29
2025-12-19,Product A,East,111,62640.24,7641.81
2025-12-19,Product A,West,99,55734.83,11107.17
2025-12-19,Product B,North,91,46478.89,6741.29
2025-12-19,Product B,South,160,90125.58,12672.5
2025-12-19,Product B,East,84,56276.33,9740.96
2025-12-19,Product B,West,58,39843.51,9711.2
2025-12-19,Product C,North,174,75335.7,13702.61
2025-12-19,Product C,South,67,24818.47,3167.82
2025-12-19,Product C,East,79,30543.49,7434.3
2025-12-19,Product C,West,115,47012.89,8357.37
2025-12-19,Product D,North,134,62458.64,15333.05
2025-12-19,Product D,South,41,19009.23,4147.18
2025-12-19,Product D,East,91,56771.78,10816.5
2025-12-19,Product D,West,91,59441.02,11251.58
2025-12-20,Product A,North,115,45375.99,9792.39
2025-12-20,Product A,South,158,53546.16,11702.33
2025-12-20,Product A,East,154,73957.48,17837.21
2025-12-20,Product A,West,42,20400.18,2770.49
2025-12-20,Product B,North,93,50163.88,9576.28
2025-12-20,Product B,South,132,52813.53,10037.82
2025-12-20,Product B,East,171,100834.27,18241.31
2025-12-20,Product B,West,149,88567.53,20833.49
2025-12-20,Product C,North,100,34262.66,4829.3
2025-12-20,Product C,South,50,14897.97,2361.95
2025-12-20,Product C,East,103,42317.8,9887.03
2025-12-20,Product C,West,160,65997.07,10638.57
2025-12-20,Product D,North,124,59053.29,14685.0
2025-12-20,Product D,South,120,51184.59,11605.89
2025-12-20,Product D,East,63,31645.15,5741.55
2025-12-20,Product D,West,60,34077.05,5804.14
2025-12-21,Product A,North,136,54419.55,11135.47
2025-12-21,Product A,South,63,23317.35,4294.98
2025-12-21,Product A,East,175,83711.91,12073.66
2025-12-21,Product A,West,170,77365.52,16833.7
2025-12-21,Product B,North,47,21783.55,5313.3
2025-12-21,Product B,South,146,64260.45,8259.29
2025-12-21,Product B,East,173,87316.5,21084.5
2025-12-21,Product B,West,146,93892.13,12032.56
2025-12-21,Product C,North,149,51012.45,10381.5
2025-12-21,Product C,South,133,46664.81,6466.51
2025-12-21,Product C,East,155,58524.59,14418.51
2025-12-21,Product C,West,64,28346.12,5336.88
2025-12-21,Product D,North,43,18361.49,3011.18
2025-12-21,Product D,South,69,29598.07,4174.08
2025-12-21,Product D,East,88,43883.65,5508.34
2025-12-21,Product D,West,169,93418.02,12122.71
2025-12-22,Product A,North,68,32361.47,7206.0
2025-12-22,Product A,South,58,22340.05,4259.27
2025-12-22,Product A,East,125,78937.92,10450.61
2025-12-22,Product A,West,172,109527.79,18366.46
2025-12-22,Product B,North,97,54420.64,7370.04
2025-12-22,Product B,South,62,36720.0,5158.48
2025-12-22,Product B,East,111,75342.42,12475.89
2025-12-22,Product B,West,147,110273.26,13642.97
2025-12-22,Product C,North,75,30428.43,7136.17
2025-12-22,Product C,South,56,22847.77,3989.64
2025-12-22,Product C,East,136,57870.65,11279.5
2025-12-22,Product C,West,62,33342.79,4381.52
2025-12-22,Product D,North,51,28372.68,5575.36
2025-12-22,Product D,South,57,27898.52,3599.42
2025-12-22,Product D,East,133,90539.55,11354.55
2025-12-22,Product D,West,172,123295.31,27322.92
2025-12-23,Product A,North,51,23192.98,3381.32
2025-12-23,Product A,South,132,61556.74,13729.44
2025-12-23,Product A,East,121,60657.36,14219.13
2025-12-23,Product A,West,173,97033.76,16102.75
2025-12-23,Product B,North,135,85777.7,16256.17
2025-12-23,Product B,South,55,31405.14,7669.96
2025-12-23,Product B,East,154,102044.24,24885.44
2025-12-23,Product B,West,170,121050.82,27367.4
2025-12-23,Product C,North,105,38545.79,8019.8
2025-12-23,Product C,South,143,49823.13,10565.09
2025-12-23,Product C,East,132,56653.47,9954.05
2025-12-23,Product C,West,101,48004.03,8601.46
2025-12-23,Product D,North,59,34188.95,6466.8
2025-12-23,Product D,South,176,84002.81,11982.06
2025-12-23,Product D,East,67,41189.62,9592.86
2025-12-23,Product D,West,41,28177.65,6609.39
2025-12-24,Product A,North,138,66754.12,8299.58
2025-12-24,Product A,South,90,39792.05,8390.92
2025-12-24,Product A,East,116,67513.82,12881.61
2025-12-24,Product A,West,49,27002.83,5125.14
2025-12-24,Product B,North,56,30963.02,6482.84
2025-12-24,Product B,South,157,89665.88,20203.78
2025-12-24,Product B,East,101,58941.48,11334.81
2025-12-24,Product B,West,151,94413.17,14398.96
2025-12-24,Product C,North,107,46167.09,7122.32
2025-12-24,Product C,South,131,44145.35,9443.5
2025-12-24,Product C,East,114,51593.51,7009.57
2025-12-24,Product C,West,121,71502.48,14787.0
2025-12-24,Product D,North,117,62869.22,8142.41
2025-12-24,Product D,South,140,55113.7,13514.79
2025-12-24,Product D,East,120,71407.33,10294.0
2025-12-24,Product D,West,93,59278.17,13398.26
2025-12-25,Product A,North,125,61619.85,9943.76
2025-12-25,Product A,South,47,20036.95,3644.15
2025-12-25,Product A,East,102,60930.03,15225.24
2025-12-25,Product A,West,177,111404.61,25643.54
2025-12-25,Product B,North,160,95006.1,18886.31
2025-12-25,Product B,South,135,64015.45,10060.53
2025-12-25,Product B,East,178,118820.96,15575.24
2025-12-25,Product B,West,40,26609.92,5993.09
2025-12-25,Product C,North,50,19557.43,4317.25
2025-12-25,Product C,South,67,24740.18,3332.59
2025-12-25,Product C,East,114,50390.11,7098.02
2025-12-25,Product C,West,145,77260.48,14870.03
2025-12-25,Product D,North,44,25134.33,6058.36
2025-12-25,Product D,South,131,60653.36,9114.93
2025-12-25,Product D,East,146,102030.7,23880.2
2025-12-25,Product D,West,149,98315.97,13077.61
2025-12-26,Product A,North,105,49160.06,12067.44
2025-12-26,Product A,South,129,60106.71,11664.92
2025-12-26,Product A,East,152,98313.08,20611.12
2025-12-26,Product A,West,134,74769.52,14739.51
2025-12-26,Product B,North,42,26412.46,3645.58
2025-12-26,Product B,South,75,38895.2,8846.58
2025-12-26,Product B,East,92,65108.34,14088.34
2025-12-26,Product B,West,105,80188.9,15301.97
2025-12-26,Product C,North,83,31251.34,6696.04
2025-12-26,Product C,South,53,20856.59,4043.16
2025-12-26,Product C,East,90,36634.41,4669.98
2025-12-26,Product C,West,48,25570.69,4953.86
2025-12-26,Product D,North,146,72526.09,11529.88
2025-12-26,Product D,South,108,50658.05,6634.21
2025-12-26,Product D,East,150,95820.63,18184.65
2025-12-26,Product D,West,166,116569.59,14764.74
2025-12-27,Product A,North,158,58365.16,9928.73
2025-12-27,Product A,South,141,57686.15,11079.97
2025-12-27,Product A,East,101,45238.21,5984.43
2025-12-27,Product A,West,118,53920.59,10483.61
2025-12-27,Product B,North,71,31581.77,5691.87
2025-12-27,Product B,South,134,60472.24,13556.54
2025-12-27,Product B,East,84,47046.74,11148.4
2025-12-27,Product B,West,84,51048.01,9882.91
2025-12-27,Product C,North,143,54906.56,7148.14
2025-12-27,Product C,South,177,52540.99,10241.75
2025-12-27,Product C,East,120,43215.68,10142.15
2025-12-27,Product C,West,44,19530.67,4857.56
2025-12-27,Product D,North,48,21400.5,3670.17
2025-12-27,Product D,South,122,51144.01,8054.15
2025-12-27,Product D,East,175,100150.47,20078.43
2025-12-27,Product D,West,164,96496.84,23479.51
2025-12-28,Product A,North,73,29384.39,5096.78
2025-12-28,Product A,South,130,49616.67,7022.63
2025-12-28,Product A,East,43,21908.42,2754.26
2025-12-28,Product A,West,55,26548.23,3920.92
2025-12-28,Product B,North,177,99607.71,21689.72
2025-12-28,Product B,South,125,60028.24,12290.22
2025-12-28,Product B,East,161,76081.53,17016.99
2025-12-28,Product B,West,159,103341.16,13286.23
2025-12-28,Product C,North,145,49559.81,7326.3
2025-12-28,Product C,South,67,18453.42,2847.32
2025-12-28,Product C,East,43,17643.04,2843.94
2025-12-28,Product C,West,135,61827.97,10369.64
2025-12-28,Product D,North,132,61434.41,13752.1
2025-12-28,Product D,South,143,52968.66,13157.33
2025-12-28,Product D,East,56,29688.09,6902.05
2025-12-28,Product D,West,110,57265.33,12593.65
2025-12-29,Product A,North,97,51848.81,6754.72
2025-12-29,Product A,South,60,22094.33,5033.08
2025-12-29,Product A,East,53,31109.98,4554.51
2025-12-29,Product A,West,55,34890.58,4494.38
2025-12-29,Product B,North,79,48352.23,6658.21
2025-12-29,Product B,South,168,86351.58,21254.56
2025-12-29,Product B,East,178,124159.35,28220.9
2025-12-29,Product B,West,60,45875.47,8577.84
2025-12-29,Product C,North,58,25536.17,4991.91
2025-12-29,Product C,South,63,26139.54,4532.2
2025-12-29,Product C,East,120,58086.19,13206.21
2025-12-29,Product C,West,162,87156.12,12031.55
2025-12-29,Product D,North,68,36622.9,8003.11
2025-12-29,Product D,South,48,27021.47,3540.95
2025-12-29,Product D,East,76,48778.96,10660.96
2025-12-29,Product D,West,109,72452.13,9216.4
2025-12-30,Product A,North,68,35592.7,7727.56
2025-12-30,Product A,South,85,36462.62,6439.51
2025-12-30,Product A,East,144,87739.98,11424.29
2025-12-30,Product A,West,81,38447.73,6403.54
2025-12-30,Product B,North,145,87325.74,19358.7
2025-12-30,Product B,South,105,57595.01,10033.08
2025-12-30,Product B,East,117,76400.95,15468.0
2025-12-30,Product B,West,67,49768.99,11254.39
2025-12-30,Product C,North,112,45592.93,10550.98
2025-12-30,Product C,South,108,40005.63,8060.63
2025-12-30,Product C,East,150,79527.76,16891.46
2025-12-30,Product C,West,137,64297.3,10982.2
2025-12-30,Product D,North,119,56783.66,13065.77
2025-12-30,Product D,South,158,70341.69,16720.62
2025-12-30,Product D,East,68,43326.28,9662.44
2025-12-30,Product D,West,94,78413.07,13196.82
2025-12-31,Product A,North,167,84206.51,16352.96
2025-12-31,Product A,South,97,47473.55,10356.11
2025-12-31,Product A,East,124,67756.88,16031.59
2025-12-31,Product A,West,167,123756.64,30021.08
2025-12-31,Product B,North,113,64789.97,10319.17
2025-12-31,Product B,South,63,38755.87,6544.7
2025-12-31,Product B,East,107,83828.03,18049.88
2025-12-31,Product B,West,159,107569.13,14164.94
2025-12-31,Product C,North,169,72729.72,12027.51
2025-12-31,Product C,South,109,41674.91,5550.05
2025-12-31,Product C,East,108,53424.48,12443.16
2025-12-31,Product C,West,136,68447.16,15879.71
2025-12-31,Product D,North,66,32689.98,5842.11
2025-12-31,Product D,South,64,28155.57,3432.22
2025-12-31,Product D,East,103,71728.74,13705.97
2025-12-31,Product D,West,137,84840.63,12817.8
